symbol,sweep_time,confirm_time,dir,fill_time,fill_price,stop,target_tp1,target_tp2,exit_time,exit_price,outcome,R,banked_r,is_asian_sweep,has_smt,is_moex,month,year,cal_month,quarter
SOL/USDT,2024-06-17 06:50:00,2024-06-17 07:25:00,LONG,2024-06-17 07:43:00,146.63,146.0501,147.2099,147.5684,2024-06-17 08:22:00,146.7473,BE_STOP,0.298,0.5,True,False,False,2024-06,2024,6,Q2
SOL/USDT,2024-06-17 14:35:00,2024-06-17 14:55:00,SHORT,2024-06-17 15:02:00,143.875,144.8358,142.9142,142.3204,2024-06-17 15:34:00,142.3204,GRID_B_FULL_TP,1.189,1.309,True,False,False,2024-06,2024,6,Q2
SOL/USDT,2024-06-24 14:05:00,2024-06-24 14:15:00,SHORT,2024-06-24 14:36:00,129.115,130.1437,128.0863,127.4506,2024-06-24 15:36:00,127.4506,GRID_B_FULL_TP,1.209,1.309,True,False,False,2024-06,2024,6,Q2
SOL/USDT,2024-06-25 12:50:00,2024-06-25 13:10:00,LONG,2024-06-25 13:31:00,137.055,136.2844,137.8256,138.3018,2024-06-25 14:20:00,138.3018,GRID_B_FULL_TP,1.167,1.309,True,False,False,2024-06,2024,6,Q2
SOL/USDT,2024-06-30 07:10:00,2024-06-30 07:50:00,SHORT,2024-06-30 08:01:00,140.73,141.2111,140.2489,139.9516,2024-06-30 08:06:00,141.2111,INITIAL_STOP,-1.234,0.0,True,False,False,2024-06,2024,6,Q2
SOL/USDT,2024-07-05 16:25:00,2024-07-05 16:55:00,SHORT,2024-07-05 17:17:00,135.0,136.7825,133.2175,132.1159,2024-07-06 00:33:00,136.7825,INITIAL_STOP,-1.061,0.0,True,False,False,2024-07,2024,7,Q3
SOL/USDT,2024-07-08 10:55:00,2024-07-08 11:30:00,LONG,2024-07-08 11:58:00,140.335,137.6095,143.0605,144.7449,2024-07-08 14:28:00,137.6095,INITIAL_STOP,-1.041,0.0,True,False,False,2024-07,2024,7,Q3
SOL/USDT,2024-07-08 14:25:00,2024-07-08 14:45:00,LONG,2024-07-08 15:41:00,137.265,136.5041,138.0259,138.4961,2024-07-08 15:53:00,137.3748,BE_STOP,0.356,0.5,True,False,False,2024-07,2024,7,Q3
SOL/USDT,2024-07-16 06:55:00,2024-07-16 07:10:00,LONG,2024-07-16 07:19:00,155.01,153.4475,156.5725,157.5381,2024-07-16 08:20:00,153.4475,INITIAL_STOP,-1.079,0.0,True,False,False,2024-07,2024,7,Q3
SOL/USDT,2024-07-16 14:00:00,2024-07-16 14:15:00,LONG,2024-07-16 14:22:00,155.42,154.4869,156.3531,156.9298,2024-07-16 15:10:00,156.9298,GRID_B_FULL_TP,1.176,1.309,True,False,False,2024-07,2024,7,Q3
SOL/USDT,2024-08-02 21:40:00,2024-08-02 22:15:00,SHORT,2024-08-02 22:29:00,154.145,154.7712,153.5188,153.1318,2024-08-02 22:33:00,153.1318,GRID_B_FULL_TP,1.112,1.309,True,False,False,2024-08,2024,8,Q3
SOL/USDT,2024-08-03 21:35:00,2024-08-03 22:20:00,SHORT,2024-08-03 22:31:00,142.71,143.5541,141.8659,141.3443,2024-08-03 23:19:00,143.5541,INITIAL_STOP,-1.135,0.0,True,False,False,2024-08,2024,8,Q3
SOL/USDT,2024-08-09 12:50:00,2024-08-09 13:55:00,LONG,2024-08-09 14:28:00,154.595,154.1681,155.0219,155.2857,2024-08-09 14:29:00,154.1681,INITIAL_STOP,-1.29,0.0,True,False,False,2024-08,2024,8,Q3
SOL/USDT,2024-08-17 13:05:00,2024-08-17 13:35:00,SHORT,2024-08-17 13:48:00,140.025,140.92,139.13,138.5768,2024-08-17 14:37:00,140.92,INITIAL_STOP,-1.125,0.0,True,False,False,2024-08,2024,8,Q3
SOL/USDT,2024-08-19 13:15:00,2024-08-19 13:55:00,SHORT,2024-08-19 14:55:00,143.325,144.645,142.005,141.1893,2024-08-19 17:24:00,144.645,INITIAL_STOP,-1.087,0.0,True,False,False,2024-08,2024,8,Q3
SOL/USDT,2024-08-21 14:10:00,2024-08-21 14:50:00,SHORT,2024-08-21 15:45:00,140.685,142.731,138.639,137.3745,2024-08-21 18:26:00,142.731,INITIAL_STOP,-1.055,0.0,True,False,False,2024-08,2024,8,Q3
SOL/USDT,2024-08-24 21:05:00,2024-08-24 21:15:00,LONG,2024-08-24 21:23:00,159.78,159.0203,160.5397,161.0091,2024-08-24 21:36:00,159.0203,INITIAL_STOP,-1.168,0.0,True,False,False,2024-08,2024,8,Q3
SOL/USDT,2024-08-27 14:30:00,2024-08-27 14:50:00,SHORT,2024-08-27 15:38:00,154.745,156.0521,153.4379,152.6301,2024-08-27 16:16:00,154.6212,BE_STOP,0.405,0.5,True,False,False,2024-08,2024,8,Q3
SOL/USDT,2024-08-28 19:00:00,2024-08-28 20:00:00,SHORT,2024-08-28 20:19:00,144.92,145.3574,144.4826,144.2123,2024-08-28 20:21:00,144.8041,BE_STOP,0.235,0.5,True,False,False,2024-08,2024,8,Q3
SOL/USDT,2024-08-31 21:35:00,2024-08-31 22:00:00,SHORT,2024-08-31 22:07:00,136.025,136.274,135.776,135.6221,2024-08-31 22:28:00,135.6221,GRID_B_FULL_TP,0.872,1.309,True,False,False,2024-08,2024,8,Q3
SOL/USDT,2024-09-14 06:30:00,2024-09-14 06:50:00,LONG,2024-09-14 06:57:00,137.905,137.3831,138.4269,138.7494,2024-09-14 08:20:00,137.3831,INITIAL_STOP,-1.211,0.0,True,False,False,2024-09,2024,9,Q3
SOL/USDT,2024-09-18 12:55:00,2024-09-18 13:10:00,SHORT,2024-09-18 13:17:00,129.86,130.2548,129.4652,129.2212,2024-09-18 13:35:00,129.2212,GRID_B_FULL_TP,1.046,1.309,True,False,False,2024-09,2024,9,Q3
SOL/USDT,2024-09-18 18:00:00,2024-09-18 19:05:00,SHORT,2024-09-18 19:13:00,130.87,132.5363,129.2037,128.1739,2024-09-18 19:26:00,130.7653,BE_STOP,0.437,0.5,True,False,False,2024-09,2024,9,Q3
SOL/USDT,2024-09-22 06:30:00,2024-09-22 07:25:00,LONG,2024-09-22 07:32:00,146.74,146.4799,147.0001,147.1609,2024-09-22 07:43:00,147.1609,GRID_B_FULL_TP,0.858,1.309,True,False,False,2024-09,2024,9,Q3
SOL/USDT,2024-09-22 10:40:00,2024-09-22 11:25:00,LONG,2024-09-22 11:33:00,144.79,144.1328,145.4472,145.8533,2024-09-22 13:33:00,144.1328,INITIAL_STOP,-1.176,0.0,True,False,False,2024-09,2024,9,Q3
SOL/USDT,2024-09-28 06:10:00,2024-09-28 06:25:00,LONG,2024-09-28 06:32:00,157.52,156.7737,158.2663,158.7275,2024-09-28 06:39:00,156.7737,INITIAL_STOP,-1.169,0.0,True,False,False,2024-09,2024,9,Q3
SOL/USDT,2024-10-02 06:35:00,2024-10-02 07:55:00,SHORT,2024-10-02 08:31:00,148.12,148.4222,147.8178,147.6311,2024-10-02 08:32:00,148.4222,INITIAL_STOP,-1.392,0.0,True,False,False,2024-10,2024,10,Q4
SOL/USDT,2024-10-03 13:25:00,2024-10-03 14:25:00,SHORT,2024-10-03 14:35:00,136.6,137.2449,135.9551,135.5566,2024-10-03 14:42:00,135.5566,GRID_B_FULL_TP,1.14,1.309,True,False,False,2024-10,2024,10,Q4
SOL/USDT,2024-10-07 18:50:00,2024-10-07 19:05:00,LONG,2024-10-07 19:42:00,146.19,145.2707,147.1093,147.6774,2024-10-07 20:42:00,146.307,BE_STOP,0.373,0.5,True,False,False,2024-10,2024,10,Q4
SOL/USDT,2024-10-13 15:20:00,2024-10-13 15:50:00,LONG,2024-10-13 16:03:00,145.11,144.7023,145.5177,145.7696,2024-10-13 16:32:00,145.7696,GRID_B_FULL_TP,1.024,1.309,True,False,False,2024-10,2024,10,Q4
SOL/USDT,2024-10-17 22:35:00,2024-10-17 23:05:00,SHORT,2024-10-18 00:06:00,150.66,150.906,150.414,150.262,2024-10-18 00:15:00,150.262,GRID_B_FULL_TP,0.819,1.309,True,False,False,2024-10,2024,10,Q4
SOL/USDT,2024-10-25 07:50:00,2024-10-25 08:25:00,LONG,2024-10-25 09:08:00,171.735,171.3324,172.1376,172.3864,2024-10-25 09:18:00,171.3324,INITIAL_STOP,-1.341,0.0,True,False,False,2024-10,2024,10,Q4
SOL/USDT,2024-10-26 17:50:00,2024-10-26 18:20:00,SHORT,2024-10-26 18:30:00,169.93,170.4649,169.3951,169.0645,2024-10-26 19:02:00,170.4649,INITIAL_STOP,-1.254,0.0,True,False,False,2024-10,2024,10,Q4
SOL/USDT,2024-11-11 22:15:00,2024-11-11 22:50:00,LONG,2024-11-12 00:12:00,218.975,216.3415,221.6085,223.2359,2024-11-12 00:19:00,216.3415,INITIAL_STOP,-1.067,0.0,True,False,False,2024-11,2024,11,Q4
SOL/USDT,2024-11-12 19:10:00,2024-11-12 20:00:00,SHORT,2024-11-12 20:41:00,213.47,214.9002,212.0398,211.1559,2024-11-12 21:13:00,211.1559,GRID_B_FULL_TP,1.19,1.309,True,False,False,2024-11,2024,11,Q4
SOL/USDT,2024-11-13 13:40:00,2024-11-13 14:00:00,SHORT,2024-11-13 14:07:00,212.67,215.269,210.071,208.4648,2024-11-13 14:27:00,212.4999,BE_STOP,0.435,0.5,True,False,False,2024-11,2024,11,Q4
SOL/USDT,2024-11-15 12:10:00,2024-11-15 12:25:00,SHORT,2024-11-15 12:50:00,214.05,215.4311,212.6689,211.8154,2024-11-15 14:34:00,211.8154,GRID_B_FULL_TP,1.185,1.309,True,False,False,2024-11,2024,11,Q4
SOL/USDT,2024-11-20 14:00:00,2024-11-20 14:40:00,SHORT,2024-11-20 14:48:00,239.87,240.3498,239.3902,239.0937,2024-11-20 14:49:00,240.3498,INITIAL_STOP,-1.4,0.0,True,False,False,2024-11,2024,11,Q4
SOL/USDT,2024-11-22 18:50:00,2024-11-22 19:05:00,LONG,2024-11-22 19:15:00,253.455,251.0898,255.8202,257.2819,2024-11-22 21:57:00,257.2819,GRID_B_FULL_TP,1.223,1.309,True,False,False,2024-11,2024,11,Q4
SOL/USDT,2024-11-24 20:25:00,2024-11-24 21:10:00,SHORT,2024-11-24 21:20:00,250.135,254.3752,245.8948,243.2744,2024-11-24 23:12:00,254.3752,INITIAL_STOP,-1.047,0.0,True,False,False,2024-11,2024,11,Q4
SOL/USDT,2024-11-26 14:35:00,2024-11-26 15:20:00,SHORT,2024-11-26 15:28:00,230.115,231.9052,228.3248,227.2185,2024-11-26 15:59:00,227.2185,GRID_B_FULL_TP,1.206,1.309,True,False,False,2024-11,2024,11,Q4
SOL/USDT,2024-12-02 14:00:00,2024-12-02 14:15:00,SHORT,2024-12-02 14:28:00,225.76,226.6986,224.8214,224.2413,2024-12-02 14:32:00,226.6986,INITIAL_STOP,-1.192,0.0,True,False,False,2024-12,2024,12,Q4
SOL/USDT,2024-12-02 23:55:00,2024-12-03 00:30:00,SHORT,2024-12-03 00:36:00,225.34,226.198,224.482,223.9517,2024-12-03 00:37:00,226.198,INITIAL_STOP,-1.21,0.0,True,False,False,2024-12,2024,12,Q4
SOL/USDT,2024-12-14 06:15:00,2024-12-14 07:10:00,SHORT,2024-12-14 07:18:00,226.4,227.8296,224.9704,224.0869,2024-12-14 11:57:00,224.0869,GRID_B_FULL_TP,1.182,1.309,True,False,False,2024-12,2024,12,Q4
SOL/USDT,2024-12-14 15:20:00,2024-12-14 16:10:00,SHORT,2024-12-14 16:47:00,221.98,223.723,220.237,219.1599,2024-12-14 17:43:00,219.1599,GRID_B_FULL_TP,1.207,1.309,True,False,False,2024-12,2024,12,Q4
SOL/USDT,2024-12-17 14:30:00,2024-12-17 14:50:00,LONG,2024-12-17 14:55:00,221.34,219.638,223.042,224.0939,2024-12-17 15:13:00,219.638,INITIAL_STOP,-1.104,0.0,True,False,False,2024-12,2024,12,Q4
SOL/USDT,2024-12-17 21:00:00,2024-12-17 21:20:00,LONG,2024-12-17 21:43:00,225.42,224.9019,225.9381,226.2583,2024-12-17 21:55:00,225.6003,BE_STOP,0.152,0.5,True,False,False,2024-12,2024,12,Q4
SOL/USDT,2024-12-19 06:40:00,2024-12-19 07:00:00,SHORT,2024-12-19 07:06:00,210.74,211.3161,210.1639,209.8079,2024-12-19 07:35:00,211.3161,INITIAL_STOP,-1.293,0.0,True,False,False,2024-12,2024,12,Q4
SOL/USDT,2024-12-19 21:20:00,2024-12-19 21:50:00,SHORT,2024-12-19 22:54:00,196.62,198.1449,195.0951,194.1527,2024-12-19 23:34:00,194.1527,GRID_B_FULL_TP,1.206,1.309,True,False,False,2024-12,2024,12,Q4
SOL/USDT,2024-12-25 10:50:00,2024-12-25 11:15:00,LONG,2024-12-25 11:20:00,197.46,196.1638,198.7562,199.5572,2024-12-25 11:46:00,196.1638,INITIAL_STOP,-1.122,0.0,True,False,False,2024-12,2024,12,Q4
SOL/USDT,2024-12-26 08:30:00,2024-12-26 09:10:00,LONG,2024-12-26 09:15:00,189.775,188.5553,190.9947,191.7484,2024-12-26 10:36:00,188.5553,INITIAL_STOP,-1.124,0.0,True,False,False,2024-12,2024,12,Q4
SOL/USDT,2024-12-26 08:35:00,2024-12-26 09:10:00,LONG,2024-12-26 09:15:00,189.775,188.2253,191.3247,192.2824,2024-12-26 13:06:00,188.2253,INITIAL_STOP,-1.098,0.0,True,False,False,2024-12,2024,12,Q4
SOL/USDT,2025-01-10 17:55:00,2025-01-10 18:30:00,SHORT,2025-01-10 19:27:00,190.89,192.3563,189.4237,188.5175,2025-01-10 20:25:00,188.5175,GRID_B_FULL_TP,1.205,1.309,True,False,False,2025-01,2025,1,Q1
SOL/USDT,2025-01-17 15:25:00,2025-01-17 16:15:00,LONG,2025-01-17 17:30:00,219.005,216.0615,221.9485,223.7676,2025-01-17 18:03:00,216.0615,INITIAL_STOP,-1.06,0.0,True,False,False,2025-01,2025,1,Q1
SOL/USDT,2025-01-22 14:45:00,2025-01-22 15:55:00,LONG,2025-01-22 16:00:00,256.935,254.8146,259.0554,260.3658,2025-01-22 16:02:00,254.8146,INITIAL_STOP,-1.097,0.0,True,False,False,2025-01,2025,1,Q1
SOL/USDT,2025-01-25 23:50:00,2025-01-26 00:15:00,LONG,2025-01-26 00:30:00,256.29,255.8756,256.7044,256.9606,2025-01-26 00:33:00,255.8756,INITIAL_STOP,-1.495,0.0,True,False,False,2025-01,2025,1,Q1
SOL/USDT,2025-02-01 17:45:00,2025-02-01 18:05:00,SHORT,2025-02-01 18:11:00,227.11,228.0007,226.2193,225.6689,2025-02-01 18:30:00,226.9283,BE_STOP,0.296,0.5,True,False,False,2025-02,2025,2,Q1
SOL/USDT,2025-02-03 15:20:00,2025-02-03 16:10:00,SHORT,2025-02-03 16:18:00,205.635,207.7685,203.5015,202.1831,2025-02-03 16:25:00,207.7685,INITIAL_STOP,-1.077,0.0,True,False,False,2025-02,2025,2,Q1
SOL/USDT,2025-02-03 15:25:00,2025-02-03 16:10:00,SHORT,2025-02-03 16:18:00,205.635,209.2885,201.9815,199.7237,2025-02-03 18:34:00,209.2885,INITIAL_STOP,-1.045,0.0,True,False,False,2025-02,2025,2,Q1
SOL/USDT,2025-02-03 19:15:00,2025-02-03 20:10:00,SHORT,2025-02-03 21:24:00,213.045,214.9696,211.1204,209.931,2025-02-03 21:37:00,214.9696,INITIAL_STOP,-1.089,0.0,True,False,False,2025-02,2025,2,Q1
SOL/USDT,2025-02-21 15:35:00,2025-02-21 16:15:00,LONG,2025-02-21 16:29:00,173.87,172.3892,175.3508,176.2659,2025-02-21 17:15:00,174.0091,BE_STOP,0.406,0.5,True,False,False,2025-02,2025,2,Q1
SOL/USDT,2025-02-21 15:40:00,2025-02-21 16:15:00,LONG,2025-02-21 16:29:00,173.87,170.2992,177.4408,179.6476,2025-02-21 19:15:00,170.2992,INITIAL_STOP,-1.039,0.0,True,False,False,2025-02,2025,2,Q1
SOL/USDT,2025-02-25 20:20:00,2025-02-25 21:10:00,SHORT,2025-02-25 21:20:00,144.25,145.8464,142.6536,141.6671,2025-02-25 21:54:00,145.8464,INITIAL_STOP,-1.072,0.0,True,False,False,2025-02,2025,2,Q1
SOL/USDT,2025-02-26 15:10:00,2025-02-26 15:55:00,SHORT,2025-02-26 16:01:00,139.415,140.4391,138.3909,137.758,2025-02-26 16:16:00,137.758,GRID_B_FULL_TP,1.2,1.309,True,False,False,2025-02,2025,2,Q1
SOL/USDT,2025-02-27 06:50:00,2025-02-27 07:05:00,SHORT,2025-02-27 07:21:00,141.93,143.1129,140.7471,140.0161,2025-02-27 08:29:00,140.0161,GRID_B_FULL_TP,1.213,1.309,True,False,False,2025-02,2025,2,Q1
SOL/USDT,2025-03-11 09:00:00,2025-03-11 09:45:00,SHORT,2025-03-11 10:31:00,124.285,125.1564,123.4136,122.875,2025-03-11 11:43:00,125.1564,INITIAL_STOP,-1.114,0.0,True,False,False,2025-03,2025,3,Q1
SOL/USDT,2025-03-11 11:40:00,2025-03-11 12:35:00,SHORT,2025-03-11 13:27:00,124.145,125.9762,122.3138,121.1821,2025-03-11 13:28:00,125.9762,INITIAL_STOP,-1.054,0.0,True,False,False,2025-03,2025,3,Q1
SOL/USDT,2025-03-17 12:00:00,2025-03-17 12:15:00,SHORT,2025-03-17 12:30:00,128.975,130.3035,127.6465,126.8255,2025-03-17 13:04:00,126.8255,GRID_B_FULL_TP,1.231,1.309,True,False,False,2025-03,2025,3,Q1
SOL/USDT,2025-03-19 17:35:00,2025-03-19 18:15:00,LONG,2025-03-19 18:20:00,130.3,130.0246,130.5755,130.7457,2025-03-19 18:21:00,130.0246,INITIAL_STOP,-1.378,0.0,True,False,False,2025-03,2025,3,Q1
SOL/USDT,2025-03-21 13:55:00,2025-03-21 14:05:00,SHORT,2025-03-21 14:22:00,127.04,127.7306,126.3494,125.9227,2025-03-21 14:32:00,127.7306,INITIAL_STOP,-1.147,0.0,True,False,False,2025-03,2025,3,Q1
SOL/USDT,2025-03-24 16:55:00,2025-03-24 18:15:00,LONG,2025-03-24 18:20:00,142.3,141.5366,143.0635,143.5353,2025-03-24 18:32:00,141.5366,INITIAL_STOP,-1.149,0.0,True,False,False,2025-03,2025,3,Q1
SOL/USDT,2025-03-25 12:05:00,2025-03-25 12:30:00,LONG,2025-03-25 12:35:00,141.855,140.8472,142.8628,143.4856,2025-03-25 13:15:00,143.4856,GRID_B_FULL_TP,1.196,1.309,True,False,False,2025-03,2025,3,Q1
SOL/USDT,2025-03-25 22:15:00,2025-03-25 22:40:00,LONG,2025-03-25 22:46:00,143.03,142.5155,143.5445,143.8625,2025-03-25 22:49:00,143.8625,GRID_B_FULL_TP,1.087,1.309,True,False,False,2025-03,2025,3,Q1
SOL/USDT,2025-03-28 12:30:00,2025-03-28 13:30:00,SHORT,2025-03-28 13:37:00,131.31,132.657,129.963,129.1306,2025-03-28 16:17:00,129.1306,GRID_B_FULL_TP,1.231,1.309,True,False,False,2025-03,2025,3,Q1
SOL/USDT,2025-03-29 13:50:00,2025-03-29 14:10:00,SHORT,2025-03-29 14:40:00,126.405,126.6996,126.1104,125.9283,2025-03-29 14:48:00,125.9283,GRID_B_FULL_TP,0.966,1.309,True,False,False,2025-03,2025,3,Q1
SOL/USDT,2025-03-30 18:45:00,2025-03-30 19:15:00,SHORT,2025-03-30 20:15:00,126.34,127.0095,125.6705,125.2567,2025-03-30 20:56:00,125.2567,GRID_B_FULL_TP,1.158,1.309,True,False,False,2025-03,2025,3,Q1
SOL/USDT,2025-04-07 14:10:00,2025-04-07 14:25:00,SHORT,2025-04-07 14:33:00,108.045,109.2021,106.8879,106.1729,2025-04-07 14:34:00,106.1729,GRID_B_FULL_TP,1.234,1.309,True,False,False,2025-04,2025,4,Q2
SOL/USDT,2025-04-07 14:15:00,2025-04-07 14:25:00,SHORT,2025-04-07 14:33:00,108.045,113.1621,102.9279,99.7656,2025-04-09 08:24:00,107.9586,BE_STOP,0.483,0.5,True,False,False,2025-04,2025,4,Q2
SOL/USDT,2025-04-07 22:20:00,2025-04-07 23:00:00,SHORT,2025-04-07 23:10:00,108.66,109.363,107.957,107.5226,2025-04-07 23:32:00,107.5226,GRID_B_FULL_TP,1.185,1.309,True,False,False,2025-04,2025,4,Q2
SOL/USDT,2025-04-16 15:25:00,2025-04-16 16:40:00,SHORT,2025-04-16 16:51:00,127.925,129.7919,126.0581,124.9044,2025-04-16 17:18:00,129.7919,INITIAL_STOP,-1.055,0.0,True,False,False,2025-04,2025,4,Q2
SOL/USDT,2025-04-17 08:50:00,2025-04-17 09:45:00,LONG,2025-04-17 09:54:00,133.53,133.0697,133.9903,134.2748,2025-04-17 10:12:00,133.0697,INITIAL_STOP,-1.232,0.0,True,False,False,2025-04,2025,4,Q2
SOL/USDT,2025-05-06 17:35:00,2025-05-06 17:45:00,SHORT,2025-05-06 17:50:00,143.805,144.5857,143.0243,142.5418,2025-05-06 18:25:00,144.5857,INITIAL_STOP,-1.147,0.0,True,False,False,2025-05,2025,5,Q2
SOL/USDT,2025-05-15 12:30:00,2025-05-15 12:50:00,SHORT,2025-05-15 13:06:00,171.52,172.9073,170.1327,169.2754,2025-05-15 13:46:00,169.2754,GRID_B_FULL_TP,1.21,1.309,True,False,False,2025-05,2025,5,Q2
SOL/USDT,2025-05-15 16:45:00,2025-05-15 17:10:00,SHORT,2025-05-15 17:15:00,173.24,173.6999,172.7801,172.4959,2025-05-15 17:20:00,173.6999,INITIAL_STOP,-1.301,0.0,True,False,False,2025-05,2025,5,Q2
SOL/USDT,2025-05-26 16:25:00,2025-05-26 16:40:00,LONG,2025-05-26 16:50:00,175.885,174.9162,176.8538,177.4526,2025-05-26 17:19:00,174.9162,INITIAL_STOP,-1.145,0.0,True,False,False,2025-05,2025,5,Q2
SOL/USDT,2025-05-27 19:55:00,2025-05-27 20:10:00,LONG,2025-05-27 20:45:00,177.855,177.1632,178.5468,178.9743,2025-05-27 21:24:00,177.1632,INITIAL_STOP,-1.206,0.0,True,False,False,2025-05,2025,5,Q2
SOL/USDT,2025-05-31 19:05:00,2025-05-31 20:15:00,SHORT,2025-05-31 20:22:00,157.44,157.8062,157.0738,156.8476,2025-05-31 21:03:00,157.8062,INITIAL_STOP,-1.344,0.0,True,False,False,2025-05,2025,5,Q2
SOL/USDT,2025-06-01 16:40:00,2025-06-01 17:00:00,SHORT,2025-06-01 17:05:00,156.14,156.9042,155.3758,154.9035,2025-06-01 18:27:00,154.9035,GRID_B_FULL_TP,1.146,1.309,True,False,False,2025-06,2025,6,Q2
SOL/USDT,2025-06-01 23:00:00,2025-06-01 23:25:00,SHORT,2025-06-01 23:34:00,157.335,158.006,156.664,156.2493,2025-06-02 00:17:00,158.006,INITIAL_STOP,-1.188,0.0,True,False,False,2025-06,2025,6,Q2
SOL/USDT,2025-06-06 12:30:00,2025-06-06 13:25:00,SHORT,2025-06-06 13:31:00,151.445,152.6172,150.2728,149.5484,2025-06-06 17:09:00,149.5484,GRID_B_FULL_TP,1.206,1.309,True,False,False,2025-06,2025,6,Q2
SOL/USDT,2025-06-10 14:40:00,2025-06-10 15:10:00,LONG,2025-06-10 15:31:00,157.435,156.5338,158.3362,158.8931,2025-06-10 15:33:00,156.5338,INITIAL_STOP,-1.14,0.0,True,False,False,2025-06,2025,6,Q2
SOL/USDT,2025-06-18 18:00:00,2025-06-18 18:55:00,SHORT,2025-06-18 19:13:00,145.105,146.7277,143.4823,142.4795,2025-06-18 20:43:00,146.7277,INITIAL_STOP,-1.072,0.0,True,False,False,2025-06,2025,6,Q2
SOL/USDT,2025-06-22 22:40:00,2025-06-22 23:35:00,SHORT,2025-06-23 00:15:00,131.98,132.668,131.292,130.8669,2025-06-23 00:20:00,132.668,INITIAL_STOP,-1.153,0.0,True,False,False,2025-06,2025,6,Q2
SOL/USDT,2025-06-23 12:40:00,2025-06-23 13:10:00,SHORT,2025-06-23 13:38:00,134.885,135.5323,134.2377,133.8376,2025-06-23 13:41:00,135.5323,INITIAL_STOP,-1.167,0.0,True,False,False,2025-06,2025,6,Q2
SOL/USDT,2025-06-23 12:55:00,2025-06-23 13:10:00,SHORT,2025-06-23 13:38:00,134.885,135.7523,134.0177,133.4817,2025-06-23 13:42:00,135.7523,INITIAL_STOP,-1.124,0.0,True,False,False,2025-06,2025,6,Q2
SOL/USDT,2025-07-01 07:15:00,2025-07-01 07:50:00,LONG,2025-07-01 07:58:00,150.095,149.8049,150.3851,150.5645,2025-07-01 08:02:00,149.8049,INITIAL_STOP,-1.414,0.0,True,False,False,2025-07,2025,7,Q3
SOL/USDT,2025-07-01 07:20:00,2025-07-01 07:50:00,LONG,2025-07-01 07:58:00,150.095,148.5949,151.5951,152.5222,2025-07-01 09:20:00,148.5949,INITIAL_STOP,-1.08,0.0,True,False,False,2025-07,2025,7,Q3
SOL/USDT,2025-07-15 18:20:00,2025-07-15 18:35:00,SHORT,2025-07-15 18:51:00,162.38,163.9436,160.8164,159.8501,2025-07-15 20:05:00,159.8501,GRID_B_FULL_TP,1.226,1.309,True,False,False,2025-07,2025,7,Q3
SOL/USDT,2025-07-15 23:00:00,2025-07-16 00:05:00,SHORT,2025-07-16 00:16:00,163.79,164.1057,163.4743,163.2792,2025-07-16 00:18:00,164.1057,INITIAL_STOP,-1.415,0.0,True,False,False,2025-07,2025,7,Q3
SOL/USDT,2025-07-15 23:05:00,2025-07-16 00:05:00,SHORT,2025-07-16 00:16:00,163.79,164.3657,163.2143,162.8585,2025-07-16 00:18:00,164.3657,INITIAL_STOP,-1.228,0.0,True,False,False,2025-07,2025,7,Q3
SOL/USDT,2025-07-17 11:30:00,2025-07-17 12:35:00,LONG,2025-07-17 13:11:00,175.495,174.9568,176.0332,176.3659,2025-07-17 13:32:00,174.9568,INITIAL_STOP,-1.261,0.0,True,False,False,2025-07,2025,7,Q3
SOL/USDT,2025-07-21 18:45:00,2025-07-21 19:10:00,LONG,2025-07-21 19:19:00,194.65,193.158,196.142,197.064,2025-07-21 19:31:00,193.158,INITIAL_STOP,-1.104,0.0,True,False,False,2025-07,2025,7,Q3
SOL/USDT,2025-07-28 18:30:00,2025-07-28 18:45:00,LONG,2025-07-28 19:44:00,184.6,183.1731,186.0269,186.9087,2025-07-28 20:28:00,183.1731,INITIAL_STOP,-1.103,0.0,True,False,False,2025-07,2025,7,Q3
SOL/USDT,2025-07-29 07:40:00,2025-07-29 08:30:00,SHORT,2025-07-29 08:36:00,185.7,186.5285,184.8714,184.3594,2025-07-29 09:16:00,184.3594,GRID_B_FULL_TP,1.13,1.309,True,False,False,2025-07,2025,7,Q3
SOL/USDT,2025-08-02 21:00:00,2025-08-02 22:15:00,SHORT,2025-08-02 22:46:00,159.15,159.8087,158.4913,158.0842,2025-08-02 23:12:00,158.0842,GRID_B_FULL_TP,1.116,1.309,True,False,False,2025-08,2025,8,Q3
SOL/USDT,2025-08-03 11:10:00,2025-08-03 11:30:00,SHORT,2025-08-03 13:05:00,162.33,163.1435,161.5165,161.0138,2025-08-03 13:47:00,161.0138,GRID_B_FULL_TP,1.149,1.309,True,False,False,2025-08,2025,8,Q3
SOL/USDT,2025-08-03 23:15:00,2025-08-03 23:40:00,SHORT,2025-08-04 00:20:00,162.215,163.3833,161.0467,160.3247,2025-08-04 00:35:00,163.3833,INITIAL_STOP,-1.111,0.0,True,False,False,2025-08,2025,8,Q3
SOL/USDT,2025-08-06 20:35:00,2025-08-06 21:05:00,LONG,2025-08-06 21:31:00,168.145,167.5178,168.7722,169.1598,2025-08-06 21:39:00,167.5178,INITIAL_STOP,-1.214,0.0,True,False,False,2025-08,2025,8,Q3
SOL/USDT,2025-08-07 16:40:00,2025-08-07 17:45:00,LONG,2025-08-07 18:02:00,169.13,168.3263,169.9337,170.4304,2025-08-07 19:15:00,170.4304,GRID_B_FULL_TP,1.141,1.309,True,False,False,2025-08,2025,8,Q3
SOL/USDT,2025-08-11 14:35:00,2025-08-11 14:45:00,SHORT,2025-08-11 15:37:00,179.605,180.7894,178.4206,177.6886,2025-08-11 16:01:00,180.7894,INITIAL_STOP,-1.121,0.0,True,False,False,2025-08,2025,8,Q3
SOL/USDT,2025-08-14 12:30:00,2025-08-14 13:50:00,LONG,2025-08-14 14:03:00,194.29,190.3686,198.2114,200.6349,2025-08-14 16:04:00,194.4454,BE_STOP,0.46,0.5,True,False,False,2025-08,2025,8,Q3
SOL/USDT,2025-08-14 12:35:00,2025-08-14 13:50:00,LONG,2025-08-14 14:03:00,194.29,189.7086,198.8714,201.7028,2025-08-14 16:04:00,194.4454,BE_STOP,0.466,0.5,True,False,False,2025-08,2025,8,Q3
SOL/USDT,2025-08-14 13:05:00,2025-08-14 13:50:00,LONG,2025-08-14 14:03:00,194.29,186.3886,202.1914,207.0745,2025-08-15 15:06:00,186.3886,INITIAL_STOP,-1.02,0.0,True,False,False,2025-08,2025,8,Q3
SOL/USDT,2025-08-16 07:30:00,2025-08-16 08:30:00,SHORT,2025-08-16 08:41:00,188.255,189.9324,186.5776,185.541,2025-08-16 10:00:00,185.541,GRID_B_FULL_TP,1.219,1.309,True,False,False,2025-08,2025,8,Q3
SOL/USDT,2025-08-20 08:30:00,2025-08-20 09:30:00,SHORT,2025-08-20 09:38:00,181.855,182.2528,181.4572,181.2114,2025-08-20 09:53:00,181.2114,GRID_B_FULL_TP,0.943,1.309,True,False,False,2025-08,2025,8,Q3
SOL/USDT,2025-08-25 14:05:00,2025-08-25 14:30:00,SHORT,2025-08-25 14:36:00,198.24,199.7974,196.6826,195.7202,2025-08-25 15:25:00,198.0814,BE_STOP,0.398,0.5,True,False,False,2025-08,2025,8,Q3
SOL/USDT,2025-08-29 12:30:00,2025-08-29 13:20:00,SHORT,2025-08-29 13:27:00,210.78,215.2562,206.3038,203.5376,2025-08-29 16:04:00,203.5376,GRID_B_FULL_TP,1.271,1.309,True,False,False,2025-08,2025,8,Q3
SOL/USDT,2025-09-09 10:50:00,2025-09-09 11:45:00,LONG,2025-09-09 11:54:00,217.55,217.0937,218.0063,218.2883,2025-09-09 12:00:00,217.0937,INITIAL_STOP,-1.381,0.0,True,False,False,2025-09,2025,9,Q3
SOL/USDT,2025-09-09 12:00:00,2025-09-09 12:10:00,LONG,2025-09-09 12:37:00,217.42,216.2839,218.5561,219.2583,2025-09-09 14:03:00,216.2839,INITIAL_STOP,-1.153,0.0,True,False,False,2025-09,2025,9,Q3
SOL/USDT,2025-09-14 14:35:00,2025-09-14 15:00:00,LONG,2025-09-14 15:06:00,242.345,241.9065,242.7835,243.0545,2025-09-14 15:09:00,241.9065,INITIAL_STOP,-1.442,0.0,True,False,False,2025-09,2025,9,Q3
SOL/USDT,2025-09-15 21:40:00,2025-09-15 22:10:00,SHORT,2025-09-15 22:19:00,234.86,235.3323,234.3877,234.0958,2025-09-15 22:36:00,234.0958,GRID_B_FULL_TP,0.911,1.309,True,False,False,2025-09,2025,9,Q3
SOL/USDT,2025-09-26 18:20:00,2025-09-26 19:05:00,SHORT,2025-09-26 19:16:00,201.535,202.9623,200.1077,199.2256,2025-09-26 19:33:00,199.2256,GRID_B_FULL_TP,1.196,1.309,True,False,False,2025-09,2025,9,Q3
SOL/USDT,2025-09-29 06:00:00,2025-09-29 06:40:00,LONG,2025-09-29 06:56:00,208.23,207.8777,208.5823,208.8001,2025-09-29 07:06:00,207.8777,INITIAL_STOP,-1.473,0.0,True,False,False,2025-09,2025,9,Q3
SOL/USDT,2025-10-01 17:50:00,2025-10-01 18:05:00,LONG,2025-10-01 18:19:00,217.97,217.223,218.717,219.1786,2025-10-01 18:38:00,219.1786,GRID_B_FULL_TP,1.076,1.309,True,False,False,2025-10,2025,10,Q4
SOL/USDT,2025-10-08 13:00:00,2025-10-08 13:25:00,SHORT,2025-10-08 14:00:00,222.06,223.0431,221.0769,220.4694,2025-10-08 14:01:00,223.0431,INITIAL_STOP,-1.181,0.0,True,False,False,2025-10,2025,10,Q4
SOL/USDT,2025-10-13 11:25:00,2025-10-13 12:10:00,LONG,2025-10-13 12:17:00,192.71,189.7309,195.6891,197.5301,2025-10-13 14:22:00,192.8642,BE_STOP,0.448,0.5,True,False,False,2025-10,2025,10,Q4
SOL/USDT,2025-10-14 10:15:00,2025-10-14 11:05:00,LONG,2025-10-14 12:00:00,194.77,191.0378,198.5022,200.8086,2025-10-14 14:35:00,194.9258,BE_STOP,0.458,0.5,True,False,False,2025-10,2025,10,Q4
SOL/USDT,2025-10-16 10:15:00,2025-10-16 11:25:00,SHORT,2025-10-16 11:40:00,195.6,196.6734,194.5266,193.8632,2025-10-16 11:56:00,196.6734,INITIAL_STOP,-1.146,0.0,True,False,False,2025-10,2025,10,Q4
SOL/USDT,2025-10-17 16:00:00,2025-10-17 16:55:00,SHORT,2025-10-17 17:00:00,182.49,185.3037,179.6763,177.9374,2025-10-17 18:37:00,185.3037,INITIAL_STOP,-1.052,0.0,True,False,False,2025-10,2025,10,Q4
SOL/USDT,2025-10-18 07:00:00,2025-10-18 07:20:00,SHORT,2025-10-18 07:27:00,187.625,188.1714,187.0786,186.7409,2025-10-18 07:52:00,187.4749,BE_STOP,0.225,0.5,True,False,False,2025-10,2025,10,Q4
SOL/USDT,2025-10-18 07:05:00,2025-10-18 07:20:00,SHORT,2025-10-18 07:27:00,187.625,188.5414,186.7086,186.1422,2025-10-18 07:58:00,186.1422,GRID_B_FULL_TP,1.145,1.309,True,False,False,2025-10,2025,10,Q4
SOL/USDT,2025-10-22 23:25:00,2025-10-23 00:25:00,SHORT,2025-10-23 00:31:00,180.05,180.6701,179.4299,179.0467,2025-10-23 00:34:00,180.6701,INITIAL_STOP,-1.232,0.0,True,False,False,2025-10,2025,10,Q4
SOL/USDT,2025-10-27 09:00:00,2025-10-27 09:40:00,LONG,2025-10-27 09:48:00,199.735,197.7204,201.7496,202.9946,2025-10-27 16:42:00,202.9946,GRID_B_FULL_TP,1.23,1.309,True,False,False,2025-10,2025,10,Q4
SOL/USDT,2025-10-27 21:20:00,2025-10-27 21:35:00,LONG,2025-10-27 22:01:00,198.385,197.4124,199.3576,199.9586,2025-10-27 22:31:00,198.5437,BE_STOP,0.337,0.5,True,False,False,2025-10,2025,10,Q4
SOL/USDT,2025-10-29 13:15:00,2025-10-29 13:35:00,SHORT,2025-10-29 13:51:00,200.755,202.0011,199.5089,198.7388,2025-10-29 14:30:00,198.7388,GRID_B_FULL_TP,1.18,1.309,True,False,False,2025-10,2025,10,Q4
SOL/USDT,2025-11-09 06:40:00,2025-11-09 06:50:00,SHORT,2025-11-09 07:34:00,158.655,159.358,157.952,157.5176,2025-11-09 07:39:00,159.358,INITIAL_STOP,-1.181,0.0,True,False,False,2025-11,2025,11,Q4
SOL/USDT,2025-11-09 22:35:00,2025-11-09 22:50:00,LONG,2025-11-09 23:20:00,164.86,163.8727,165.8473,166.4574,2025-11-10 00:02:00,163.8727,INITIAL_STOP,-1.134,0.0,True,False,False,2025-11,2025,11,Q4
SOL/USDT,2025-11-11 06:05:00,2025-11-11 07:00:00,LONG,2025-11-11 07:09:00,164.755,163.3229,166.1871,167.0722,2025-11-11 09:16:00,163.3229,INITIAL_STOP,-1.092,0.0,True,False,False,2025-11,2025,11,Q4
SOL/USDT,2025-11-12 09:10:00,2025-11-12 09:30:00,SHORT,2025-11-12 10:03:00,158.545,158.9478,158.1422,157.8932,2025-11-12 10:14:00,158.9478,INITIAL_STOP,-1.315,0.0,True,False,False,2025-11,2025,11,Q4
SOL/USDT,2025-11-12 10:50:00,2025-11-12 11:30:00,SHORT,2025-11-12 12:09:00,160.135,160.7102,159.5598,159.2043,2025-11-12 12:20:00,160.7102,INITIAL_STOP,-1.223,0.0,True,False,False,2025-11,2025,11,Q4
SOL/USDT,2025-11-15 17:20:00,2025-11-15 18:20:00,SHORT,2025-11-15 19:08:00,142.875,144.9043,140.8457,139.5916,2025-11-15 21:40:00,139.5916,GRID_B_FULL_TP,1.253,1.309,True,False,False,2025-11,2025,11,Q4
SOL/USDT,2025-11-18 06:10:00,2025-11-18 06:25:00,SHORT,2025-11-18 07:08:00,136.37,137.3746,135.3654,134.7446,2025-11-18 07:31:00,137.3746,INITIAL_STOP,-1.109,0.0,True,False,False,2025-11,2025,11,Q4
SOL/USDT,2025-11-18 14:25:00,2025-11-18 15:00:00,SHORT,2025-11-18 15:06:00,137.975,139.647,136.303,135.2698,2025-11-18 15:14:00,139.647,INITIAL_STOP,-1.066,0.0,True,False,False,2025-11,2025,11,Q4
SOL/USDT,2025-11-21 17:05:00,2025-11-21 17:55:00,SHORT,2025-11-21 18:48:00,129.68,130.3645,128.9955,128.5724,2025-11-21 18:49:00,130.3645,INITIAL_STOP,-1.152,0.0,True,False,False,2025-11,2025,11,Q4
SOL/USDT,2025-11-29 16:20:00,2025-11-29 16:30:00,SHORT,2025-11-29 16:37:00,137.43,138.0461,136.8139,136.4331,2025-11-29 17:04:00,138.0461,INITIAL_STOP,-1.178,0.0,True,False,False,2025-11,2025,11,Q4
SOL/USDT,2025-12-04 13:00:00,2025-12-04 13:25:00,LONG,2025-12-04 13:30:00,142.75,142.1759,143.3241,143.6789,2025-12-04 13:45:00,142.1759,INITIAL_STOP,-1.199,0.0,True,False,False,2025-12,2025,12,Q4
SOL/USDT,2025-12-14 23:00:00,2025-12-14 23:25:00,SHORT,2025-12-14 23:39:00,129.61,130.9944,128.2256,127.37,2025-12-15 01:35:00,130.9944,INITIAL_STOP,-1.075,0.0,True,False,False,2025-12,2025,12,Q4
SOL/USDT,2025-12-15 14:10:00,2025-12-15 14:25:00,SHORT,2025-12-15 14:36:00,133.505,134.0903,132.9197,132.5581,2025-12-15 14:45:00,132.5581,GRID_B_FULL_TP,1.127,1.309,True,False,False,2025-12,2025,12,Q4
SOL/USDT,2025-12-15 14:15:00,2025-12-15 14:25:00,SHORT,2025-12-15 14:36:00,133.505,135.6303,131.3797,130.0663,2025-12-15 14:57:00,130.0663,GRID_B_FULL_TP,1.259,1.309,True,False,False,2025-12,2025,12,Q4
SOL/USDT,2026-01-01 14:15:00,2026-01-01 14:35:00,LONG,2026-01-01 14:42:00,124.595,124.3931,124.7969,124.9217,2026-01-01 14:55:00,124.6947,BE_STOP,0.006,0.5,True,False,False,2026-01,2026,1,Q1
SOL/USDT,2026-01-03 07:20:00,2026-01-03 08:30:00,LONG,2026-01-03 09:12:00,130.435,129.9143,130.9557,131.2774,2026-01-03 09:37:00,131.2774,GRID_B_FULL_TP,1.109,1.309,True,False,False,2026-01,2026,1,Q1
SOL/USDT,2026-01-03 07:30:00,2026-01-03 08:30:00,LONG,2026-01-03 09:12:00,130.435,129.4043,131.4657,132.1026,2026-01-03 14:32:00,132.1026,GRID_B_FULL_TP,1.208,1.309,True,False,False,2026-01,2026,1,Q1
SOL/USDT,2026-01-12 21:50:00,2026-01-12 22:05:00,LONG,2026-01-12 23:04:00,138.975,138.1715,139.7785,140.275,2026-01-13 02:44:00,138.1715,INITIAL_STOP,-1.138,0.0,True,False,False,2026-01,2026,1,Q1
SOL/USDT,2026-01-14 06:05:00,2026-01-14 06:40:00,LONG,2026-01-14 07:30:00,144.28,143.7036,144.8564,145.2126,2026-01-14 09:06:00,145.2126,GRID_B_FULL_TP,1.109,1.309,True,False,False,2026-01,2026,1,Q1
SOL/USDT,2026-01-14 22:30:00,2026-01-14 23:05:00,LONG,2026-01-14 23:28:00,146.385,145.8604,146.9096,147.2338,2026-01-15 00:29:00,145.8604,INITIAL_STOP,-1.223,0.0,True,False,False,2026-01,2026,1,Q1
SOL/USDT,2026-01-15 15:25:00,2026-01-15 16:00:00,LONG,2026-01-15 17:56:00,142.595,142.1061,143.0839,143.386,2026-01-15 18:12:00,142.1061,INITIAL_STOP,-1.233,0.0,True,False,False,2026-01,2026,1,Q1
SOL/USDT,2026-01-23 17:25:00,2026-01-23 17:55:00,SHORT,2026-01-23 18:08:00,129.195,130.0138,128.3762,127.8702,2026-01-23 19:26:00,129.0916,BE_STOP,0.374,0.5,True,False,False,2026-01,2026,1,Q1
SOL/USDT,2026-02-04 19:45:00,2026-02-04 20:10:00,SHORT,2026-02-04 20:16:00,93.885,94.8508,92.9192,92.3223,2026-02-04 21:11:00,92.3223,GRID_B_FULL_TP,1.231,1.309,True,False,False,2026-02,2026,2,Q1
SOL/USDT,2026-02-05 09:15:00,2026-02-05 09:35:00,SHORT,2026-02-05 09:40:00,92.605,93.5689,91.6411,91.0454,2026-02-05 10:48:00,91.0454,GRID_B_FULL_TP,1.232,1.309,True,False,False,2026-02,2026,2,Q1
SOL/USDT,2026-02-06 09:50:00,2026-02-06 10:40:00,SHORT,2026-02-06 10:45:00,81.445,81.8122,81.0778,80.8509,2026-02-06 10:50:00,80.8509,GRID_B_FULL_TP,1.132,1.309,True,False,False,2026-02,2026,2,Q1
SOL/USDT,2026-02-19 17:15:00,2026-02-19 17:30:00,SHORT,2026-02-19 18:24:00,81.265,82.0519,80.4781,79.9918,2026-02-19 19:04:00,82.0519,INITIAL_STOP,-1.083,0.0,True,False,False,2026-02,2026,2,Q1
SOL/USDT,2026-02-20 13:35:00,2026-02-20 14:05:00,LONG,2026-02-20 14:13:00,82.325,81.8065,82.8435,83.1639,2026-02-20 14:33:00,83.1639,GRID_B_FULL_TP,1.182,1.309,True,False,False,2026-02,2026,2,Q1
SOL/USDT,2026-02-26 16:50:00,2026-02-26 17:05:00,LONG,2026-02-26 17:37:00,84.835,84.3027,85.3673,85.6962,2026-02-26 18:36:00,85.6962,GRID_B_FULL_TP,1.181,1.309,True,False,False,2026-02,2026,2,Q1
SOL/USDT,2026-03-05 15:20:00,2026-03-05 15:40:00,LONG,2026-03-05 15:46:00,89.33,89.096,89.564,89.7086,2026-03-05 15:49:00,89.4015,BE_STOP,0.195,0.5,True,False,False,2026-03,2026,3,Q1
SOL/USDT,2026-03-07 22:00:00,2026-03-07 22:35:00,SHORT,2026-03-07 22:40:00,82.985,83.4445,82.5255,82.2416,2026-03-08 00:05:00,83.4445,INITIAL_STOP,-1.144,0.0,True,False,False,2026-03,2026,3,Q1
SOL/USDT,2026-03-09 17:40:00,2026-03-09 17:55:00,LONG,2026-03-09 18:02:00,84.925,84.1326,85.7174,86.2071,2026-03-09 19:24:00,86.2071,GRID_B_FULL_TP,1.223,1.309,True,False,False,2026-03,2026,3,Q1
SOL/USDT,2026-03-16 23:00:00,2026-03-16 23:30:00,LONG,2026-03-17 00:00:00,95.85,95.5962,96.1038,96.2606,2026-03-17 00:09:00,96.2606,GRID_B_FULL_TP,1.007,1.309,True,False,False,2026-03,2026,3,Q1
SOL/USDT,2026-03-19 19:10:00,2026-03-19 19:30:00,SHORT,2026-03-19 19:39:00,88.97,89.3935,88.5465,88.2848,2026-03-19 23:00:00,88.8988,BE_STOP,0.332,0.5,True,False,False,2026-03,2026,3,Q1
SOL/USDT,2026-03-27 19:30:00,2026-03-27 20:30:00,SHORT,2026-03-27 20:43:00,82.625,82.9439,82.3061,82.109,2026-03-27 21:13:00,82.9439,INITIAL_STOP,-1.207,0.0,True,False,False,2026-03,2026,3,Q1
SOL/USDT,2026-04-06 17:00:00,2026-04-06 17:25:00,LONG,2026-04-06 17:42:00,81.515,81.1977,81.8323,82.0283,2026-04-06 18:11:00,82.0283,GRID_B_FULL_TP,1.103,1.309,True,False,False,2026-04,2026,4,Q2
SOL/USDT,2026-04-06 17:10:00,2026-04-06 17:25:00,LONG,2026-04-06 17:42:00,81.515,81.0677,81.9623,82.2387,2026-04-06 19:11:00,81.5802,BE_STOP,0.354,0.5,True,False,False,2026-04,2026,4,Q2
SOL/USDT,2026-04-07 17:35:00,2026-04-07 18:40:00,SHORT,2026-04-07 19:01:00,80.005,81.12,78.89,78.2009,2026-04-07 19:20:00,81.12,INITIAL_STOP,-1.057,0.0,True,False,False,2026-04,2026,4,Q2
SOL/USDT,2026-04-08 06:00:00,2026-04-08 06:15:00,LONG,2026-04-08 07:03:00,84.33,83.7635,84.8965,85.2466,2026-04-08 11:22:00,84.3975,BE_STOP,0.381,0.5,True,False,False,2026-04,2026,4,Q2
SOL/USDT,2026-04-10 21:15:00,2026-04-10 21:55:00,LONG,2026-04-10 22:02:00,85.13,84.8423,85.4177,85.5955,2026-04-10 22:38:00,84.8423,INITIAL_STOP,-1.237,0.0,True,False,False,2026-04,2026,4,Q2
SOL/USDT,2026-04-11 23:00:00,2026-04-11 23:20:00,LONG,2026-04-12 00:04:00,84.855,84.6527,85.0573,85.1823,2026-04-12 01:33:00,84.6527,INITIAL_STOP,-1.336,0.0,True,False,False,2026-04,2026,4,Q2
SOL/USDT,2026-04-14 15:05:00,2026-04-14 15:35:00,LONG,2026-04-14 16:12:00,85.715,85.1214,86.3086,86.6754,2026-04-14 16:51:00,85.1214,INITIAL_STOP,-1.116,0.0,True,False,False,2026-04,2026,4,Q2
SOL/USDT,2026-04-16 13:15:00,2026-04-16 13:35:00,SHORT,2026-04-16 15:08:00,85.965,86.3689,85.5611,85.3114,2026-04-16 15:20:00,86.3689,INITIAL_STOP,-1.17,0.0,True,False,False,2026-04,2026,4,Q2
SOL/USDT,2026-04-20 12:20:00,2026-04-20 12:35:00,SHORT,2026-04-20 12:59:00,85.285,85.6679,84.9021,84.6654,2026-04-20 13:32:00,85.2168,BE_STOP,0.322,0.5,True,False,False,2026-04,2026,4,Q2
SOL/USDT,2026-05-06 23:00:00,2026-05-06 23:25:00,LONG,2026-05-06 23:31:00,89.085,88.5164,89.6536,90.005,2026-05-07 00:40:00,88.5164,INITIAL_STOP,-1.125,0.0,True,False,False,2026-05,2026,5,Q2
SOL/USDT,2026-05-08 21:10:00,2026-05-08 21:20:00,LONG,2026-05-08 21:25:00,91.975,91.612,92.338,92.5623,2026-05-08 22:06:00,92.5623,GRID_B_FULL_TP,1.106,1.309,True,False,False,2026-05,2026,5,Q2
SOL/USDT,2026-05-11 23:20:00,2026-05-11 23:40:00,LONG,2026-05-11 23:46:00,97.36,97.004,97.716,97.9361,2026-05-12 01:15:00,97.004,INITIAL_STOP,-1.219,0.0,True,False,False,2026-05,2026,5,Q2
SOL/USDT,2026-05-12 18:50:00,2026-05-12 19:20:00,SHORT,2026-05-12 19:35:00,94.845,95.1523,94.5377,94.3478,2026-05-12 23:46:00,94.3478,GRID_B_FULL_TP,1.062,1.309,True,False,False,2026-05,2026,5,Q2
SOL/USDT,2026-05-14 23:55:00,2026-05-15 00:10:00,LONG,2026-05-15 00:41:00,92.215,91.9717,92.4583,92.6087,2026-05-15 01:21:00,92.2888,BE_STOP,0.197,0.5,True,False,False,2026-05,2026,5,Q2
SOL/USDT,2026-05-23 18:10:00,2026-05-23 18:50:00,SHORT,2026-05-23 18:56:00,84.795,85.0272,84.5628,84.4193,2026-05-23 19:19:00,85.0272,INITIAL_STOP,-1.292,0.0,True,False,False,2026-05,2026,5,Q2
SOL/USDT,2026-06-01 23:15:00,2026-06-01 23:30:00,SHORT,2026-06-01 23:35:00,81.32,81.772,80.868,80.5887,2026-06-02 01:30:00,80.5887,GRID_B_FULL_TP,1.165,1.309,True,False,False,2026-06,2026,6,Q2
SOL/USDT,2026-06-03 07:15:00,2026-06-03 08:10:00,SHORT,2026-06-03 08:32:00,75.175,75.5128,74.8372,74.6285,2026-06-03 09:50:00,75.1149,BE_STOP,0.322,0.5,True,False,False,2026-06,2026,6,Q2
SOL/USDT,2026-06-07 12:10:00,2026-06-07 12:50:00,LONG,2026-06-07 13:05:00,64.105,63.8638,64.3462,64.4952,2026-06-07 13:16:00,64.1563,BE_STOP,0.287,0.5,True,False,False,2026-06,2026,6,Q2
SOL/USDT,2026-06-10 12:30:00,2026-06-10 13:00:00,SHORT,2026-06-10 13:08:00,64.22,64.7763,63.6637,63.3199,2026-06-10 13:30:00,64.7763,INITIAL_STOP,-1.092,0.0,True,False,False,2026-06,2026,6,Q2
SOL/USDT,2026-06-10 15:50:00,2026-06-10 16:25:00,SHORT,2026-06-10 16:30:00,65.01,65.8675,64.1525,63.6225,2026-06-10 18:35:00,63.6225,GRID_B_FULL_TP,1.248,1.309,True,False,False,2026-06,2026,6,Q2
SOL/USDT,2026-06-11 08:25:00,2026-06-11 09:05:00,SHORT,2026-06-11 09:31:00,65.245,65.6279,64.8621,64.6255,2026-06-11 10:51:00,65.6279,INITIAL_STOP,-1.136,0.0,True,False,False,2026-06,2026,6,Q2
SOL/USDT,2026-06-19 07:35:00,2026-06-19 21:15:00,LONG,2026-06-19 21:21:00,69.21,67.8862,70.5338,71.3519,2026-06-20 14:45:00,71.3519,GRID_B_FULL_TP,1.267,1.309,True,False,False,2026-06,2026,6,Q2
SOL/USDT,2026-08-10 22:00:00,2026-08-10 22:15:00,LONG,2026-08-10 22:22:00,76.27,76.1056,76.4344,76.536,2026-08-10 22:34:00,76.1056,INITIAL_STOP,-1.371,0.0,True,False,False,2026-08,2026,8,Q3
SOL/USDT,2026-08-18 20:50:00,2026-08-18 21:05:00,LONG,2026-08-18 21:29:00,76.935,76.6346,77.2354,77.4211,2026-08-19 00:04:00,76.9965,BE_STOP,0.295,0.5,True,False,False,2026-08,2026,8,Q3
SOL/USDT,2026-08-19 17:15:00,2026-08-19 17:45:00,LONG,2026-08-19 18:09:00,81.35,80.938,81.762,82.0167,2026-08-19 18:31:00,82.0167,GRID_B_FULL_TP,1.151,1.309,True,False,False,2026-08,2026,8,Q3
SOL/USDT,2026-08-20 12:05:00,2026-08-20 12:55:00,LONG,2026-08-20 13:30:00,86.91,86.4796,87.3404,87.6063,2026-08-20 13:31:00,86.4796,INITIAL_STOP,-1.162,0.0,True,False,False,2026-08,2026,8,Q3
SOL/USDT,2026-08-21 11:30:00,2026-08-21 12:40:00,LONG,2026-08-21 13:17:00,90.635,89.764,91.506,92.0442,2026-08-21 15:04:00,92.0442,GRID_B_FULL_TP,1.226,1.309,True,False,False,2026-08,2026,8,Q3
SOL/USDT,2026-08-27 10:25:00,2026-08-27 11:05:00,LONG,2026-08-27 11:11:00,104.24,102.9436,105.5364,106.3375,2026-08-27 14:04:00,106.3375,GRID_B_FULL_TP,1.245,1.309,True,False,False,2026-08,2026,8,Q3
SOL/USDT,2026-08-28 08:45:00,2026-08-28 09:10:00,LONG,2026-08-28 09:32:00,106.22,105.7407,106.6993,106.9956,2026-08-28 09:43:00,105.7407,INITIAL_STOP,-1.177,0.0,True,False,False,2026-08,2026,8,Q3
SOL/USDT,2026-08-28 14:00:00,2026-08-28 14:35:00,LONG,2026-08-28 16:01:00,104.945,103.7626,106.1274,106.8582,2026-08-28 16:23:00,103.7626,INITIAL_STOP,-1.071,0.0,True,False,False,2026-08,2026,8,Q3
SOL/USDT,2026-09-02 12:20:00,2026-09-02 12:35:00,SHORT,2026-09-02 13:06:00,98.215,98.6073,97.8227,97.5802,2026-09-02 13:42:00,98.6073,INITIAL_STOP,-1.2,0.0,True,False,False,2026-09,2026,9,Q3
SOL/USDT,2026-09-08 16:35:00,2026-09-08 17:10:00,SHORT,2026-09-08 18:15:00,104.12,104.8562,103.3838,102.9289,2026-09-08 19:48:00,102.9289,GRID_B_FULL_TP,1.196,1.309,True,False,False,2026-09,2026,9,Q3
BNB/USDT,2024-06-14 14:20:00,2024-06-14 14:55:00,LONG,2024-06-14 15:02:00,605.25,603.6921,606.8079,607.7706,2024-06-14 15:05:00,603.6921,INITIAL_STOP,-1.311,0.0,True,False,False,2024-06,2024,6,Q2
BNB/USDT,2024-06-18 20:05:00,2024-06-18 20:35:00,SHORT,2024-06-18 20:44:00,581.75,583.6726,579.8274,578.6392,2024-06-18 20:50:00,583.6726,INITIAL_STOP,-1.242,0.0,True,False,False,2024-06,2024,6,Q2
BNB/USDT,2024-07-01 14:10:00,2024-07-01 15:05:00,LONG,2024-07-01 15:18:00,578.45,575.5323,581.3677,583.1708,2024-07-01 22:23:00,578.9128,BE_STOP,0.341,0.5,True,False,False,2024-07,2024,7,Q3
BNB/USDT,2024-07-03 21:55:00,2024-07-03 22:25:00,SHORT,2024-07-03 22:31:00,556.95,558.2354,555.6646,554.8702,2024-07-04 00:21:00,556.5044,BE_STOP,0.153,0.5,True,False,False,2024-07,2024,7,Q3
BNB/USDT,2024-07-18 13:05:00,2024-07-18 13:25:00,SHORT,2024-07-18 13:31:00,577.7,579.9665,575.4335,574.0327,2024-07-18 14:15:00,574.0327,GRID_B_FULL_TP,1.105,1.309,True,False,False,2024-07,2024,7,Q3
BNB/USDT,2024-07-19 06:05:00,2024-07-19 06:50:00,SHORT,2024-07-19 06:56:00,573.35,575.46,571.24,569.936,2024-07-19 07:19:00,572.8913,BE_STOP,0.283,0.5,True,False,False,2024-07,2024,7,Q3
BNB/USDT,2024-07-19 11:15:00,2024-07-19 11:40:00,SHORT,2024-07-19 11:48:00,572.45,574.2587,570.6413,569.5236,2024-07-19 12:06:00,574.2587,INITIAL_STOP,-1.253,0.0,True,False,False,2024-07,2024,7,Q3
BNB/USDT,2024-07-29 16:30:00,2024-07-29 17:10:00,LONG,2024-07-29 17:16:00,575.95,574.0361,577.8639,579.0467,2024-07-29 17:29:00,574.0361,INITIAL_STOP,-1.241,0.0,True,False,False,2024-07,2024,7,Q3
BNB/USDT,2024-08-08 19:55:00,2024-08-08 20:20:00,LONG,2024-08-08 20:51:00,503.65,500.8445,506.4555,508.1893,2024-08-08 21:42:00,508.1893,GRID_B_FULL_TP,1.165,1.309,True,False,False,2024-08,2024,8,Q3
BNB/USDT,2024-08-09 08:10:00,2024-08-09 08:25:00,LONG,2024-08-09 08:40:00,508.6,505.9371,511.2629,512.9086,2024-08-09 10:21:00,505.9371,INITIAL_STOP,-1.153,0.0,True,False,False,2024-08,2024,8,Q3
BNB/USDT,2024-08-09 10:20:00,2024-08-09 10:55:00,LONG,2024-08-09 11:14:00,506.1,501.5409,510.6592,513.4767,2024-08-09 13:35:00,501.5409,INITIAL_STOP,-1.089,0.0,True,False,False,2024-08,2024,8,Q3
BNB/USDT,2024-08-09 13:30:00,2024-08-09 13:50:00,LONG,2024-08-09 14:22:00,503.4,501.8449,504.9551,505.9162,2024-08-09 14:23:00,505.9162,GRID_B_FULL_TP,1.05,1.309,True,False,False,2024-08,2024,8,Q3
BNB/USDT,2024-08-09 14:35:00,2024-08-09 14:50:00,LONG,2024-08-09 15:38:00,502.6,497.9461,507.2539,510.13,2024-08-10 00:19:00,510.13,GRID_B_FULL_TP,1.223,1.309,True,False,False,2024-08,2024,8,Q3
BNB/USDT,2024-08-11 13:10:00,2024-08-11 13:50:00,LONG,2024-08-11 14:53:00,521.45,517.6178,525.2822,527.6505,2024-08-11 15:08:00,517.6178,INITIAL_STOP,-1.109,0.0,True,False,False,2024-08,2024,8,Q3
BNB/USDT,2024-08-12 14:35:00,2024-08-12 15:25:00,SHORT,2024-08-12 15:40:00,518.3,523.1775,513.4225,510.4083,2024-08-12 18:47:00,510.4083,GRID_B_FULL_TP,1.224,1.309,True,False,False,2024-08,2024,8,Q3
BNB/USDT,2024-08-25 13:20:00,2024-08-25 13:45:00,SHORT,2024-08-25 14:16:00,576.65,578.065,575.235,574.3606,2024-08-25 14:32:00,576.1887,BE_STOP,0.174,0.5,True,False,False,2024-08,2024,8,Q3
BNB/USDT,2024-08-29 06:00:00,2024-08-29 06:15:00,SHORT,2024-08-29 06:20:00,542.9,545.0144,540.7857,539.479,2024-08-29 09:01:00,542.4657,BE_STOP,0.295,0.5,True,False,False,2024-08,2024,8,Q3
BNB/USDT,2024-09-04 14:05:00,2024-09-04 14:20:00,SHORT,2024-09-04 14:30:00,502.25,503.8534,500.6466,499.6557,2024-09-04 14:34:00,503.8534,INITIAL_STOP,-1.251,0.0,True,False,False,2024-09,2024,9,Q3
BNB/USDT,2024-09-05 23:45:00,2024-09-06 00:35:00,SHORT,2024-09-06 00:56:00,502.6,503.5539,501.6461,501.0566,2024-09-06 01:03:00,502.1979,BE_STOP,0.078,0.5,True,False,False,2024-09,2024,9,Q3
BNB/USDT,2024-09-07 07:30:00,2024-09-07 08:20:00,SHORT,2024-09-07 08:26:00,494.5,496.7418,492.2582,490.8728,2024-09-07 11:37:00,494.1044,BE_STOP,0.324,0.5,True,False,False,2024-09,2024,9,Q3
BNB/USDT,2024-09-10 21:35:00,2024-09-10 22:10:00,LONG,2024-09-10 23:30:00,519.25,508.4211,530.0789,536.7711,2024-09-11 05:12:00,508.4211,INITIAL_STOP,-1.038,0.0,True,False,False,2024-09,2024,9,Q3
BNB/USDT,2024-09-11 22:20:00,2024-09-11 22:55:00,LONG,2024-09-11 23:23:00,528.8,527.4068,530.1932,531.0542,2024-09-11 23:51:00,531.0542,GRID_B_FULL_TP,1.005,1.309,True,False,False,2024-09,2024,9,Q3
BNB/USDT,2024-09-17 12:55:00,2024-09-17 13:05:00,SHORT,2024-09-17 14:11:00,544.75,546.9171,542.5829,541.2436,2024-09-17 14:15:00,546.9171,INITIAL_STOP,-1.201,0.0,True,False,False,2024-09,2024,9,Q3
BNB/USDT,2024-09-18 18:00:00,2024-09-18 19:05:00,SHORT,2024-09-18 19:11:00,546.8,555.8202,537.7798,532.2053,2024-09-18 23:10:00,555.8202,INITIAL_STOP,-1.048,0.0,True,False,False,2024-09,2024,9,Q3
BNB/USDT,2024-09-22 09:40:00,2024-09-22 10:05:00,LONG,2024-09-22 10:21:00,582.35,580.1265,584.5735,585.9477,2024-09-22 10:42:00,580.1265,INITIAL_STOP,-1.21,0.0,True,False,False,2024-09,2024,9,Q3
BNB/USDT,2024-09-23 22:45:00,2024-09-23 23:15:00,LONG,2024-09-23 23:20:00,606.6,605.4901,607.7099,608.3958,2024-09-23 23:22:00,605.4901,INITIAL_STOP,-1.437,0.0,True,False,False,2024-09,2024,9,Q3
BNB/USDT,2024-09-26 08:30:00,2024-09-26 08:45:00,SHORT,2024-09-26 08:50:00,596.25,597.6944,594.8056,593.913,2024-09-26 09:06:00,593.913,GRID_B_FULL_TP,0.979,1.309,True,False,False,2024-09,2024,9,Q3
BNB/USDT,2024-10-02 07:35:00,2024-10-02 07:55:00,SHORT,2024-10-02 08:00:00,556.75,559.1351,554.3649,552.8909,2024-10-02 09:26:00,552.8909,GRID_B_FULL_TP,1.122,1.309,True,False,False,2024-10,2024,10,Q4
BNB/USDT,2024-10-04 06:20:00,2024-10-04 06:45:00,SHORT,2024-10-04 07:23:00,549.05,551.2236,546.8764,545.5332,2024-10-04 08:10:00,551.2236,INITIAL_STOP,-1.202,0.0,True,False,False,2024-10,2024,10,Q4
BNB/USDT,2024-10-05 19:45:00,2024-10-05 20:30:00,LONG,2024-10-05 20:37:00,560.1,558.8599,561.3401,562.1066,2024-10-05 20:48:00,558.8599,INITIAL_STOP,-1.361,0.0,True,False,False,2024-10,2024,10,Q4
BNB/USDT,2024-10-10 16:00:00,2024-10-10 17:10:00,SHORT,2024-10-10 17:27:00,563.15,568.2447,558.0553,554.9067,2024-10-10 18:08:00,554.9067,GRID_B_FULL_TP,1.221,1.309,True,False,False,2024-10,2024,10,Q4
BNB/USDT,2024-10-21 22:25:00,2024-10-21 23:35:00,SHORT,2024-10-21 23:41:00,599.45,602.3992,596.5008,594.6782,2024-10-22 00:31:00,594.6782,GRID_B_FULL_TP,1.146,1.309,True,False,False,2024-10,2024,10,Q4
BNB/USDT,2024-10-28 17:05:00,2024-10-28 17:35:00,LONG,2024-10-28 17:48:00,591.8,588.0123,595.5877,597.9285,2024-10-28 20:39:00,597.9285,GRID_B_FULL_TP,1.184,1.309,True,False,False,2024-10,2024,10,Q4
BNB/USDT,2024-11-07 13:35:00,2024-11-07 14:25:00,LONG,2024-11-07 14:34:00,590.95,589.5136,592.3864,593.2741,2024-11-07 14:44:00,589.5136,INITIAL_STOP,-1.329,0.0,True,False,False,2024-11,2024,11,Q4
BNB/USDT,2024-11-12 10:05:00,2024-11-12 11:20:00,LONG,2024-11-12 11:51:00,627.865,624.5682,631.1618,633.1992,2024-11-12 12:21:00,628.3673,BE_STOP,0.348,0.5,True,False,False,2024-11,2024,11,Q4
BNB/USDT,2024-11-16 06:15:00,2024-11-16 06:25:00,SHORT,2024-11-16 07:01:00,625.355,628.198,622.512,620.755,2024-11-16 09:16:00,624.8547,BE_STOP,0.324,0.5,True,False,False,2024-11,2024,11,Q4
BNB/USDT,2024-11-24 11:25:00,2024-11-24 12:05:00,LONG,2024-11-24 12:16:00,653.295,647.0201,659.5699,663.4479,2024-11-24 12:34:00,647.0201,INITIAL_STOP,-1.083,0.0,True,False,False,2024-11,2024,11,Q4
BNB/USDT,2024-11-24 12:35:00,2024-11-24 13:05:00,LONG,2024-11-24 13:10:00,647.38,643.0289,651.7311,654.42,2024-11-24 13:22:00,654.42,GRID_B_FULL_TP,1.19,1.309,True,False,False,2024-11,2024,11,Q4
BNB/USDT,2024-11-27 10:40:00,2024-11-27 11:05:00,SHORT,2024-11-27 11:12:00,623.935,626.6659,621.2041,619.5164,2024-11-27 11:20:00,626.6659,INITIAL_STOP,-1.183,0.0,True,False,False,2024-11,2024,11,Q4
BNB/USDT,2024-12-02 14:05:00,2024-12-02 14:15:00,SHORT,2024-12-02 14:27:00,639.66,641.8595,637.4605,636.1012,2024-12-02 14:33:00,641.8595,INITIAL_STOP,-1.233,0.0,True,False,False,2024-12,2024,12,Q4
BNB/USDT,2024-12-04 12:15:00,2024-12-04 12:50:00,LONG,2024-12-04 13:01:00,779.47,769.9508,788.9892,794.8721,2024-12-04 13:20:00,769.9508,INITIAL_STOP,-1.066,0.0,True,False,False,2024-12,2024,12,Q4
BNB/USDT,2024-12-11 11:25:00,2024-12-11 11:40:00,SHORT,2024-12-11 12:00:00,689.6,691.7344,687.4656,686.1465,2024-12-11 12:17:00,689.0483,BE_STOP,0.242,0.5,True,False,False,2024-12,2024,12,Q4
BNB/USDT,2024-12-11 13:30:00,2024-12-11 14:10:00,SHORT,2024-12-11 14:24:00,688.57,696.2329,680.9071,676.1715,2024-12-11 15:12:00,696.2329,INITIAL_STOP,-1.072,0.0,True,False,False,2024-12,2024,12,Q4
BNB/USDT,2024-12-13 08:55:00,2024-12-13 09:20:00,SHORT,2024-12-13 10:03:00,710.635,715.626,705.644,702.5596,2024-12-13 11:09:00,715.626,INITIAL_STOP,-1.114,0.0,True,False,False,2024-12,2024,12,Q4
BNB/USDT,2024-12-20 13:30:00,2024-12-20 14:00:00,SHORT,2024-12-20 14:06:00,651.58,653.9774,649.1826,647.7011,2024-12-20 14:14:00,653.9774,INITIAL_STOP,-1.217,0.0,True,False,False,2024-12,2024,12,Q4
BNB/USDT,2024-12-24 06:55:00,2024-12-24 07:15:00,LONG,2024-12-24 08:27:00,689.44,682.3658,696.5142,700.886,2024-12-24 20:05:00,689.9916,BE_STOP,0.422,0.5,True,False,False,2024-12,2024,12,Q4
BNB/USDT,2024-12-26 08:15:00,2024-12-26 08:50:00,LONG,2024-12-26 09:18:00,695.06,693.7574,696.3626,697.1676,2024-12-26 09:28:00,693.7574,INITIAL_STOP,-1.427,0.0,True,False,False,2024-12,2024,12,Q4
BNB/USDT,2024-12-26 08:20:00,2024-12-26 08:50:00,LONG,2024-12-26 09:18:00,695.06,691.2574,698.8626,701.2126,2024-12-26 12:01:00,695.616,BE_STOP,0.354,0.5,True,False,False,2024-12,2024,12,Q4
BNB/USDT,2024-12-28 22:10:00,2024-12-28 22:20:00,LONG,2024-12-28 22:43:00,724.19,721.7237,726.6563,728.1804,2024-12-28 23:37:00,721.7237,INITIAL_STOP,-1.235,0.0,True,False,False,2024-12,2024,12,Q4
BNB/USDT,2024-12-29 09:15:00,2024-12-29 09:50:00,LONG,2024-12-29 11:15:00,712.12,708.7318,715.5082,717.6021,2024-12-29 14:21:00,708.7318,INITIAL_STOP,-1.168,0.0,True,False,False,2024-12,2024,12,Q4
BNB/USDT,2024-12-29 20:05:00,2024-12-29 20:45:00,LONG,2024-12-29 21:12:00,695.69,693.6665,697.7135,698.9641,2024-12-29 21:49:00,693.6665,INITIAL_STOP,-1.275,0.0,True,False,False,2024-12,2024,12,Q4
BNB/USDT,2024-12-29 20:20:00,2024-12-29 20:45:00,LONG,2024-12-29 21:12:00,695.69,692.5665,698.8135,700.7439,2024-12-29 22:10:00,692.5665,INITIAL_STOP,-1.178,0.0,True,False,False,2024-12,2024,12,Q4
BNB/USDT,2025-01-07 11:45:00,2025-01-07 11:55:00,LONG,2025-01-07 12:23:00,724.705,720.8929,728.5171,730.8729,2025-01-07 14:57:00,720.8929,INITIAL_STOP,-1.152,0.0,True,False,False,2025-01,2025,1,Q1
BNB/USDT,2025-01-17 23:00:00,2025-01-17 23:25:00,LONG,2025-01-18 00:20:00,720.71,718.7989,722.6211,723.8021,2025-01-18 01:08:00,721.2866,BE_STOP,0.198,0.5,True,False,False,2025-01,2025,1,Q1
BNB/USDT,2025-02-09 18:15:00,2025-02-09 18:30:00,LONG,2025-02-09 19:01:00,621.5,619.1578,623.8422,625.2898,2025-02-09 19:07:00,619.1578,INITIAL_STOP,-1.212,0.0,True,False,False,2025-02,2025,2,Q1
BNB/USDT,2025-02-12 13:30:00,2025-02-12 14:40:00,LONG,2025-02-12 15:11:00,641.81,636.8973,646.7227,649.7588,2025-02-12 15:20:00,649.7588,GRID_B_FULL_TP,1.204,1.309,True,False,False,2025-02,2025,2,Q1
BNB/USDT,2025-02-13 14:35:00,2025-02-13 14:50:00,LONG,2025-02-13 16:12:00,696.35,682.9655,709.7345,718.0062,2025-02-13 16:16:00,682.9655,INITIAL_STOP,-1.042,0.0,True,False,False,2025-02,2025,2,Q1
BNB/USDT,2025-02-18 09:55:00,2025-02-18 10:10:00,SHORT,2025-02-18 10:34:00,652.49,655.9587,649.0213,646.8776,2025-02-18 10:49:00,655.9587,INITIAL_STOP,-1.15,0.0,True,False,False,2025-02,2025,2,Q1
BNB/USDT,2025-02-18 19:45:00,2025-02-18 20:00:00,SHORT,2025-02-18 20:12:00,641.26,644.9519,637.5681,635.2865,2025-02-18 21:05:00,644.9519,INITIAL_STOP,-1.139,0.0,True,False,False,2025-02,2025,2,Q1
BNB/USDT,2025-02-18 21:05:00,2025-02-18 21:50:00,SHORT,2025-02-18 22:00:00,643.685,646.8455,640.5245,638.5713,2025-02-18 22:31:00,646.8455,INITIAL_STOP,-1.163,0.0,True,False,False,2025-02,2025,2,Q1
BNB/USDT,2025-02-18 23:50:00,2025-02-19 01:00:00,SHORT,2025-02-19 02:40:00,646.735,649.1201,644.3499,642.8759,2025-02-19 03:46:00,649.1201,INITIAL_STOP,-1.217,0.0,True,False,False,2025-02,2025,2,Q1
BNB/USDT,2025-02-21 15:25:00,2025-02-21 16:15:00,LONG,2025-02-21 16:26:00,659.67,654.5605,664.7795,667.9372,2025-02-21 17:09:00,654.5605,INITIAL_STOP,-1.103,0.0,True,False,False,2025-02,2025,2,Q1
BNB/USDT,2025-02-21 15:35:00,2025-02-21 16:15:00,LONG,2025-02-21 16:26:00,659.67,650.5105,668.8295,674.4901,2025-02-21 17:31:00,650.5105,INITIAL_STOP,-1.058,0.0,True,False,False,2025-02,2025,2,Q1
BNB/USDT,2025-02-21 15:40:00,2025-02-21 16:15:00,LONG,2025-02-21 16:26:00,659.67,648.1305,671.2095,678.3409,2025-02-21 17:36:00,648.1305,INITIAL_STOP,-1.046,0.0,True,False,False,2025-02,2025,2,Q1
BNB/USDT,2025-02-21 22:25:00,2025-02-21 23:05:00,SHORT,2025-02-21 23:15:00,644.74,647.5371,641.9429,640.2143,2025-02-22 00:24:00,647.5371,INITIAL_STOP,-1.184,0.0,True,False,False,2025-02,2025,2,Q1
BNB/USDT,2025-02-23 12:40:00,2025-02-23 13:05:00,LONG,2025-02-23 13:23:00,656.04,655.0159,657.0641,657.6969,2025-02-23 14:03:00,655.0159,INITIAL_STOP,-1.513,0.0,True,False,False,2025-02,2025,2,Q1
BNB/USDT,2025-02-25 20:25:00,2025-02-25 21:10:00,SHORT,2025-02-25 21:20:00,622.13,625.2932,618.9668,617.012,2025-02-25 22:02:00,625.2932,INITIAL_STOP,-1.157,0.0,True,False,False,2025-02,2025,2,Q1
BNB/USDT,2025-02-25 22:05:00,2025-02-25 22:15:00,SHORT,2025-02-25 22:56:00,625.835,629.0088,622.6612,620.6999,2025-02-26 01:16:00,629.0088,INITIAL_STOP,-1.158,0.0,True,False,False,2025-02,2025,2,Q1
BNB/USDT,2025-03-03 22:50:00,2025-03-03 23:05:00,SHORT,2025-03-03 23:10:00,577.61,580.4764,574.7436,572.9721,2025-03-04 00:06:00,577.1479,BE_STOP,0.339,0.5,True,False,False,2025-03,2025,3,Q1
BNB/USDT,2025-03-04 20:20:00,2025-03-04 20:35:00,SHORT,2025-03-04 20:44:00,583.485,587.8552,579.1148,576.414,2025-03-04 21:18:00,583.0182,BE_STOP,0.393,0.5,True,False,False,2025-03,2025,3,Q1
BNB/USDT,2025-03-05 07:00:00,2025-03-05 07:35:00,SHORT,2025-03-05 07:50:00,592.745,594.7291,590.7609,589.5347,2025-03-05 08:08:00,594.7291,INITIAL_STOP,-1.239,0.0,True,False,False,2025-03,2025,3,Q1
BNB/USDT,2025-03-11 16:30:00,2025-03-11 16:45:00,SHORT,2025-03-11 16:52:00,550.84,554.2263,547.4537,545.361,2025-03-11 17:36:00,545.361,GRID_B_FULL_TP,1.179,1.309,True,False,False,2025-03,2025,3,Q1
BNB/USDT,2025-03-16 11:40:00,2025-03-16 12:05:00,LONG,2025-03-16 12:18:00,595.69,592.5965,598.7835,600.6953,2025-03-16 12:30:00,600.6953,GRID_B_FULL_TP,1.155,1.309,True,False,False,2025-03,2025,3,Q1
BNB/USDT,2025-03-16 19:10:00,2025-03-16 20:05:00,LONG,2025-03-16 20:27:00,599.51,598.5407,600.4793,601.0783,2025-03-16 20:37:00,601.0783,GRID_B_FULL_TP,0.814,1.309,True,False,False,2025-03,2025,3,Q1
BNB/USDT,2025-03-28 08:50:00,2025-03-28 09:25:00,LONG,2025-03-28 11:13:00,628.245,626.3576,630.1324,631.2988,2025-03-28 11:25:00,628.7476,BE_STOP,0.234,0.5,True,False,False,2025-03,2025,3,Q1
BNB/USDT,2025-03-31 17:20:00,2025-03-31 17:40:00,SHORT,2025-03-31 18:12:00,607.525,608.6613,606.3887,605.6865,2025-03-31 19:26:00,605.6865,GRID_B_FULL_TP,0.881,1.309,True,False,False,2025-03,2025,3,Q1
BNB/USDT,2025-04-09 07:25:00,2025-04-09 08:15:00,SHORT,2025-04-09 08:20:00,555.155,558.0027,552.3073,550.5474,2025-04-09 09:30:00,558.0027,INITIAL_STOP,-1.156,0.0,True,False,False,2025-04,2025,4,Q2
BNB/USDT,2025-04-09 09:45:00,2025-04-09 10:05:00,SHORT,2025-04-09 10:14:00,558.75,560.1381,557.3619,556.504,2025-04-09 10:33:00,556.504,GRID_B_FULL_TP,0.987,1.309,True,False,False,2025-04,2025,4,Q2
BNB/USDT,2025-04-11 14:25:00,2025-04-11 14:45:00,LONG,2025-04-11 14:50:00,583.52,579.4147,587.6253,590.1623,2025-04-11 18:05:00,590.1623,GRID_B_FULL_TP,1.195,1.309,True,False,False,2025-04,2025,4,Q2
BNB/USDT,2025-04-16 17:30:00,2025-04-16 17:45:00,SHORT,2025-04-16 18:26:00,582.99,587.8745,578.1055,575.0869,2025-04-17 12:54:00,587.8745,INITIAL_STOP,-1.095,0.0,True,False,False,2025-04,2025,4,Q2
BNB/USDT,2025-04-16 19:50:00,2025-04-16 20:45:00,SHORT,2025-04-16 21:04:00,584.805,586.2372,583.3728,582.4877,2025-04-17 00:00:00,582.4877,GRID_B_FULL_TP,0.982,1.309,True,False,False,2025-04,2025,4,Q2
BNB/USDT,2025-04-17 09:20:00,2025-04-17 10:15:00,SHORT,2025-04-17 10:23:00,585.64,586.6585,584.6215,583.9921,2025-04-17 10:31:00,586.6585,INITIAL_STOP,-1.46,0.0,True,False,False,2025-04,2025,4,Q2
BNB/USDT,2025-04-17 09:40:00,2025-04-17 10:15:00,SHORT,2025-04-17 10:23:00,585.64,587.5685,583.7115,582.5198,2025-04-17 12:27:00,587.5685,INITIAL_STOP,-1.243,0.0,True,False,False,2025-04,2025,4,Q2
BNB/USDT,2025-04-24 10:55:00,2025-04-24 11:35:00,SHORT,2025-04-24 11:42:00,597.365,599.246,595.484,594.3215,2025-04-24 13:30:00,599.246,INITIAL_STOP,-1.254,0.0,True,False,False,2025-04,2025,4,Q2
BNB/USDT,2025-04-25 10:35:00,2025-04-25 11:05:00,LONG,2025-04-25 11:11:00,605.62,604.5316,606.7084,607.3811,2025-04-25 11:30:00,604.5316,INITIAL_STOP,-1.445,0.0,True,False,False,2025-04,2025,4,Q2
BNB/USDT,2025-04-30 12:45:00,2025-04-30 12:55:00,LONG,2025-04-30 13:00:00,600.0,597.6,602.4,603.8832,2025-04-30 13:13:00,597.6,INITIAL_STOP,-1.2,0.0,True,False,False,2025-04,2025,4,Q2
BNB/USDT,2025-05-01 22:30:00,2025-05-01 23:20:00,LONG,2025-05-01 23:37:00,598.905,597.8216,599.9884,600.6579,2025-05-02 00:07:00,599.3841,BE_STOP,0.058,0.5,True,False,False,2025-05,2025,5,Q2
BNB/USDT,2025-05-09 09:25:00,2025-05-09 10:10:00,LONG,2025-05-09 10:20:00,632.005,627.882,636.128,638.676,2025-05-09 11:10:00,638.676,GRID_B_FULL_TP,1.186,1.309,True,False,False,2025-05,2025,5,Q2
BNB/USDT,2025-05-10 10:55:00,2025-05-10 11:10:00,LONG,2025-05-10 11:17:00,656.05,654.5159,657.5841,658.5321,2025-05-10 11:33:00,654.5159,INITIAL_STOP,-1.342,0.0,True,False,False,2025-05,2025,5,Q2
BNB/USDT,2025-05-10 15:10:00,2025-05-10 15:30:00,LONG,2025-05-10 15:36:00,651.825,648.1823,655.4677,657.7189,2025-05-10 17:39:00,657.7189,GRID_B_FULL_TP,1.166,1.309,True,False,False,2025-05,2025,5,Q2
BNB/USDT,2025-05-11 07:05:00,2025-05-11 08:05:00,LONG,2025-05-11 08:30:00,656.47,653.7253,659.2147,660.9109,2025-05-11 12:44:00,656.9952,BE_STOP,0.309,0.5,True,False,False,2025-05,2025,5,Q2
BNB/USDT,2025-05-11 16:05:00,2025-05-11 16:25:00,LONG,2025-05-11 16:38:00,650.605,646.8541,654.3559,656.674,2025-05-11 20:08:00,651.1255,BE_STOP,0.361,0.5,True,False,False,2025-05,2025,5,Q2
BNB/USDT,2025-05-12 18:05:00,2025-05-12 19:05:00,LONG,2025-05-12 19:27:00,658.055,654.7129,661.3971,663.4625,2025-05-12 21:40:00,663.4625,GRID_B_FULL_TP,1.151,1.309,True,False,False,2025-05,2025,5,Q2
BNB/USDT,2025-05-23 06:45:00,2025-05-23 07:00:00,LONG,2025-05-23 07:47:00,683.72,681.3944,686.0456,687.4828,2025-05-23 10:10:00,684.267,BE_STOP,0.265,0.5,True,False,False,2025-05,2025,5,Q2
BNB/USDT,2025-05-23 08:00:00,2025-05-23 08:40:00,LONG,2025-05-23 10:13:00,683.875,680.9142,686.8358,688.6656,2025-05-23 11:21:00,680.9142,INITIAL_STOP,-1.185,0.0,True,False,False,2025-05,2025,5,Q2
BNB/USDT,2025-05-24 06:00:00,2025-05-24 06:20:00,SHORT,2025-05-24 06:25:00,669.035,670.5936,667.4764,666.5133,2025-05-24 06:37:00,668.4998,BE_STOP,0.157,0.5,True,False,False,2025-05,2025,5,Q2
BNB/USDT,2025-05-24 07:05:00,2025-05-24 07:45:00,SHORT,2025-05-24 08:01:00,668.81,672.6232,664.9968,662.6402,2025-05-24 09:04:00,672.6232,INITIAL_STOP,-1.14,0.0,True,False,False,2025-05,2025,5,Q2
BNB/USDT,2025-05-24 10:40:00,2025-05-24 11:20:00,SHORT,2025-05-24 11:30:00,675.15,677.1727,673.1273,671.8772,2025-05-24 13:57:00,671.8772,GRID_B_FULL_TP,1.042,1.309,True,False,False,2025-05,2025,5,Q2
BNB/USDT,2025-05-24 18:10:00,2025-05-24 18:45:00,SHORT,2025-05-24 19:07:00,676.07,677.7541,674.3859,673.3451,2025-05-24 20:48:00,673.3451,GRID_B_FULL_TP,0.988,1.309,True,False,False,2025-05,2025,5,Q2
BNB/USDT,2025-05-26 16:00:00,2025-05-26 16:20:00,SHORT,2025-05-26 16:55:00,676.365,678.1145,674.6155,673.5342,2025-05-26 17:17:00,673.5342,GRID_B_FULL_TP,1.0,1.309,True,False,False,2025-05,2025,5,Q2
BNB/USDT,2025-05-27 10:40:00,2025-05-27 11:25:00,LONG,2025-05-27 11:35:00,680.87,678.7187,683.0213,684.3508,2025-05-27 13:04:00,684.3508,GRID_B_FULL_TP,1.056,1.309,True,False,False,2025-05,2025,5,Q2
BNB/USDT,2025-05-31 13:00:00,2025-05-31 13:20:00,SHORT,2025-05-31 13:26:00,657.9,659.0268,656.7732,656.0768,2025-05-31 14:04:00,657.3737,BE_STOP,0.033,0.5,True,False,False,2025-05,2025,5,Q2
BNB/USDT,2025-06-03 12:05:00,2025-06-03 13:15:00,LONG,2025-06-03 13:31:00,664.575,661.6631,667.4869,669.2864,2025-06-03 16:56:00,665.1067,BE_STOP,0.317,0.5,True,False,False,2025-06,2025,6,Q2
BNB/USDT,2025-06-18 20:50:00,2025-06-18 21:10:00,SHORT,2025-06-18 21:19:00,643.705,645.7556,641.6544,640.3872,2025-06-19 00:32:00,645.7556,INITIAL_STOP,-1.251,0.0,True,False,False,2025-06,2025,6,Q2
BNB/USDT,2025-06-23 20:20:00,2025-06-23 20:35:00,SHORT,2025-06-23 20:41:00,633.7,635.4905,631.9095,630.8029,2025-06-23 21:15:00,633.193,BE_STOP,0.217,0.5,True,False,False,2025-06,2025,6,Q2
BNB/USDT,2025-07-14 19:10:00,2025-07-14 19:25:00,LONG,2025-07-14 19:51:00,689.325,686.836,691.814,693.3522,2025-07-14 20:15:00,686.836,INITIAL_STOP,-1.222,0.0,True,False,False,2025-07,2025,7,Q3
BNB/USDT,2025-07-23 17:15:00,2025-07-23 18:25:00,LONG,2025-07-23 18:30:00,771.745,759.8424,783.6476,791.0034,2025-07-23 20:34:00,759.8424,INITIAL_STOP,-1.052,0.0,True,False,False,2025-07,2025,7,Q3
BNB/USDT,2025-07-25 10:00:00,2025-07-25 10:10:00,SHORT,2025-07-25 11:18:00,770.8,774.4062,767.1938,764.9652,2025-07-25 12:03:00,774.4062,INITIAL_STOP,-1.171,0.0,True,False,False,2025-07,2025,7,Q3
BNB/USDT,2025-07-25 12:00:00,2025-07-25 12:25:00,SHORT,2025-07-25 12:30:00,773.525,781.1603,765.8897,761.1711,2025-07-25 14:58:00,761.1711,GRID_B_FULL_TP,1.228,1.309,True,False,False,2025-07,2025,7,Q3
BNB/USDT,2025-07-28 18:00:00,2025-07-28 18:40:00,LONG,2025-07-28 18:46:00,828.99,827.1965,830.7835,831.8919,2025-07-28 18:52:00,829.6532,BE_STOP,0.13,0.5,True,False,False,2025-07,2025,7,Q3
BNB/USDT,2025-07-29 21:55:00,2025-07-29 22:05:00,SHORT,2025-07-29 22:47:00,805.12,810.4677,799.7723,796.4675,2025-07-30 00:43:00,796.4675,GRID_B_FULL_TP,1.189,1.309,True,False,False,2025-07,2025,7,Q3
BNB/USDT,2025-08-01 12:05:00,2025-08-01 12:20:00,SHORT,2025-08-01 12:30:00,771.885,775.5878,768.1822,765.8938,2025-08-01 12:33:00,775.5878,INITIAL_STOP,-1.167,0.0,True,False,False,2025-08,2025,8,Q3
BNB/USDT,2025-08-05 07:35:00,2025-08-05 08:20:00,LONG,2025-08-05 08:36:00,757.825,754.0133,761.6367,763.9924,2025-08-05 10:28:00,763.9924,GRID_B_FULL_TP,1.15,1.309,True,False,False,2025-08,2025,8,Q3
BNB/USDT,2025-08-06 23:15:00,2025-08-06 23:35:00,LONG,2025-08-07 00:08:00,769.285,766.6861,771.8839,773.4901,2025-08-07 01:26:00,773.4901,GRID_B_FULL_TP,1.072,1.309,True,False,False,2025-08,2025,8,Q3
BNB/USDT,2025-08-21 12:50:00,2025-08-21 13:05:00,LONG,2025-08-21 13:30:00,849.195,845.2362,853.1538,855.6003,2025-08-21 13:46:00,849.8744,BE_STOP,0.328,0.5,True,False,False,2025-08,2025,8,Q3
BNB/USDT,2025-08-26 12:35:00,2025-08-26 12:55:00,SHORT,2025-08-26 13:31:00,847.64,850.8215,844.4585,842.4924,2025-08-26 13:49:00,842.4924,GRID_B_FULL_TP,1.096,1.309,True,False,False,2025-08,2025,8,Q3
BNB/USDT,2025-08-26 12:40:00,2025-08-26 12:55:00,SHORT,2025-08-26 13:31:00,847.64,852.1315,843.1485,840.3728,2025-08-26 13:50:00,840.3728,GRID_B_FULL_TP,1.158,1.309,True,False,False,2025-08,2025,8,Q3
BNB/USDT,2025-09-10 15:30:00,2025-09-10 16:50:00,LONG,2025-09-10 17:19:00,897.265,893.1841,901.3459,903.8679,2025-09-10 19:14:00,893.1841,INITIAL_STOP,-1.176,0.0,True,False,False,2025-09,2025,9,Q3
BNB/USDT,2025-09-11 12:30:00,2025-09-11 12:50:00,LONG,2025-09-11 13:01:00,899.995,891.54,908.45,913.6752,2025-09-11 15:45:00,891.54,INITIAL_STOP,-1.085,0.0,True,False,False,2025-09,2025,9,Q3
BNB/USDT,2025-09-13 13:50:00,2025-09-13 14:20:00,LONG,2025-09-13 14:32:00,936.53,930.7952,942.2648,945.8089,2025-09-13 15:54:00,937.2792,BE_STOP,0.369,0.5,True,False,False,2025-09,2025,9,Q3
BNB/USDT,2025-09-14 14:40:00,2025-09-14 15:15:00,LONG,2025-09-14 15:58:00,924.465,922.8533,926.0767,927.0727,2025-09-14 16:06:00,927.0727,GRID_B_FULL_TP,0.85,1.309,True,False,False,2025-09,2025,9,Q3
BNB/USDT,2025-10-10 19:55:00,2025-10-10 20:35:00,SHORT,2025-10-10 20:42:00,1232.2,1248.8883,1215.5117,1205.1983,2025-10-10 20:56:00,1205.1983,GRID_B_FULL_TP,1.25,1.309,True,False,False,2025-10,2025,10,Q4
BNB/USDT,2025-10-11 15:10:00,2025-10-11 15:35:00,SHORT,2025-10-11 15:54:00,1148.29,1160.0024,1136.5776,1129.3393,2025-10-11 16:17:00,1147.3714,BE_STOP,0.422,0.5,True,False,False,2025-10,2025,10,Q4
BNB/USDT,2025-10-12 21:30:00,2025-10-12 22:00:00,LONG,2025-10-12 22:05:00,1289.98,1278.065,1301.895,1309.2584,2025-10-12 22:42:00,1278.065,INITIAL_STOP,-1.087,0.0,True,False,False,2025-10,2025,10,Q4
BNB/USDT,2025-10-13 11:25:00,2025-10-13 11:40:00,LONG,2025-10-13 11:46:00,1291.055,1266.0734,1316.0366,1331.4752,2025-10-13 14:27:00,1266.0734,INITIAL_STOP,-1.041,0.0,True,False,False,2025-10,2025,10,Q4
BNB/USDT,2025-10-14 16:10:00,2025-10-14 17:00:00,SHORT,2025-10-14 17:05:00,1218.575,1231.8279,1205.3221,1197.1319,2025-10-14 19:44:00,1197.1319,GRID_B_FULL_TP,1.235,1.309,True,False,False,2025-10,2025,10,Q4
BNB/USDT,2025-10-24 07:50:00,2025-10-24 08:40:00,LONG,2025-10-24 10:21:00,1124.77,1120.1128,1129.4272,1132.3053,2025-10-24 12:30:00,1132.3053,GRID_B_FULL_TP,1.116,1.309,True,False,False,2025-10,2025,10,Q4
BNB/USDT,2025-10-26 14:55:00,2025-10-26 15:10:00,LONG,2025-10-26 16:16:00,1129.205,1125.0762,1133.3338,1135.8854,2025-10-26 16:57:00,1125.0762,INITIAL_STOP,-1.219,0.0,True,False,False,2025-10,2025,10,Q4
BNB/USDT,2025-10-30 23:55:00,2025-10-31 00:25:00,SHORT,2025-10-31 00:31:00,1077.98,1081.177,1074.783,1072.8073,2025-10-31 00:45:00,1081.177,INITIAL_STOP,-1.27,0.0,True,False,False,2025-10,2025,10,Q4
BNB/USDT,2025-11-02 23:10:00,2025-11-02 23:25:00,SHORT,2025-11-02 23:30:00,1081.89,1085.5228,1078.2572,1076.0121,2025-11-02 23:42:00,1085.5228,INITIAL_STOP,-1.238,0.0,True,False,False,2025-11,2025,11,Q4
BNB/USDT,2025-11-04 23:05:00,2025-11-05 00:10:00,SHORT,2025-11-05 00:19:00,935.57,943.0134,928.1266,923.5267,2025-11-05 00:43:00,923.5267,GRID_B_FULL_TP,1.208,1.309,True,False,False,2025-11,2025,11,Q4
BNB/USDT,2025-11-12 09:10:00,2025-11-12 09:30:00,SHORT,2025-11-12 09:38:00,967.38,970.4411,964.3189,962.4272,2025-11-12 10:30:00,970.4411,INITIAL_STOP,-1.253,0.0,True,False,False,2025-11,2025,11,Q4
BNB/USDT,2025-11-18 11:50:00,2025-11-18 12:40:00,LONG,2025-11-18 12:52:00,916.44,912.6253,920.2547,922.6121,2025-11-18 13:30:00,912.6253,INITIAL_STOP,-1.192,0.0,True,False,False,2025-11,2025,11,Q4
BNB/USDT,2025-11-21 21:45:00,2025-11-21 22:25:00,SHORT,2025-11-21 23:45:00,832.17,836.3683,827.9717,825.3772,2025-11-22 00:08:00,836.3683,INITIAL_STOP,-1.159,0.0,True,False,False,2025-11,2025,11,Q4
BNB/USDT,2025-12-20 10:20:00,2025-12-20 10:45:00,LONG,2025-12-20 11:05:00,851.81,849.6723,853.9477,855.2688,2025-12-20 22:05:00,852.4914,BE_STOP,0.181,0.5,True,False,False,2025-12,2025,12,Q4
BNB/USDT,2025-12-29 14:35:00,2025-12-29 14:55:00,SHORT,2025-12-29 15:13:00,853.135,856.6797,849.5903,847.3997,2025-12-30 03:47:00,852.4525,BE_STOP,0.307,0.5,True,False,False,2025-12,2025,12,Q4
BNB/USDT,2025-12-31 15:10:00,2025-12-31 15:45:00,LONG,2025-12-31 15:59:00,863.37,861.7049,865.0351,866.0641,2025-12-31 16:24:00,861.7049,INITIAL_STOP,-1.415,0.0,True,False,False,2025-12,2025,12,Q4
BNB/USDT,2026-01-14 06:05:00,2026-01-14 06:40:00,LONG,2026-01-14 07:28:00,937.665,933.2635,942.0665,944.7866,2026-01-14 11:10:00,933.2635,INITIAL_STOP,-1.17,0.0,True,False,False,2026-01,2026,1,Q1
BNB/USDT,2026-01-20 20:15:00,2026-01-20 20:35:00,SHORT,2026-01-20 20:46:00,896.045,899.3441,892.7459,890.7071,2026-01-20 22:33:00,890.7071,GRID_B_FULL_TP,1.092,1.309,True,False,False,2026-01,2026,1,Q1
BNB/USDT,2026-02-01 23:35:00,2026-02-01 23:50:00,SHORT,2026-02-02 00:08:00,760.99,767.5315,754.4485,750.4059,2026-02-02 00:17:00,767.5315,INITIAL_STOP,-1.093,0.0,True,False,False,2026-02,2026,2,Q1
BNB/USDT,2026-02-02 17:40:00,2026-02-02 18:35:00,LONG,2026-02-02 18:46:00,774.675,771.368,777.982,780.0257,2026-02-02 19:36:00,771.368,INITIAL_STOP,-1.187,0.0,True,False,False,2026-02,2026,2,Q1
BNB/USDT,2026-02-10 17:40:00,2026-02-10 17:55:00,SHORT,2026-02-10 18:00:00,623.92,626.5159,621.3241,619.7199,2026-02-10 18:21:00,619.7199,GRID_B_FULL_TP,1.117,1.309,True,False,False,2026-02,2026,2,Q1
BNB/USDT,2026-02-11 14:10:00,2026-02-11 14:25:00,SHORT,2026-02-11 14:31:00,607.34,612.761,601.919,598.5688,2026-02-11 14:50:00,598.5688,GRID_B_FULL_TP,1.219,1.309,True,False,False,2026-02,2026,2,Q1
BNB/USDT,2026-02-15 10:15:00,2026-02-15 10:25:00,LONG,2026-02-15 10:34:00,628.435,625.2673,631.6027,633.5603,2026-02-15 12:49:00,625.2673,INITIAL_STOP,-1.159,0.0,True,False,False,2026-02,2026,2,Q1
BNB/USDT,2026-02-16 09:35:00,2026-02-16 10:25:00,SHORT,2026-02-16 10:31:00,617.87,620.7368,615.0032,613.2315,2026-02-16 11:31:00,617.3757,BE_STOP,0.328,0.5,True,False,False,2026-02,2026,2,Q1
BNB/USDT,2026-02-25 23:40:00,2026-02-25 23:55:00,LONG,2026-02-26 00:41:00,627.555,623.3887,631.7213,634.2961,2026-02-26 01:44:00,628.057,BE_STOP,0.379,0.5,True,False,False,2026-02,2026,2,Q1
BNB/USDT,2026-02-26 14:45:00,2026-02-26 15:00:00,LONG,2026-02-26 15:12:00,623.4,620.1649,626.6351,628.6344,2026-02-26 15:21:00,620.1649,INITIAL_STOP,-1.154,0.0,True,False,False,2026-02,2026,2,Q1
BNB/USDT,2026-02-26 16:50:00,2026-02-26 17:05:00,LONG,2026-02-26 17:24:00,616.375,614.4254,618.3246,619.5294,2026-02-26 17:37:00,616.8681,BE_STOP,0.247,0.5,True,False,False,2026-02,2026,2,Q1
BNB/USDT,2026-02-28 13:45:00,2026-02-28 14:50:00,SHORT,2026-02-28 15:28:00,603.735,604.6556,602.8144,602.2455,2026-02-28 15:31:00,603.252,BE_STOP,-0.025,0.5,True,False,False,2026-02,2026,2,Q1
BNB/USDT,2026-03-05 06:05:00,2026-03-05 06:20:00,LONG,2026-03-05 07:37:00,651.665,649.9525,653.3775,654.4358,2026-03-05 07:50:00,649.9525,INITIAL_STOP,-1.304,0.0,True,False,False,2026-03,2026,3,Q1
BNB/USDT,2026-03-05 16:10:00,2026-03-05 16:25:00,LONG,2026-03-05 17:19:00,649.615,645.2856,653.9444,656.62,2026-03-06 04:39:00,645.2856,INITIAL_STOP,-1.12,0.0,True,False,False,2026-03,2026,3,Q1
BNB/USDT,2026-03-08 07:10:00,2026-03-08 07:25:00,SHORT,2026-03-08 09:17:00,621.175,622.6918,619.6582,618.7209,2026-03-08 10:23:00,622.6918,INITIAL_STOP,-1.328,0.0,True,False,False,2026-03,2026,3,Q1
BNB/USDT,2026-03-25 12:20:00,2026-03-25 13:00:00,LONG,2026-03-25 14:12:00,647.785,644.8583,650.7117,652.5204,2026-03-25 15:11:00,644.8583,INITIAL_STOP,-1.177,0.0,True,False,False,2026-03,2026,3,Q1
BNB/USDT,2026-03-26 20:10:00,2026-03-26 20:55:00,SHORT,2026-03-26 21:23:00,630.33,632.3755,628.2845,627.0204,2026-03-26 23:00:00,629.8257,BE_STOP,0.253,0.5,True,False,False,2026-03,2026,3,Q1
BNB/USDT,2026-03-28 06:15:00,2026-03-28 07:35:00,SHORT,2026-03-28 07:50:00,613.7,614.7206,612.6795,612.0488,2026-03-28 09:04:00,612.0488,GRID_B_FULL_TP,0.828,1.309,True,False,False,2026-03,2026,3,Q1
BNB/USDT,2026-03-31 20:45:00,2026-03-31 21:05:00,SHORT,2026-03-31 21:52:00,618.375,620.2476,616.5024,615.3452,2026-03-31 22:33:00,615.3452,GRID_B_FULL_TP,1.045,1.309,True,False,False,2026-03,2026,3,Q1
BNB/USDT,2026-04-01 06:30:00,2026-04-01 06:55:00,SHORT,2026-04-01 07:02:00,619.955,621.1299,618.7801,618.054,2026-04-01 07:32:00,618.054,GRID_B_FULL_TP,0.887,1.309,True,False,False,2026-04,2026,4,Q2
BNB/USDT,2026-04-06 23:00:00,2026-04-06 23:40:00,LONG,2026-04-07 00:38:00,599.25,595.3511,603.1489,605.5584,2026-04-07 09:39:00,605.5584,GRID_B_FULL_TP,1.186,1.309,True,False,False,2026-04,2026,4,Q2
BNB/USDT,2026-04-08 18:25:00,2026-04-08 18:35:00,LONG,2026-04-08 18:40:00,604.755,602.8929,606.6171,607.7679,2026-04-08 18:55:00,602.8929,INITIAL_STOP,-1.26,0.0,True,False,False,2026-04,2026,4,Q2
BNB/USDT,2026-04-15 14:15:00,2026-04-15 14:35:00,SHORT,2026-04-15 15:14:00,619.525,621.3193,617.7307,616.6218,2026-04-15 15:30:00,616.6218,GRID_B_FULL_TP,1.033,1.309,True,False,False,2026-04,2026,4,Q2
BNB/USDT,2026-04-21 17:15:00,2026-04-21 17:40:00,LONG,2026-04-21 18:11:00,629.325,626.576,632.074,633.7729,2026-04-21 19:40:00,626.576,INITIAL_STOP,-1.183,0.0,True,False,False,2026-04,2026,4,Q2
BNB/USDT,2026-04-26 21:30:00,2026-04-26 21:55:00,LONG,2026-04-26 22:33:00,634.44,633.0483,635.8317,636.6917,2026-04-26 23:49:00,636.6917,GRID_B_FULL_TP,0.944,1.309,True,False,False,2026-04,2026,4,Q2
BNB/USDT,2026-04-28 12:45:00,2026-04-28 13:05:00,SHORT,2026-04-28 13:44:00,622.825,624.4742,621.1758,620.1565,2026-04-28 14:25:00,620.1565,GRID_B_FULL_TP,1.007,1.309,True,False,False,2026-04,2026,4,Q2
BNB/USDT,2026-05-06 20:50:00,2026-05-06 21:00:00,LONG,2026-05-06 21:12:00,648.395,646.6874,650.1026,651.1579,2026-05-06 22:07:00,648.9137,BE_STOP,0.196,0.5,True,False,False,2026-05,2026,5,Q2
BNB/USDT,2026-05-06 23:00:00,2026-05-06 23:20:00,LONG,2026-05-07 00:30:00,646.425,643.4904,649.3596,651.1732,2026-05-07 01:04:00,643.4904,INITIAL_STOP,-1.176,0.0,True,False,False,2026-05,2026,5,Q2
BNB/USDT,2026-05-07 14:35:00,2026-05-07 14:50:00,LONG,2026-05-07 14:58:00,642.345,639.7965,644.8935,646.4685,2026-05-07 15:26:00,639.7965,INITIAL_STOP,-1.202,0.0,True,False,False,2026-05,2026,5,Q2
BNB/USDT,2026-05-09 07:05:00,2026-05-09 07:20:00,LONG,2026-05-09 07:33:00,650.73,647.9739,653.4861,655.1894,2026-05-09 14:23:00,647.9739,INITIAL_STOP,-1.189,0.0,True,False,False,2026-05,2026,5,Q2
BNB/USDT,2026-05-21 13:40:00,2026-05-21 13:55:00,LONG,2026-05-21 14:20:00,648.215,645.3877,651.0423,652.7896,2026-05-21 14:48:00,648.7336,BE_STOP,0.317,0.5,True,False,False,2026-05,2026,5,Q2
BNB/USDT,2026-05-26 07:15:00,2026-05-26 07:45:00,LONG,2026-05-26 08:28:00,656.7,655.0149,658.3851,659.4264,2026-05-26 10:21:00,659.4264,GRID_B_FULL_TP,0.997,1.309,True,False,False,2026-05,2026,5,Q2
BNB/USDT,2026-06-10 13:40:00,2026-06-10 13:55:00,SHORT,2026-06-10 14:08:00,594.33,597.3815,591.2785,589.3927,2026-06-10 15:01:00,593.8545,BE_STOP,0.344,0.5,True,False,False,2026-06,2026,6,Q2
BNB/USDT,2026-06-10 15:45:00,2026-06-10 16:45:00,SHORT,2026-06-10 17:02:00,593.685,598.5805,588.7895,585.764,2026-06-10 21:10:00,585.764,GRID_B_FULL_TP,1.212,1.309,True,False,False,2026-06,2026,6,Q2
BNB/USDT,2026-06-20 13:45:00,2026-06-20 14:10:00,SHORT,2026-06-20 14:44:00,583.5,585.5753,581.4247,580.1422,2026-06-20 14:46:00,585.5753,INITIAL_STOP,-1.225,0.0,True,False,False,2026-06,2026,6,Q2
BNB/USDT,2026-07-19 20:00:00,2026-07-20 09:45:00,SHORT,2026-07-20 11:06:00,567.65,569.4515,565.8485,564.7352,2026-07-20 11:32:00,569.4515,INITIAL_STOP,-1.252,0.0,True,False,False,2026-07,2026,7,Q3
BNB/USDT,2026-08-20 12:30:00,2026-08-20 12:55:00,LONG,2026-08-20 13:30:00,641.95,639.1371,644.7629,646.5013,2026-08-20 13:36:00,639.1371,INITIAL_STOP,-1.183,0.0,True,False,False,2026-08,2026,8,Q3
BNB/USDT,2026-08-21 11:30:00,2026-08-21 12:40:00,LONG,2026-08-21 13:24:00,676.7,670.2849,683.1151,687.0796,2026-08-21 22:03:00,687.0796,GRID_B_FULL_TP,1.225,1.309,True,False,False,2026-08,2026,8,Q3
BNB/USDT,2026-08-21 16:10:00,2026-08-21 16:30:00,LONG,2026-08-21 17:20:00,678.0,672.883,683.117,686.2793,2026-08-21 20:00:00,672.883,INITIAL_STOP,-1.106,0.0,True,False,False,2026-08,2026,8,Q3
BNB/USDT,2026-08-25 15:55:00,2026-08-25 16:10:00,SHORT,2026-08-25 16:32:00,699.3,701.3489,697.251,695.9848,2026-08-25 17:15:00,698.7406,BE_STOP,0.227,0.5,True,False,False,2026-08,2026,8,Q3
BNB/USDT,2026-08-29 14:45:00,2026-08-29 15:05:00,SHORT,2026-08-29 15:49:00,691.4,693.6371,689.1629,687.7804,2026-08-29 18:48:00,693.6371,INITIAL_STOP,-1.247,0.0,True,False,False,2026-08,2026,8,Q3
BNB/USDT,2026-08-30 21:00:00,2026-08-30 21:30:00,LONG,2026-08-30 21:43:00,696.35,692.3555,700.3445,702.8131,2026-08-30 23:17:00,692.3555,INITIAL_STOP,-1.139,0.0,True,False,False,2026-08,2026,8,Q3
BNB/USDT,2026-09-10 17:30:00,2026-09-10 18:05:00,SHORT,2026-09-10 18:38:00,712.3,714.4684,710.1315,708.7914,2026-09-10 19:28:00,714.4684,INITIAL_STOP,-1.263,0.0,True,False,False,2026-09,2026,9,Q3
DOGE/USDT,2024-06-14 21:30:00,2024-06-14 22:05:00,SHORT,2024-06-14 22:15:00,0.1354,0.1359,0.1349,0.1346,2024-06-14 22:25:00,0.1346,GRID_B_FULL_TP,1.08,1.309,True,False,False,2024-06,2024,6,Q2
DOGE/USDT,2024-06-15 11:00:00,2024-06-15 11:40:00,SHORT,2024-06-15 11:46:00,0.1368,0.1373,0.1362,0.1359,2024-06-15 11:55:00,0.1373,INITIAL_STOP,-1.204,0.0,True,False,False,2024-06,2024,6,Q2
DOGE/USDT,2024-06-15 11:25:00,2024-06-15 11:40:00,SHORT,2024-06-15 11:46:00,0.1368,0.1381,0.1355,0.1347,2024-06-16 04:22:00,0.1347,GRID_B_FULL_TP,1.224,1.309,True,False,False,2024-06,2024,6,Q2
DOGE/USDT,2024-06-24 21:30:00,2024-06-24 21:45:00,SHORT,2024-06-24 21:53:00,0.1179,0.1185,0.1173,0.117,2024-06-24 22:40:00,0.1185,INITIAL_STOP,-1.168,0.0,True,False,False,2024-06,2024,6,Q2
DOGE/USDT,2024-06-28 15:10:00,2024-06-28 15:55:00,LONG,2024-06-28 16:21:00,0.1253,0.1238,0.1268,0.1278,2024-06-28 17:38:00,0.1238,INITIAL_STOP,-1.066,0.0,True,False,False,2024-06,2024,6,Q2
DOGE/USDT,2024-07-03 21:50:00,2024-07-03 22:05:00,SHORT,2024-07-03 22:39:00,0.1184,0.1186,0.1182,0.1181,2024-07-03 23:06:00,0.1181,GRID_B_FULL_TP,0.874,1.309,True,False,False,2024-07,2024,7,Q3
DOGE/USDT,2024-07-03 21:55:00,2024-07-03 22:05:00,SHORT,2024-07-03 22:39:00,0.1184,0.1189,0.1179,0.1176,2024-07-04 00:16:00,0.1189,INITIAL_STOP,-1.19,0.0,True,False,False,2024-07,2024,7,Q3
DOGE/USDT,2024-07-05 22:25:00,2024-07-05 22:50:00,SHORT,2024-07-05 23:02:00,0.1051,0.1059,0.1043,0.1039,2024-07-05 23:13:00,0.1059,INITIAL_STOP,-1.111,0.0,True,False,False,2024-07,2024,7,Q3
DOGE/USDT,2024-07-08 06:25:00,2024-07-08 06:55:00,SHORT,2024-07-08 07:00:00,0.1046,0.1051,0.104,0.1036,2024-07-08 07:13:00,0.1036,GRID_B_FULL_TP,1.161,1.309,True,False,False,2024-07,2024,7,Q3
DOGE/USDT,2024-07-08 13:45:00,2024-07-08 14:00:00,LONG,2024-07-08 14:20:00,0.1086,0.108,0.1093,0.1097,2024-07-08 14:26:00,0.108,INITIAL_STOP,-1.134,0.0,True,False,False,2024-07,2024,7,Q3
DOGE/USDT,2024-07-14 14:25:00,2024-07-14 14:50:00,LONG,2024-07-14 15:24:00,0.1117,0.111,0.1125,0.113,2024-07-14 20:39:00,0.113,GRID_B_FULL_TP,1.193,1.309,True,False,False,2024-07,2024,7,Q3
DOGE/USDT,2024-07-16 06:50:00,2024-07-16 07:10:00,LONG,2024-07-16 07:17:00,0.1218,0.1207,0.1229,0.1236,2024-07-16 07:40:00,0.1207,INITIAL_STOP,-1.09,0.0,True,False,False,2024-07,2024,7,Q3
DOGE/USDT,2024-07-17 08:15:00,2024-07-17 08:30:00,LONG,2024-07-17 08:42:00,0.125,0.1239,0.1261,0.1268,2024-07-17 11:17:00,0.1239,INITIAL_STOP,-1.091,0.0,True,False,False,2024-07,2024,7,Q3
DOGE/USDT,2024-07-17 08:20:00,2024-07-17 08:30:00,LONG,2024-07-17 08:42:00,0.125,0.1237,0.1264,0.1273,2024-07-17 11:36:00,0.1237,INITIAL_STOP,-1.072,0.0,True,False,False,2024-07,2024,7,Q3
DOGE/USDT,2024-07-21 16:25:00,2024-07-21 16:50:00,LONG,2024-07-21 17:19:00,0.131,0.1301,0.1319,0.1325,2024-07-21 17:50:00,0.1301,INITIAL_STOP,-1.114,0.0,True,False,False,2024-07,2024,7,Q3
DOGE/USDT,2024-07-27 20:25:00,2024-07-27 21:10:00,LONG,2024-07-27 21:17:00,0.1339,0.1299,0.1378,0.1403,2024-07-28 00:08:00,0.1299,INITIAL_STOP,-1.027,0.0,True,False,False,2024-07,2024,7,Q3
DOGE/USDT,2024-07-29 16:30:00,2024-07-29 17:05:00,LONG,2024-07-29 17:29:00,0.1289,0.1278,0.1301,0.1308,2024-07-29 21:28:00,0.1278,INITIAL_STOP,-1.091,0.0,True,False,False,2024-07,2024,7,Q3
DOGE/USDT,2024-07-30 21:55:00,2024-07-30 23:10:00,SHORT,2024-07-31 00:44:00,0.1259,0.1262,0.1256,0.1254,2024-07-31 00:49:00,0.1258,BE_STOP,0.179,0.5,True,False,False,2024-07,2024,7,Q3
DOGE/USDT,2024-07-31 13:30:00,2024-07-31 14:15:00,SHORT,2024-07-31 14:48:00,0.127,0.1273,0.1268,0.1267,2024-07-31 14:50:00,0.1267,GRID_B_FULL_TP,0.858,1.309,True,False,False,2024-07,2024,7,Q3
DOGE/USDT,2024-08-03 06:00:00,2024-08-03 06:25:00,SHORT,2024-08-03 06:39:00,0.1135,0.1138,0.1132,0.1131,2024-08-03 06:42:00,0.1138,INITIAL_STOP,-1.33,0.0,True,False,False,2024-08,2024,8,Q3
DOGE/USDT,2024-08-03 12:20:00,2024-08-03 12:50:00,SHORT,2024-08-03 13:00:00,0.1132,0.1138,0.1126,0.1123,2024-08-03 14:00:00,0.1138,INITIAL_STOP,-1.156,0.0,True,False,False,2024-08,2024,8,Q3
DOGE/USDT,2024-08-03 21:35:00,2024-08-03 22:20:00,SHORT,2024-08-03 22:27:00,0.1076,0.1079,0.1073,0.1072,2024-08-03 22:32:00,0.1079,INITIAL_STOP,-1.29,0.0,True,False,False,2024-08,2024,8,Q3
DOGE/USDT,2024-08-03 23:15:00,2024-08-03 23:35:00,SHORT,2024-08-03 23:45:00,0.1082,0.1088,0.1076,0.1073,2024-08-04 01:20:00,0.1081,BE_STOP,0.345,0.5,True,False,False,2024-08,2024,8,Q3
DOGE/USDT,2024-08-09 14:35:00,2024-08-09 14:50:00,LONG,2024-08-09 15:29:00,0.1026,0.1014,0.1037,0.1044,2024-08-09 22:01:00,0.1044,GRID_B_FULL_TP,1.236,1.309,True,False,False,2024-08,2024,8,Q3
DOGE/USDT,2024-08-15 22:35:00,2024-08-15 22:50:00,SHORT,2024-08-15 23:00:00,0.1001,0.1007,0.0995,0.0991,2024-08-16 01:57:00,0.1,BE_STOP,0.369,0.5,True,False,False,2024-08,2024,8,Q3
DOGE/USDT,2024-08-16 06:50:00,2024-08-16 07:05:00,SHORT,2024-08-16 07:11:00,0.1017,0.1022,0.1012,0.1009,2024-08-16 11:11:00,0.1009,GRID_B_FULL_TP,1.15,1.309,True,False,False,2024-08,2024,8,Q3
DOGE/USDT,2024-08-18 14:20:00,2024-08-18 15:20:00,LONG,2024-08-18 17:09:00,0.103,0.1026,0.1033,0.1035,2024-08-18 17:24:00,0.1026,INITIAL_STOP,-1.258,0.0,True,False,False,2024-08,2024,8,Q3
DOGE/USDT,2024-09-04 15:00:00,2024-09-04 15:30:00,SHORT,2024-09-04 15:37:00,0.0974,0.0978,0.0969,0.0967,2024-09-04 15:52:00,0.0978,INITIAL_STOP,-1.171,0.0,True,False,False,2024-09,2024,9,Q3
DOGE/USDT,2024-09-04 16:00:00,2024-09-04 16:40:00,SHORT,2024-09-04 16:54:00,0.099,0.0992,0.0988,0.0987,2024-09-04 16:55:00,0.0992,INITIAL_STOP,-1.42,0.0,True,False,False,2024-09,2024,9,Q3
DOGE/USDT,2024-09-06 12:10:00,2024-09-06 12:35:00,LONG,2024-09-06 12:42:00,0.0969,0.0962,0.0975,0.098,2024-09-06 13:32:00,0.0969,BE_STOP,0.385,0.5,True,False,False,2024-09,2024,9,Q3
DOGE/USDT,2024-09-06 12:30:00,2024-09-06 12:50:00,LONG,2024-09-06 13:00:00,0.0976,0.0958,0.0995,0.1006,2024-09-06 13:40:00,0.0958,INITIAL_STOP,-1.042,0.0,True,False,False,2024-09,2024,9,Q3
DOGE/USDT,2024-09-07 13:05:00,2024-09-07 13:45:00,SHORT,2024-09-07 13:54:00,0.0951,0.0953,0.0948,0.0947,2024-09-07 14:26:00,0.095,BE_STOP,0.186,0.5,True,False,False,2024-09,2024,9,Q3
DOGE/USDT,2024-09-10 14:05:00,2024-09-10 14:25:00,LONG,2024-09-10 14:51:00,0.102,0.1016,0.1024,0.1026,2024-09-10 15:12:00,0.1021,BE_STOP,0.292,0.5,True,False,False,2024-09,2024,9,Q3
DOGE/USDT,2024-09-17 14:15:00,2024-09-17 14:55:00,SHORT,2024-09-17 15:02:00,0.1011,0.1014,0.1008,0.1006,2024-09-17 15:03:00,0.1014,INITIAL_STOP,-1.287,0.0,True,False,False,2024-09,2024,9,Q3
DOGE/USDT,2024-09-17 14:20:00,2024-09-17 14:55:00,SHORT,2024-09-17 15:02:00,0.1011,0.1019,0.1002,0.0997,2024-09-17 15:15:00,0.1019,INITIAL_STOP,-1.095,0.0,True,False,False,2024-09,2024,9,Q3
DOGE/USDT,2024-09-22 09:25:00,2024-09-22 09:35:00,LONG,2024-09-22 09:42:00,0.1075,0.1072,0.1079,0.1081,2024-09-22 09:54:00,0.1072,INITIAL_STOP,-1.252,0.0,True,False,False,2024-09,2024,9,Q3
DOGE/USDT,2024-09-22 14:40:00,2024-09-22 15:20:00,LONG,2024-09-22 15:59:00,0.1057,0.1052,0.1062,0.1065,2024-09-22 16:17:00,0.1052,INITIAL_STOP,-1.163,0.0,True,False,False,2024-09,2024,9,Q3
DOGE/USDT,2024-09-22 22:00:00,2024-09-22 22:20:00,LONG,2024-09-23 00:15:00,0.1045,0.1038,0.1052,0.1056,2024-09-23 00:32:00,0.1056,GRID_B_FULL_TP,1.192,1.309,True,False,False,2024-09,2024,9,Q3
DOGE/USDT,2024-09-26 18:20:00,2024-09-26 18:55:00,LONG,2024-09-26 19:11:00,0.1181,0.1171,0.1191,0.1197,2024-09-26 20:20:00,0.1171,INITIAL_STOP,-1.095,0.0,True,False,False,2024-09,2024,9,Q3
DOGE/USDT,2024-10-10 21:55:00,2024-10-10 22:55:00,SHORT,2024-10-10 23:18:00,0.1061,0.1065,0.1058,0.1056,2024-10-11 01:11:00,0.1061,BE_STOP,0.26,0.5,True,False,False,2024-10,2024,10,Q4
DOGE/USDT,2024-10-15 20:20:00,2024-10-15 20:45:00,LONG,2024-10-15 20:50:00,0.1132,0.1129,0.1135,0.1137,2024-10-15 20:56:00,0.1133,BE_STOP,0.23,0.5,True,False,False,2024-10,2024,10,Q4
DOGE/USDT,2024-11-05 19:50:00,2024-11-05 20:30:00,LONG,2024-11-05 21:57:00,0.1679,0.1662,0.1695,0.1705,2024-11-05 22:17:00,0.1662,INITIAL_STOP,-1.082,0.0,True,False,False,2024-11,2024,11,Q4
DOGE/USDT,2024-11-09 12:30:00,2024-11-09 13:10:00,LONG,2024-11-09 14:08:00,0.2054,0.2036,0.2072,0.2083,2024-11-09 14:44:00,0.2036,INITIAL_STOP,-1.091,0.0,True,False,False,2024-11,2024,11,Q4
DOGE/USDT,2024-11-15 12:10:00,2024-11-15 12:35:00,SHORT,2024-11-15 12:50:00,0.3749,0.3822,0.3675,0.363,2024-11-15 14:34:00,0.363,GRID_B_FULL_TP,1.268,1.309,True,False,False,2024-11,2024,11,Q4
DOGE/USDT,2024-11-24 08:50:00,2024-11-24 09:05:00,LONG,2024-11-24 09:10:00,0.4301,0.4262,0.4341,0.4366,2024-11-24 09:24:00,0.4262,INITIAL_STOP,-1.086,0.0,True,False,False,2024-11,2024,11,Q4
DOGE/USDT,2024-11-24 20:55:00,2024-11-24 21:10:00,SHORT,2024-11-24 21:15:00,0.4249,0.4283,0.4215,0.4194,2024-11-24 21:47:00,0.4245,BE_STOP,0.399,0.5,True,False,False,2024-11,2024,11,Q4
DOGE/USDT,2024-11-25 20:30:00,2024-11-25 20:45:00,SHORT,2024-11-25 21:02:00,0.4055,0.4091,0.4019,0.3997,2024-11-25 21:24:00,0.3997,GRID_B_FULL_TP,1.218,1.309,True,False,False,2024-11,2024,11,Q4
DOGE/USDT,2024-11-26 20:00:00,2024-11-26 20:20:00,SHORT,2024-11-26 20:34:00,0.3814,0.3825,0.3804,0.3797,2024-11-26 20:35:00,0.3797,GRID_B_FULL_TP,1.016,1.309,True,False,False,2024-11,2024,11,Q4
DOGE/USDT,2024-11-28 11:15:00,2024-11-28 11:45:00,LONG,2024-11-28 12:39:00,0.3992,0.396,0.4023,0.4043,2024-11-28 14:08:00,0.4043,GRID_B_FULL_TP,1.208,1.309,True,False,False,2024-11,2024,11,Q4
DOGE/USDT,2024-12-02 13:15:00,2024-12-02 14:15:00,SHORT,2024-12-02 14:25:00,0.4193,0.4213,0.4173,0.416,2024-12-02 14:30:00,0.4213,INITIAL_STOP,-1.165,0.0,True,False,False,2024-12,2024,12,Q4
DOGE/USDT,2024-12-04 07:15:00,2024-12-04 07:50:00,SHORT,2024-12-04 08:00:00,0.4213,0.4232,0.4193,0.4181,2024-12-04 08:35:00,0.421,BE_STOP,0.327,0.5,True,False,False,2024-12,2024,12,Q4
DOGE/USDT,2024-12-07 23:00:00,2024-12-07 23:30:00,LONG,2024-12-07 23:53:00,0.4535,0.4513,0.4558,0.4571,2024-12-08 00:07:00,0.4513,INITIAL_STOP,-1.163,0.0,True,False,False,2024-12,2024,12,Q4
DOGE/USDT,2024-12-18 22:35:00,2024-12-18 22:45:00,SHORT,2024-12-18 23:26:00,0.3621,0.3672,0.3569,0.3537,2024-12-19 00:32:00,0.3618,BE_STOP,0.444,0.5,True,False,False,2024-12,2024,12,Q4
DOGE/USDT,2024-12-19 10:40:00,2024-12-19 11:00:00,SHORT,2024-12-19 11:21:00,0.3658,0.3668,0.3648,0.3642,2024-12-19 11:38:00,0.3642,GRID_B_FULL_TP,1.008,1.309,True,False,False,2024-12,2024,12,Q4
DOGE/USDT,2024-12-25 11:55:00,2024-12-25 12:20:00,LONG,2024-12-25 12:40:00,0.331,0.3295,0.3324,0.3333,2024-12-25 12:46:00,0.3312,BE_STOP,0.319,0.5,True,False,False,2024-12,2024,12,Q4
DOGE/USDT,2024-12-25 16:20:00,2024-12-25 16:50:00,LONG,2024-12-25 17:05:00,0.3279,0.325,0.3308,0.3326,2024-12-25 19:19:00,0.3326,GRID_B_FULL_TP,1.219,1.309,True,False,False,2024-12,2024,12,Q4
DOGE/USDT,2024-12-29 14:30:00,2024-12-29 14:55:00,LONG,2024-12-29 15:02:00,0.3212,0.3197,0.3226,0.3235,2024-12-29 15:59:00,0.3197,INITIAL_STOP,-1.176,0.0,True,False,False,2024-12,2024,12,Q4
DOGE/USDT,2024-12-31 12:05:00,2024-12-31 12:40:00,SHORT,2024-12-31 13:10:00,0.3215,0.3224,0.3206,0.3201,2024-12-31 13:15:00,0.3224,INITIAL_STOP,-1.297,0.0,True,False,False,2024-12,2024,12,Q4
DOGE/USDT,2024-12-31 17:35:00,2024-12-31 17:55:00,LONG,2024-12-31 18:21:00,0.3181,0.3147,0.3216,0.3237,2025-01-01 08:27:00,0.3147,INITIAL_STOP,-1.074,0.0,True,False,False,2024-12,2024,12,Q4
DOGE/USDT,2025-01-10 07:40:00,2025-01-10 07:55:00,SHORT,2025-01-10 08:00:00,0.3367,0.34,0.3333,0.3313,2025-01-10 13:30:00,0.3313,GRID_B_FULL_TP,1.229,1.309,True,False,False,2025-01,2025,1,Q1
DOGE/USDT,2025-01-15 09:50:00,2025-01-15 10:05:00,LONG,2025-01-15 10:18:00,0.3541,0.3515,0.3566,0.3582,2025-01-15 11:09:00,0.3515,INITIAL_STOP,-1.111,0.0,True,False,False,2025-01,2025,1,Q1
DOGE/USDT,2025-01-15 11:25:00,2025-01-15 11:50:00,LONG,2025-01-15 12:01:00,0.3511,0.349,0.3533,0.3547,2025-01-15 12:22:00,0.349,INITIAL_STOP,-1.129,0.0,True,False,False,2025-01,2025,1,Q1
DOGE/USDT,2025-01-17 12:30:00,2025-01-17 13:05:00,LONG,2025-01-17 13:13:00,0.4107,0.4095,0.4118,0.4125,2025-01-17 13:18:00,0.4095,INITIAL_STOP,-1.283,0.0,True,False,False,2025-01,2025,1,Q1
DOGE/USDT,2025-01-27 12:55:00,2025-01-27 13:50:00,SHORT,2025-01-27 14:31:00,0.322,0.3225,0.3215,0.3212,2025-01-27 14:32:00,0.3225,INITIAL_STOP,-1.507,0.0,True,False,False,2025-01,2025,1,Q1
DOGE/USDT,2025-02-14 22:35:00,2025-02-14 23:15:00,LONG,2025-02-15 00:35:00,0.2703,0.2673,0.2732,0.2751,2025-02-15 01:35:00,0.2751,GRID_B_FULL_TP,1.236,1.309,True,False,False,2025-02,2025,2,Q1
DOGE/USDT,2025-03-14 17:30:00,2025-03-14 18:00:00,LONG,2025-03-14 18:08:00,0.1714,0.1711,0.1717,0.1719,2025-03-14 18:13:00,0.1711,INITIAL_STOP,-1.413,0.0,True,False,False,2025-03,2025,3,Q1
DOGE/USDT,2025-03-14 20:20:00,2025-03-14 21:00:00,LONG,2025-03-14 21:06:00,0.1703,0.169,0.1715,0.1722,2025-03-14 22:27:00,0.1722,GRID_B_FULL_TP,1.198,1.309,True,False,False,2025-03,2025,3,Q1
DOGE/USDT,2025-03-16 16:05:00,2025-03-16 16:50:00,SHORT,2025-03-16 17:09:00,0.1708,0.1724,0.1692,0.1682,2025-03-16 17:56:00,0.1707,BE_STOP,0.415,0.5,True,False,False,2025-03,2025,3,Q1
DOGE/USDT,2025-03-18 20:00:00,2025-03-18 20:15:00,SHORT,2025-03-18 20:50:00,0.1661,0.1668,0.1654,0.1649,2025-03-18 21:14:00,0.1668,INITIAL_STOP,-1.187,0.0,True,False,False,2025-03,2025,3,Q1
DOGE/USDT,2025-03-21 17:45:00,2025-03-21 18:05:00,SHORT,2025-03-21 18:17:00,0.1678,0.1687,0.1669,0.1663,2025-03-21 18:33:00,0.1687,INITIAL_STOP,-1.147,0.0,True,False,False,2025-03,2025,3,Q1
DOGE/USDT,2025-03-24 22:25:00,2025-03-24 22:40:00,LONG,2025-03-24 22:46:00,0.1841,0.1834,0.1847,0.1851,2025-03-24 22:55:00,0.1834,INITIAL_STOP,-1.221,0.0,True,False,False,2025-03,2025,3,Q1
DOGE/USDT,2025-03-25 20:45:00,2025-03-25 21:05:00,LONG,2025-03-25 22:23:00,0.1902,0.1893,0.1911,0.1916,2025-03-25 22:30:00,0.1893,INITIAL_STOP,-1.175,0.0,True,False,False,2025-03,2025,3,Q1
DOGE/USDT,2025-03-28 23:00:00,2025-03-28 23:15:00,SHORT,2025-03-28 23:41:00,0.1808,0.1817,0.1798,0.1793,2025-03-29 00:17:00,0.1817,INITIAL_STOP,-1.152,0.0,True,False,False,2025-03,2025,3,Q1
DOGE/USDT,2025-03-31 15:45:00,2025-03-31 16:15:00,SHORT,2025-03-31 16:23:00,0.1672,0.1686,0.1658,0.165,2025-03-31 17:43:00,0.165,GRID_B_FULL_TP,1.213,1.309,True,False,False,2025-03,2025,3,Q1
DOGE/USDT,2025-04-04 23:20:00,2025-04-04 23:50:00,LONG,2025-04-05 00:04:00,0.1708,0.1702,0.1715,0.172,2025-04-05 00:10:00,0.1702,INITIAL_STOP,-1.198,0.0,True,False,False,2025-04,2025,4,Q2
DOGE/USDT,2025-04-07 10:10:00,2025-04-07 10:55:00,SHORT,2025-04-07 11:01:00,0.1393,0.1402,0.1385,0.138,2025-04-07 11:09:00,0.1402,INITIAL_STOP,-1.132,0.0,True,False,False,2025-04,2025,4,Q2
DOGE/USDT,2025-04-09 06:10:00,2025-04-09 06:25:00,SHORT,2025-04-09 06:32:00,0.1445,0.1461,0.1429,0.1419,2025-04-09 07:02:00,0.1461,INITIAL_STOP,-1.073,0.0,True,False,False,2025-04,2025,4,Q2
DOGE/USDT,2025-04-11 14:25:00,2025-04-11 14:35:00,LONG,2025-04-11 15:01:00,0.1577,0.1566,0.1588,0.1595,2025-04-11 16:26:00,0.1578,BE_STOP,0.387,0.5,True,False,False,2025-04,2025,4,Q2
DOGE/USDT,2025-04-13 13:40:00,2025-04-13 14:35:00,LONG,2025-04-13 15:03:00,0.1625,0.162,0.1631,0.1634,2025-04-13 15:09:00,0.162,INITIAL_STOP,-1.235,0.0,True,False,False,2025-04,2025,4,Q2
DOGE/USDT,2025-04-30 18:10:00,2025-04-30 19:25:00,SHORT,2025-04-30 19:37:00,0.1711,0.1729,0.1693,0.1682,2025-04-30 20:02:00,0.1729,INITIAL_STOP,-1.076,0.0,True,False,False,2025-04,2025,4,Q2
DOGE/USDT,2025-05-09 14:35:00,2025-05-09 15:55:00,LONG,2025-05-09 16:01:00,0.2035,0.2006,0.2063,0.2081,2025-05-10 00:18:00,0.2081,GRID_B_FULL_TP,1.252,1.309,True,False,False,2025-05,2025,5,Q2
DOGE/USDT,2025-05-12 18:05:00,2025-05-12 19:05:00,LONG,2025-05-12 19:27:00,0.2262,0.2257,0.2267,0.2271,2025-05-12 19:29:00,0.2257,INITIAL_STOP,-1.348,0.0,True,False,False,2025-05,2025,5,Q2
DOGE/USDT,2025-05-12 18:45:00,2025-05-12 19:05:00,LONG,2025-05-12 19:27:00,0.2262,0.2198,0.2327,0.2367,2025-05-13 00:37:00,0.2264,BE_STOP,0.472,0.5,True,False,False,2025-05,2025,5,Q2
DOGE/USDT,2025-05-15 12:30:00,2025-05-15 12:55:00,SHORT,2025-05-15 13:01:00,0.2275,0.2298,0.2252,0.2239,2025-05-15 13:33:00,0.2239,GRID_B_FULL_TP,1.228,1.309,True,False,False,2025-05,2025,5,Q2
DOGE/USDT,2025-05-18 20:00:00,2025-05-18 20:35:00,LONG,2025-05-18 22:02:00,0.2213,0.2181,0.2245,0.2265,2025-05-18 22:48:00,0.2265,GRID_B_FULL_TP,1.254,1.309,True,False,False,2025-05,2025,5,Q2
DOGE/USDT,2025-05-23 06:35:00,2025-05-23 07:05:00,LONG,2025-05-23 07:50:00,0.2436,0.2427,0.2445,0.245,2025-05-23 08:12:00,0.2438,BE_STOP,0.28,0.5,True,False,False,2025-05,2025,5,Q2
DOGE/USDT,2025-05-25 12:15:00,2025-05-25 13:15:00,SHORT,2025-05-25 13:27:00,0.2199,0.2208,0.219,0.2185,2025-05-25 13:36:00,0.2208,INITIAL_STOP,-1.202,0.0,True,False,False,2025-05,2025,5,Q2
DOGE/USDT,2025-05-31 19:30:00,2025-05-31 20:15:00,SHORT,2025-05-31 20:22:00,0.1942,0.1947,0.1936,0.1933,2025-05-31 21:00:00,0.1947,INITIAL_STOP,-1.284,0.0,True,False,False,2025-05,2025,5,Q2
DOGE/USDT,2025-05-31 19:50:00,2025-05-31 20:15:00,SHORT,2025-05-31 20:22:00,0.1942,0.1954,0.193,0.1922,2025-05-31 21:03:00,0.1954,INITIAL_STOP,-1.13,0.0,True,False,False,2025-05,2025,5,Q2
DOGE/USDT,2025-06-03 08:10:00,2025-06-03 08:50:00,LONG,2025-06-03 09:05:00,0.1939,0.1934,0.1945,0.1948,2025-06-03 09:46:00,0.1948,GRID_B_FULL_TP,1.022,1.309,True,False,False,2025-06,2025,6,Q2
DOGE/USDT,2025-06-03 08:15:00,2025-06-03 08:50:00,LONG,2025-06-03 09:05:00,0.1939,0.193,0.1949,0.1955,2025-06-03 10:18:00,0.1955,GRID_B_FULL_TP,1.146,1.309,True,False,False,2025-06,2025,6,Q2
DOGE/USDT,2025-06-05 14:15:00,2025-06-05 14:45:00,LONG,2025-06-05 15:08:00,0.1889,0.1868,0.191,0.1923,2025-06-05 16:17:00,0.1868,INITIAL_STOP,-1.072,0.0,True,False,False,2025-06,2025,6,Q2
DOGE/USDT,2025-06-06 11:15:00,2025-06-06 11:30:00,SHORT,2025-06-06 11:43:00,0.1775,0.178,0.1769,0.1766,2025-06-06 11:46:00,0.178,INITIAL_STOP,-1.262,0.0,True,False,False,2025-06,2025,6,Q2
DOGE/USDT,2025-06-11 19:05:00,2025-06-11 20:15:00,LONG,2025-06-11 21:32:00,0.1948,0.1939,0.1957,0.1963,2025-06-11 21:38:00,0.1939,INITIAL_STOP,-1.169,0.0,True,False,False,2025-06,2025,6,Q2
DOGE/USDT,2025-06-12 14:15:00,2025-06-12 15:20:00,SHORT,2025-06-12 17:17:00,0.1891,0.1899,0.1883,0.1878,2025-06-12 17:32:00,0.1899,INITIAL_STOP,-1.186,0.0,True,False,False,2025-06,2025,6,Q2
DOGE/USDT,2025-06-25 14:20:00,2025-06-25 14:40:00,LONG,2025-06-25 15:02:00,0.1645,0.163,0.166,0.1669,2025-06-25 15:33:00,0.163,INITIAL_STOP,-1.088,0.0,True,False,False,2025-06,2025,6,Q2
DOGE/USDT,2025-06-30 12:40:00,2025-06-30 13:25:00,LONG,2025-06-30 13:31:00,0.1648,0.1641,0.1655,0.1659,2025-06-30 13:50:00,0.1641,INITIAL_STOP,-1.186,0.0,True,False,False,2025-06,2025,6,Q2
DOGE/USDT,2025-07-02 06:00:00,2025-07-02 06:25:00,SHORT,2025-07-02 06:30:00,0.1607,0.1611,0.1603,0.1601,2025-07-02 06:38:00,0.1611,INITIAL_STOP,-1.333,0.0,True,False,False,2025-07,2025,7,Q3
DOGE/USDT,2025-07-07 14:35:00,2025-07-07 15:30:00,LONG,2025-07-07 15:47:00,0.1686,0.1679,0.1693,0.1698,2025-07-07 16:21:00,0.1679,INITIAL_STOP,-1.188,0.0,True,False,False,2025-07,2025,7,Q3
DOGE/USDT,2025-07-12 12:45:00,2025-07-12 13:55:00,LONG,2025-07-12 14:07:00,0.196,0.1933,0.1987,0.2003,2025-07-12 15:32:00,0.1933,INITIAL_STOP,-1.059,0.0,True,False,False,2025-07,2025,7,Q3
DOGE/USDT,2025-07-23 06:20:00,2025-07-23 07:20:00,LONG,2025-07-23 07:32:00,0.2623,0.2608,0.2637,0.2646,2025-07-23 07:37:00,0.2608,INITIAL_STOP,-1.146,0.0,True,False,False,2025-07,2025,7,Q3
DOGE/USDT,2025-07-29 07:45:00,2025-07-29 08:10:00,SHORT,2025-07-29 08:16:00,0.2312,0.233,0.2294,0.2282,2025-07-29 10:06:00,0.2282,GRID_B_FULL_TP,1.208,1.309,True,False,False,2025-07,2025,7,Q3
DOGE/USDT,2025-08-03 11:05:00,2025-08-03 11:30:00,SHORT,2025-08-03 11:48:00,0.1984,0.1988,0.198,0.1978,2025-08-03 11:58:00,0.1978,GRID_B_FULL_TP,0.905,1.309,True,False,False,2025-08,2025,8,Q3
DOGE/USDT,2025-08-09 22:45:00,2025-08-09 23:35:00,LONG,2025-08-09 23:55:00,0.2404,0.2391,0.2417,0.2425,2025-08-10 00:48:00,0.2425,GRID_B_FULL_TP,1.162,1.309,True,False,False,2025-08,2025,8,Q3
DOGE/USDT,2025-08-12 12:30:00,2025-08-12 13:05:00,SHORT,2025-08-12 13:11:00,0.2255,0.2282,0.2227,0.221,2025-08-12 14:08:00,0.2253,BE_STOP,0.434,0.5,True,False,False,2025-08,2025,8,Q3
DOGE/USDT,2025-08-20 15:05:00,2025-08-20 15:50:00,SHORT,2025-08-20 16:02:00,0.2161,0.2174,0.2148,0.214,2025-08-20 16:15:00,0.2174,INITIAL_STOP,-1.133,0.0,True,False,False,2025-08,2025,8,Q3
DOGE/USDT,2025-08-20 16:15:00,2025-08-20 16:35:00,SHORT,2025-08-20 16:47:00,0.2176,0.2186,0.2166,0.2159,2025-08-20 17:03:00,0.2186,INITIAL_STOP,-1.166,0.0,True,False,False,2025-08,2025,8,Q3
DOGE/USDT,2025-08-24 13:30:00,2025-08-24 13:45:00,SHORT,2025-08-24 14:16:00,0.2308,0.2317,0.2299,0.2293,2025-08-24 14:54:00,0.2317,INITIAL_STOP,-1.199,0.0,True,False,False,2025-08,2025,8,Q3
DOGE/USDT,2025-08-24 15:10:00,2025-08-24 15:40:00,SHORT,2025-08-24 16:55:00,0.2325,0.2343,0.2307,0.2296,2025-08-24 17:15:00,0.2343,INITIAL_STOP,-1.103,0.0,True,False,False,2025-08,2025,8,Q3
DOGE/USDT,2025-08-24 19:35:00,2025-08-24 20:25:00,LONG,2025-08-24 20:32:00,0.2323,0.2289,0.2357,0.2379,2025-08-24 22:24:00,0.2289,INITIAL_STOP,-1.054,0.0,True,False,False,2025-08,2025,8,Q3
DOGE/USDT,2025-08-26 07:35:00,2025-08-26 08:25:00,SHORT,2025-08-26 08:45:00,0.2107,0.213,0.2085,0.2071,2025-08-26 12:35:00,0.213,INITIAL_STOP,-1.075,0.0,True,False,False,2025-08,2025,8,Q3
DOGE/USDT,2025-08-26 17:20:00,2025-08-26 17:35:00,SHORT,2025-08-26 17:51:00,0.2148,0.216,0.2137,0.213,2025-08-26 18:02:00,0.216,INITIAL_STOP,-1.149,0.0,True,False,False,2025-08,2025,8,Q3
DOGE/USDT,2025-08-26 19:55:00,2025-08-26 20:35:00,SHORT,2025-08-26 21:35:00,0.2187,0.2201,0.2172,0.2163,2025-08-27 01:04:00,0.2163,GRID_B_FULL_TP,1.191,1.309,True,False,False,2025-08,2025,8,Q3
DOGE/USDT,2025-08-29 12:30:00,2025-08-29 13:20:00,SHORT,2025-08-29 13:28:00,0.2178,0.2213,0.2142,0.212,2025-08-29 16:05:00,0.212,GRID_B_FULL_TP,1.26,1.309,True,False,False,2025-08,2025,8,Q3
DOGE/USDT,2025-09-13 17:10:00,2025-09-13 18:25:00,LONG,2025-09-13 18:33:00,0.2864,0.2806,0.2921,0.2957,2025-09-14 00:22:00,0.2866,BE_STOP,0.46,0.5,True,False,False,2025-09,2025,9,Q3
DOGE/USDT,2025-09-15 16:40:00,2025-09-15 16:55:00,SHORT,2025-09-15 17:06:00,0.2645,0.2672,0.2619,0.2603,2025-09-15 20:58:00,0.2672,INITIAL_STOP,-1.08,0.0,True,False,False,2025-09,2025,9,Q3
DOGE/USDT,2025-09-15 21:45:00,2025-09-15 22:35:00,SHORT,2025-09-15 22:57:00,0.2671,0.269,0.2652,0.264,2025-09-16 01:22:00,0.269,INITIAL_STOP,-1.11,0.0,True,False,False,2025-09,2025,9,Q3
DOGE/USDT,2025-09-19 21:55:00,2025-09-19 22:20:00,SHORT,2025-09-19 22:27:00,0.2669,0.2676,0.2663,0.2659,2025-09-19 23:13:00,0.2659,GRID_B_FULL_TP,0.965,1.309,True,False,False,2025-09,2025,9,Q3
DOGE/USDT,2025-09-24 19:40:00,2025-09-24 19:55:00,LONG,2025-09-24 20:00:00,0.2433,0.2416,0.2451,0.2461,2025-09-24 21:58:00,0.2416,INITIAL_STOP,-1.111,0.0,True,False,False,2025-09,2025,9,Q3
DOGE/USDT,2025-10-02 11:55:00,2025-10-02 12:40:00,LONG,2025-10-02 12:48:00,0.256,0.2552,0.2569,0.2574,2025-10-02 13:04:00,0.2562,BE_STOP,0.26,0.5,True,False,False,2025-10,2025,10,Q4
DOGE/USDT,2025-10-08 14:00:00,2025-10-08 14:55:00,SHORT,2025-10-08 15:00:00,0.2524,0.2566,0.2483,0.2457,2025-10-08 16:57:00,0.2566,INITIAL_STOP,-1.049,0.0,True,False,False,2025-10,2025,10,Q4
DOGE/USDT,2025-10-12 06:25:00,2025-10-12 07:30:00,SHORT,2025-10-12 07:47:00,0.19,0.1915,0.1886,0.1877,2025-10-12 09:07:00,0.1877,GRID_B_FULL_TP,1.202,1.309,True,False,False,2025-10,2025,10,Q4
DOGE/USDT,2025-10-13 11:25:00,2025-10-13 12:10:00,LONG,2025-10-13 12:17:00,0.2059,0.2016,0.2102,0.2128,2025-10-13 13:32:00,0.2128,GRID_B_FULL_TP,1.271,1.309,True,False,False,2025-10,2025,10,Q4
DOGE/USDT,2025-10-13 23:40:00,2025-10-14 00:20:00,LONG,2025-10-14 00:47:00,0.2141,0.2133,0.2149,0.2154,2025-10-14 00:48:00,0.2133,INITIAL_STOP,-1.224,0.0,True,False,False,2025-10,2025,10,Q4
DOGE/USDT,2025-10-16 10:10:00,2025-10-16 11:25:00,SHORT,2025-10-16 11:42:00,0.1989,0.2003,0.1976,0.1967,2025-10-16 11:59:00,0.2003,INITIAL_STOP,-1.115,0.0,True,False,False,2025-10,2025,10,Q4
DOGE/USDT,2025-10-17 16:00:00,2025-10-17 16:35:00,SHORT,2025-10-17 16:49:00,0.1849,0.1875,0.1822,0.1805,2025-10-17 21:16:00,0.1875,INITIAL_STOP,-1.055,0.0,True,False,False,2025-10,2025,10,Q4
DOGE/USDT,2025-10-21 20:15:00,2025-10-21 21:05:00,LONG,2025-10-21 21:15:00,0.1999,0.1985,0.2014,0.2023,2025-10-21 21:21:00,0.1985,INITIAL_STOP,-1.108,0.0,True,False,False,2025-10,2025,10,Q4
DOGE/USDT,2025-10-29 12:05:00,2025-10-29 12:25:00,SHORT,2025-10-29 12:35:00,0.1956,0.1962,0.1949,0.1945,2025-10-29 12:52:00,0.1962,INITIAL_STOP,-1.247,0.0,True,False,False,2025-10,2025,10,Q4
DOGE/USDT,2025-11-05 13:50:00,2025-11-05 14:15:00,SHORT,2025-11-05 14:50:00,0.1655,0.1664,0.1646,0.164,2025-11-05 14:53:00,0.1664,INITIAL_STOP,-1.142,0.0,True,False,False,2025-11,2025,11,Q4
DOGE/USDT,2025-11-05 21:35:00,2025-11-05 21:50:00,LONG,2025-11-05 22:04:00,0.1667,0.1658,0.1676,0.1682,2025-11-05 23:00:00,0.1682,GRID_B_FULL_TP,1.162,1.309,True,False,False,2025-11,2025,11,Q4
DOGE/USDT,2025-11-06 21:35:00,2025-11-06 22:30:00,SHORT,2025-11-06 22:58:00,0.1622,0.1624,0.1619,0.1618,2025-11-06 23:00:00,0.1618,GRID_B_FULL_TP,0.797,1.309,True,False,False,2025-11,2025,11,Q4
DOGE/USDT,2025-11-07 23:20:00,2025-11-08 00:15:00,LONG,2025-11-08 00:26:00,0.1796,0.1785,0.1807,0.1814,2025-11-08 00:36:00,0.1785,INITIAL_STOP,-1.129,0.0,True,False,False,2025-11,2025,11,Q4
DOGE/USDT,2025-11-08 18:50:00,2025-11-08 19:20:00,SHORT,2025-11-08 19:40:00,0.1749,0.176,0.1737,0.173,2025-11-08 20:46:00,0.176,INITIAL_STOP,-1.12,0.0,True,False,False,2025-11,2025,11,Q4
DOGE/USDT,2025-11-12 09:10:00,2025-11-12 09:30:00,SHORT,2025-11-12 09:56:00,0.1751,0.1756,0.1746,0.1743,2025-11-12 10:02:00,0.1756,INITIAL_STOP,-1.3,0.0,True,False,False,2025-11,2025,11,Q4
DOGE/USDT,2025-11-12 21:10:00,2025-11-12 21:25:00,SHORT,2025-11-12 21:39:00,0.1708,0.1717,0.1699,0.1694,2025-11-12 22:46:00,0.1707,BE_STOP,0.346,0.5,True,False,False,2025-11,2025,11,Q4
DOGE/USDT,2025-11-14 06:55:00,2025-11-14 07:40:00,SHORT,2025-11-14 07:45:00,0.1649,0.1659,0.1638,0.1631,2025-11-14 07:47:00,0.1659,INITIAL_STOP,-1.123,0.0,True,False,False,2025-11,2025,11,Q4
DOGE/USDT,2025-11-14 07:45:00,2025-11-14 08:10:00,SHORT,2025-11-14 08:19:00,0.1649,0.1665,0.1632,0.1622,2025-11-14 09:34:00,0.1622,GRID_B_FULL_TP,1.229,1.309,True,False,False,2025-11,2025,11,Q4
DOGE/USDT,2025-11-15 06:35:00,2025-11-15 06:45:00,SHORT,2025-11-15 06:53:00,0.1634,0.1644,0.1624,0.1618,2025-11-15 08:23:00,0.1618,GRID_B_FULL_TP,1.179,1.309,True,False,False,2025-11,2025,11,Q4
DOGE/USDT,2025-11-16 22:50:00,2025-11-16 23:05:00,SHORT,2025-11-16 23:11:00,0.1576,0.1588,0.1563,0.1555,2025-11-16 23:24:00,0.1588,INITIAL_STOP,-1.1,0.0,True,False,False,2025-11,2025,11,Q4
DOGE/USDT,2025-11-18 08:35:00,2025-11-18 09:25:00,SHORT,2025-11-18 09:32:00,0.1567,0.1575,0.156,0.1555,2025-11-18 09:51:00,0.1575,INITIAL_STOP,-1.169,0.0,True,False,False,2025-11,2025,11,Q4
DOGE/USDT,2025-11-21 17:05:00,2025-11-21 17:55:00,SHORT,2025-11-21 18:48:00,0.1423,0.1435,0.141,0.1403,2025-11-21 19:43:00,0.1403,GRID_B_FULL_TP,1.216,1.309,True,False,False,2025-11,2025,11,Q4
DOGE/USDT,2025-12-01 18:10:00,2025-12-01 18:45:00,SHORT,2025-12-01 18:51:00,0.133,0.134,0.1319,0.1312,2025-12-01 20:05:00,0.134,INITIAL_STOP,-1.099,0.0,True,False,False,2025-12,2025,12,Q4
DOGE/USDT,2025-12-01 20:05:00,2025-12-01 20:20:00,SHORT,2025-12-01 21:01:00,0.1342,0.1349,0.1334,0.1329,2025-12-01 21:21:00,0.1349,INITIAL_STOP,-1.139,0.0,True,False,False,2025-12,2025,12,Q4
DOGE/USDT,2025-12-04 07:10:00,2025-12-04 07:40:00,LONG,2025-12-04 07:48:00,0.1498,0.149,0.1505,0.151,2025-12-04 12:20:00,0.149,INITIAL_STOP,-1.159,0.0,True,False,False,2025-12,2025,12,Q4
DOGE/USDT,2025-12-04 12:20:00,2025-12-04 12:35:00,LONG,2025-12-04 13:45:00,0.1491,0.1486,0.1495,0.1498,2025-12-04 14:31:00,0.1492,BE_STOP,0.234,0.5,True,False,False,2025-12,2025,12,Q4
DOGE/USDT,2025-12-04 14:50:00,2025-12-04 15:10:00,LONG,2025-12-04 15:25:00,0.1489,0.1479,0.1499,0.1505,2025-12-04 15:39:00,0.1505,GRID_B_FULL_TP,1.185,1.309,True,False,False,2025-12,2025,12,Q4
DOGE/USDT,2025-12-06 14:15:00,2025-12-06 15:05:00,SHORT,2025-12-06 15:42:00,0.1399,0.141,0.1388,0.1382,2025-12-07 12:46:00,0.1398,BE_STOP,0.396,0.5,True,False,False,2025-12,2025,12,Q4
DOGE/USDT,2025-12-19 14:15:00,2025-12-19 14:25:00,SHORT,2025-12-19 14:31:00,0.1286,0.1294,0.1277,0.1271,2025-12-19 14:44:00,0.1294,INITIAL_STOP,-1.116,0.0,True,False,False,2025-12,2025,12,Q4
DOGE/USDT,2025-12-29 12:05:00,2025-12-29 12:25:00,LONG,2025-12-29 13:49:00,0.1233,0.123,0.1237,0.1239,2025-12-29 14:21:00,0.1234,BE_STOP,0.23,0.5,True,False,False,2025-12,2025,12,Q4
DOGE/USDT,2026-01-09 13:30:00,2026-01-09 13:45:00,SHORT,2026-01-09 13:54:00,0.1406,0.1418,0.1394,0.1386,2026-01-09 15:01:00,0.1386,GRID_B_FULL_TP,1.218,1.309,True,False,False,2026-01,2026,1,Q1
DOGE/USDT,2026-01-14 18:15:00,2026-01-14 18:55:00,LONG,2026-01-14 19:02:00,0.1473,0.1471,0.1475,0.1477,2026-01-14 19:04:00,0.1474,BE_STOP,-0.022,0.5,True,False,False,2026-01,2026,1,Q1
DOGE/USDT,2026-01-14 22:40:00,2026-01-14 23:05:00,LONG,2026-01-14 23:28:00,0.147,0.1461,0.148,0.1486,2026-01-15 00:46:00,0.1461,INITIAL_STOP,-1.122,0.0,True,False,False,2026-01,2026,1,Q1
DOGE/USDT,2026-01-26 14:40:00,2026-01-26 15:25:00,SHORT,2026-01-26 16:22:00,0.1232,0.1235,0.123,0.1228,2026-01-26 16:28:00,0.1228,GRID_B_FULL_TP,0.914,1.309,True,False,False,2026-01,2026,1,Q1
DOGE/USDT,2026-02-01 06:20:00,2026-02-01 06:35:00,SHORT,2026-02-01 06:44:00,0.1052,0.1058,0.1046,0.1043,2026-02-01 07:35:00,0.1051,BE_STOP,0.354,0.5,True,False,False,2026-02,2026,2,Q1
DOGE/USDT,2026-02-02 18:20:00,2026-02-02 18:35:00,LONG,2026-02-02 18:50:00,0.1083,0.1076,0.1091,0.1096,2026-02-02 19:59:00,0.1076,INITIAL_STOP,-1.111,0.0,True,False,False,2026-02,2026,2,Q1
DOGE/USDT,2026-02-04 19:45:00,2026-02-04 20:10:00,SHORT,2026-02-04 20:17:00,0.1049,0.1055,0.1043,0.1039,2026-02-04 21:07:00,0.1039,GRID_B_FULL_TP,1.167,1.309,True,False,False,2026-02,2026,2,Q1
DOGE/USDT,2026-02-06 13:20:00,2026-02-06 14:05:00,SHORT,2026-02-06 14:30:00,0.0947,0.0952,0.0942,0.0939,2026-02-06 14:31:00,0.0952,INITIAL_STOP,-1.159,0.0,True,False,False,2026-02,2026,2,Q1
DOGE/USDT,2026-02-06 22:35:00,2026-02-06 23:15:00,SHORT,2026-02-06 23:32:00,0.0991,0.1,0.0982,0.0977,2026-02-07 00:06:00,0.0977,GRID_B_FULL_TP,1.219,1.309,True,False,False,2026-02,2026,2,Q1
DOGE/USDT,2026-02-07 12:15:00,2026-02-07 12:40:00,SHORT,2026-02-07 12:50:00,0.0969,0.0979,0.0959,0.0953,2026-02-07 15:21:00,0.0968,BE_STOP,0.422,0.5,True,False,False,2026-02,2026,2,Q1
DOGE/USDT,2026-02-07 18:35:00,2026-02-07 19:00:00,SHORT,2026-02-07 19:06:00,0.099,0.0996,0.0984,0.098,2026-02-07 20:52:00,0.0989,BE_STOP,0.375,0.5,True,False,False,2026-02,2026,2,Q1
DOGE/USDT,2026-02-12 13:25:00,2026-02-12 13:35:00,LONG,2026-02-12 14:04:00,0.0938,0.0929,0.0946,0.0952,2026-02-12 16:07:00,0.0929,INITIAL_STOP,-1.085,0.0,True,False,False,2026-02,2026,2,Q1
DOGE/USDT,2026-02-12 18:30:00,2026-02-12 19:20:00,LONG,2026-02-12 20:10:00,0.0912,0.0907,0.0916,0.0919,2026-02-12 20:52:00,0.0907,INITIAL_STOP,-1.16,0.0,True,False,False,2026-02,2026,2,Q1
DOGE/USDT,2026-02-15 16:10:00,2026-02-15 16:25:00,LONG,2026-02-15 16:32:00,0.1073,0.1061,0.1085,0.1093,2026-02-15 17:42:00,0.1061,INITIAL_STOP,-1.072,0.0,True,False,False,2026-02,2026,2,Q1
DOGE/USDT,2026-02-15 19:35:00,2026-02-15 20:10:00,LONG,2026-02-15 20:17:00,0.1028,0.1023,0.1033,0.1036,2026-02-15 20:42:00,0.1029,BE_STOP,0.327,0.5,True,False,False,2026-02,2026,2,Q1
DOGE/USDT,2026-02-15 23:05:00,2026-02-15 23:30:00,LONG,2026-02-15 23:37:00,0.1023,0.1014,0.1032,0.1037,2026-02-16 05:07:00,0.1024,BE_STOP,0.408,0.5,True,False,False,2026-02,2026,2,Q1
DOGE/USDT,2026-02-22 22:20:00,2026-02-22 23:10:00,SHORT,2026-02-22 23:57:00,0.0956,0.096,0.0952,0.095,2026-02-23 00:37:00,0.095,GRID_B_FULL_TP,1.117,1.309,True,False,False,2026-02,2026,2,Q1
DOGE/USDT,2026-02-23 09:45:00,2026-02-23 10:35:00,SHORT,2026-02-23 10:56:00,0.0965,0.0967,0.0962,0.096,2026-02-23 11:08:00,0.0967,INITIAL_STOP,-1.286,0.0,True,False,False,2026-02,2026,2,Q1
DOGE/USDT,2026-02-25 23:35:00,2026-02-25 23:55:00,LONG,2026-02-26 00:37:00,0.1003,0.1,0.1006,0.1008,2026-02-26 00:39:00,0.1,INITIAL_STOP,-1.281,0.0,True,False,False,2026-02,2026,2,Q1
DOGE/USDT,2026-02-26 07:50:00,2026-02-26 09:10:00,LONG,2026-02-26 10:14:00,0.0997,0.0992,0.1003,0.1007,2026-02-26 10:30:00,0.0992,INITIAL_STOP,-1.135,0.0,True,False,False,2026-02,2026,2,Q1
DOGE/USDT,2026-02-28 13:45:00,2026-02-28 14:50:00,SHORT,2026-02-28 16:44:00,0.0911,0.0923,0.0899,0.0892,2026-02-28 18:53:00,0.0923,INITIAL_STOP,-1.062,0.0,True,False,False,2026-02,2026,2,Q1
DOGE/USDT,2026-02-28 18:35:00,2026-02-28 19:10:00,SHORT,2026-02-28 19:16:00,0.0919,0.0923,0.0916,0.0914,2026-02-28 19:24:00,0.0919,BE_STOP,0.282,0.5,True,False,False,2026-02,2026,2,Q1
DOGE/USDT,2026-03-04 22:40:00,2026-03-04 23:15:00,LONG,2026-03-04 23:20:00,0.0996,0.0985,0.1006,0.1013,2026-03-05 00:06:00,0.0985,INITIAL_STOP,-1.076,0.0,True,False,False,2026-03,2026,3,Q1
DOGE/USDT,2026-03-06 22:35:00,2026-03-06 23:00:00,SHORT,2026-03-06 23:19:00,0.0913,0.0918,0.0908,0.0905,2026-03-07 03:13:00,0.0918,INITIAL_STOP,-1.149,0.0,True,False,False,2026-03,2026,3,Q1
DOGE/USDT,2026-03-10 19:20:00,2026-03-10 19:40:00,LONG,2026-03-10 19:51:00,0.0946,0.0944,0.0949,0.095,2026-03-10 20:05:00,0.095,GRID_B_FULL_TP,0.96,1.309,True,False,False,2026-03,2026,3,Q1
DOGE/USDT,2026-03-10 21:45:00,2026-03-10 22:25:00,LONG,2026-03-10 22:33:00,0.0944,0.0938,0.0951,0.0955,2026-03-11 01:19:00,0.0938,INITIAL_STOP,-1.113,0.0,True,False,False,2026-03,2026,3,Q1
DOGE/USDT,2026-03-18 18:00:00,2026-03-18 18:20:00,SHORT,2026-03-18 18:30:00,0.095,0.0956,0.0945,0.0941,2026-03-18 19:03:00,0.0949,BE_STOP,0.361,0.5,True,False,False,2026-03,2026,3,Q1
DOGE/USDT,2026-03-26 13:15:00,2026-03-26 13:25:00,SHORT,2026-03-26 13:44:00,0.0917,0.092,0.0913,0.0911,2026-03-26 13:45:00,0.092,INITIAL_STOP,-1.208,0.0,True,False,False,2026-03,2026,3,Q1
DOGE/USDT,2026-03-26 20:10:00,2026-03-26 20:50:00,SHORT,2026-03-26 21:12:00,0.092,0.0928,0.0912,0.0906,2026-03-27 08:51:00,0.0919,BE_STOP,0.412,0.5,True,False,False,2026-03,2026,3,Q1
DOGE/USDT,2026-03-28 19:10:00,2026-03-28 19:35:00,LONG,2026-03-28 19:47:00,0.0922,0.0918,0.0925,0.0927,2026-03-28 21:53:00,0.0918,INITIAL_STOP,-1.215,0.0,True,False,False,2026-03,2026,3,Q1
DOGE/USDT,2026-03-28 23:05:00,2026-03-28 23:25:00,LONG,2026-03-28 23:38:00,0.0909,0.0906,0.0912,0.0914,2026-03-29 00:21:00,0.0906,INITIAL_STOP,-1.234,0.0,True,False,False,2026-03,2026,3,Q1
DOGE/USDT,2026-03-28 23:10:00,2026-03-28 23:25:00,LONG,2026-03-28 23:38:00,0.0909,0.0903,0.0915,0.0919,2026-03-29 05:05:00,0.091,BE_STOP,0.385,0.5,True,False,False,2026-03,2026,3,Q1
DOGE/USDT,2026-04-05 10:35:00,2026-04-05 10:50:00,SHORT,2026-04-05 11:18:00,0.0904,0.0908,0.09,0.0898,2026-04-05 12:48:00,0.0898,GRID_B_FULL_TP,1.121,1.309,True,False,False,2026-04,2026,4,Q2
DOGE/USDT,2026-04-08 11:35:00,2026-04-08 11:50:00,LONG,2026-04-08 12:08:00,0.0941,0.0936,0.0946,0.0949,2026-04-08 13:07:00,0.0949,GRID_B_FULL_TP,1.156,1.309,True,False,False,2026-04,2026,4,Q2
DOGE/USDT,2026-04-18 21:55:00,2026-04-18 22:05:00,SHORT,2026-04-18 22:32:00,0.0951,0.0955,0.0947,0.0945,2026-04-19 01:00:00,0.095,BE_STOP,0.309,0.5,True,False,False,2026-04,2026,4,Q2
DOGE/USDT,2026-04-27 18:15:00,2026-04-27 19:25:00,SHORT,2026-04-27 20:00:00,0.0979,0.0983,0.0975,0.0973,2026-04-27 22:15:00,0.0983,INITIAL_STOP,-1.208,0.0,True,False,False,2026-04,2026,4,Q2
DOGE/USDT,2026-04-29 18:05:00,2026-04-29 18:55:00,LONG,2026-04-29 19:03:00,0.1018,0.1009,0.1027,0.1033,2026-04-29 21:37:00,0.1033,GRID_B_FULL_TP,1.218,1.309,True,False,False,2026-04,2026,4,Q2
DOGE/USDT,2026-05-06 13:45:00,2026-05-06 14:25:00,LONG,2026-05-06 14:56:00,0.113,0.1112,0.1148,0.1159,2026-05-07 01:00:00,0.1112,INITIAL_STOP,-1.05,0.0,True,False,False,2026-05,2026,5,Q2
DOGE/USDT,2026-05-06 23:00:00,2026-05-06 23:55:00,LONG,2026-05-07 00:05:00,0.1124,0.1118,0.113,0.1134,2026-05-07 00:31:00,0.1118,INITIAL_STOP,-1.147,0.0,True,False,False,2026-05,2026,5,Q2
DOGE/USDT,2026-05-08 18:20:00,2026-05-08 19:00:00,SHORT,2026-05-08 19:13:00,0.1087,0.109,0.1083,0.1081,2026-05-08 19:16:00,0.109,INITIAL_STOP,-1.246,0.0,True,False,False,2026-05,2026,5,Q2
DOGE/USDT,2026-05-09 16:15:00,2026-05-09 16:35:00,SHORT,2026-05-09 16:54:00,0.1089,0.1092,0.1087,0.1086,2026-05-09 17:05:00,0.1092,INITIAL_STOP,-1.358,0.0,True,False,False,2026-05,2026,5,Q2
DOGE/USDT,2026-05-10 20:45:00,2026-05-10 21:05:00,LONG,2026-05-10 21:12:00,0.1081,0.1063,0.1099,0.1111,2026-05-10 22:40:00,0.1111,GRID_B_FULL_TP,1.262,1.309,True,False,False,2026-05,2026,5,Q2
DOGE/USDT,2026-05-15 18:00:00,2026-05-15 19:05:00,SHORT,2026-05-15 19:13:00,0.113,0.1135,0.1126,0.1123,2026-05-15 20:12:00,0.1129,BE_STOP,0.297,0.5,True,False,False,2026-05,2026,5,Q2
DOGE/USDT,2026-05-16 14:30:00,2026-05-16 14:55:00,SHORT,2026-05-16 15:02:00,0.1092,0.1095,0.1089,0.1087,2026-05-16 15:32:00,0.1095,INITIAL_STOP,-1.27,0.0,True,False,False,2026-05,2026,5,Q2
DOGE/USDT,2026-05-20 06:50:00,2026-05-20 07:05:00,SHORT,2026-05-20 07:23:00,0.104,0.1043,0.1036,0.1034,2026-05-20 08:32:00,0.1039,BE_STOP,0.237,0.5,True,False,False,2026-05,2026,5,Q2
DOGE/USDT,2026-06-03 06:40:00,2026-06-03 06:50:00,SHORT,2026-06-03 07:11:00,0.0943,0.0947,0.0938,0.0936,2026-06-03 09:48:00,0.0936,GRID_B_FULL_TP,1.132,1.309,True,False,False,2026-06,2026,6,Q2
DOGE/USDT,2026-06-05 10:00:00,2026-06-05 10:10:00,SHORT,2026-06-05 10:31:00,0.0849,0.0856,0.0842,0.0838,2026-06-05 11:18:00,0.0848,BE_STOP,0.397,0.5,True,False,False,2026-06,2026,6,Q2
DOGE/USDT,2026-06-10 15:50:00,2026-06-10 16:45:00,SHORT,2026-06-10 17:02:00,0.0844,0.0856,0.0833,0.0826,2026-06-10 21:05:00,0.0826,GRID_B_FULL_TP,1.25,1.309,True,False,False,2026-06,2026,6,Q2
DOGE/USDT,2026-06-15 19:15:00,2026-06-15 20:05:00,LONG,2026-06-15 20:16:00,0.0891,0.0886,0.0896,0.0899,2026-06-16 09:58:00,0.0886,INITIAL_STOP,-1.137,0.0,True,False,False,2026-06,2026,6,Q2
DOGE/USDT,2026-06-19 23:55:00,2026-06-20 13:55:00,SHORT,2026-06-20 14:45:00,0.0834,0.0838,0.0829,0.0827,2026-06-20 14:46:00,0.0838,INITIAL_STOP,-1.147,0.0,True,False,False,2026-06,2026,6,Q2
DOGE/USDT,2026-07-14 21:35:00,2026-07-14 21:45:00,SHORT,2026-07-14 22:33:00,0.0745,0.0748,0.0742,0.074,2026-07-15 13:11:00,0.0748,INITIAL_STOP,-1.194,0.0,True,False,False,2026-07,2026,7,Q3
DOGE/USDT,2026-07-26 15:35:00,2026-07-26 16:55:00,SHORT,2026-07-26 17:15:00,0.0731,0.0733,0.073,0.0728,2026-07-26 18:09:00,0.0728,GRID_B_FULL_TP,1.001,1.309,True,False,False,2026-07,2026,7,Q3
DOGE/USDT,2026-08-28 21:30:00,2026-08-28 21:45:00,SHORT,2026-08-28 22:25:00,0.0849,0.0852,0.0846,0.0844,2026-08-28 22:54:00,0.0852,INITIAL_STOP,-1.228,0.0,True,False,False,2026-08,2026,8,Q3
DOGE/USDT,2026-08-31 17:40:00,2026-08-31 18:05:00,SHORT,2026-08-31 18:15:00,0.0833,0.0836,0.083,0.0828,2026-08-31 18:42:00,0.0836,INITIAL_STOP,-1.205,0.0,True,False,False,2026-08,2026,8,Q3
DOGE/USDT,2026-09-03 20:20:00,2026-09-03 21:15:00,LONG,2026-09-03 21:23:00,0.0888,0.0885,0.0891,0.0892,2026-09-03 21:34:00,0.0892,GRID_B_FULL_TP,1.067,1.309,True,False,False,2026-09,2026,9,Q3
DOGE/USDT,2026-09-04 16:30:00,2026-09-04 17:00:00,SHORT,2026-09-04 18:57:00,0.0847,0.085,0.0844,0.0842,2026-09-04 19:24:00,0.085,INITIAL_STOP,-1.214,0.0,True,False,False,2026-09,2026,9,Q3
DOGE/USDT,2026-09-05 21:45:00,2026-09-05 22:05:00,LONG,2026-09-05 22:19:00,0.0907,0.0898,0.0916,0.0922,2026-09-05 23:38:00,0.0898,INITIAL_STOP,-1.078,0.0,True,False,False,2026-09,2026,9,Q3
DOGE/USDT,2026-09-06 09:40:00,2026-09-06 10:45:00,LONG,2026-09-06 11:43:00,0.0898,0.0881,0.0916,0.0927,2026-09-06 14:32:00,0.0881,INITIAL_STOP,-1.041,0.0,True,False,False,2026-09,2026,9,Q3
DOGE/USDT,2026-09-11 12:30:00,2026-09-11 12:40:00,LONG,2026-09-11 13:33:00,0.0844,0.0822,0.0867,0.0881,2026-09-11 14:02:00,0.0881,GRID_B_FULL_TP,1.279,1.309,True,False,False,2026-09,2026,9,Q3
ADA/USDT,2025-09-15 13:30:00,2025-09-15 14:05:00,SHORT,2025-09-15 14:15:00,0.8638,0.8712,0.8564,0.8518,2025-09-15 19:05:00,0.8631,BE_STOP,0.407,0.5,True,False,False,2025-09,2025,9,Q3
ADA/USDT,2025-09-15 19:05:00,2025-09-15 19:15:00,SHORT,2025-09-15 19:39:00,0.8606,0.8658,0.8554,0.8522,2025-09-15 22:02:00,0.8658,INITIAL_STOP,-1.133,0.0,True,False,False,2025-09,2025,9,Q3
ADA/USDT,2025-09-16 10:15:00,2025-09-16 10:35:00,SHORT,2025-09-16 10:40:00,0.8719,0.8767,0.8671,0.8641,2025-09-16 13:45:00,0.8641,GRID_B_FULL_TP,1.164,1.309,True,False,False,2025-09,2025,9,Q3
ADA/USDT,2025-09-16 17:15:00,2025-09-16 17:40:00,SHORT,2025-09-16 17:45:00,0.8772,0.8802,0.8742,0.8723,2025-09-16 18:25:00,0.8802,INITIAL_STOP,-1.233,0.0,True,False,False,2025-09,2025,9,Q3
ADA/USDT,2025-09-21 14:45:00,2025-09-21 14:55:00,SHORT,2025-09-21 15:20:00,0.887,0.8911,0.883,0.8804,2025-09-21 16:35:00,0.8804,GRID_B_FULL_TP,1.135,1.309,True,False,False,2025-09,2025,9,Q3
ADA/USDT,2025-09-21 18:55:00,2025-09-21 19:10:00,SHORT,2025-09-21 19:25:00,0.8857,0.8909,0.8804,0.8771,2025-09-21 22:44:00,0.8849,BE_STOP,0.366,0.5,True,False,False,2025-09,2025,9,Q3
ADA/USDT,2025-09-24 09:30:00,2025-09-24 10:30:00,SHORT,2025-09-24 10:38:00,0.8168,0.8197,0.8139,0.8121,2025-09-24 11:10:00,0.8197,INITIAL_STOP,-1.223,0.0,True,False,False,2025-09,2025,9,Q3
ADA/USDT,2025-09-24 14:45:00,2025-09-24 15:50:00,SHORT,2025-09-24 17:31:00,0.8246,0.8289,0.8202,0.8175,2025-09-24 19:51:00,0.8239,BE_STOP,0.35,0.5,True,False,False,2025-09,2025,9,Q3
ADA/USDT,2025-09-27 17:15:00,2025-09-27 17:35:00,LONG,2025-09-27 17:47:00,0.7791,0.7761,0.7821,0.7839,2025-09-27 20:25:00,0.7797,BE_STOP,0.29,0.5,True,False,False,2025-09,2025,9,Q3
ADA/USDT,2025-10-04 21:25:00,2025-10-04 21:50:00,SHORT,2025-10-04 22:02:00,0.8415,0.8452,0.8377,0.8354,2025-10-05 00:22:00,0.8408,BE_STOP,0.319,0.5,True,False,False,2025-10,2025,10,Q4
ADA/USDT,2025-10-08 14:00:00,2025-10-08 14:35:00,SHORT,2025-10-08 15:09:00,0.8213,0.8312,0.8113,0.8051,2025-10-08 17:10:00,0.8312,INITIAL_STOP,-1.066,0.0,True,False,False,2025-10,2025,10,Q4
ADA/USDT,2025-10-08 17:15:00,2025-10-08 17:40:00,SHORT,2025-10-08 17:48:00,0.8427,0.8466,0.8389,0.8366,2025-10-08 18:54:00,0.8421,BE_STOP,0.323,0.5,True,False,False,2025-10,2025,10,Q4
ADA/USDT,2025-10-11 09:05:00,2025-10-11 09:15:00,SHORT,2025-10-11 09:23:00,0.6768,0.6842,0.6695,0.6649,2025-10-11 10:02:00,0.6649,GRID_B_FULL_TP,1.235,1.309,True,False,False,2025-10,2025,10,Q4
ADA/USDT,2025-10-13 11:25:00,2025-10-13 12:10:00,LONG,2025-10-13 12:20:00,0.7074,0.6914,0.7233,0.7331,2025-10-13 14:22:00,0.7079,BE_STOP,0.464,0.5,True,False,False,2025-10,2025,10,Q4
ADA/USDT,2025-10-14 14:45:00,2025-10-14 14:55:00,SHORT,2025-10-14 15:02:00,0.682,0.6876,0.6763,0.6728,2025-10-14 15:24:00,0.6814,BE_STOP,0.404,0.5,True,False,False,2025-10,2025,10,Q4
ADA/USDT,2025-10-16 10:15:00,2025-10-16 11:25:00,SHORT,2025-10-16 11:48:00,0.6777,0.6826,0.6728,0.6697,2025-10-16 12:02:00,0.6826,INITIAL_STOP,-1.11,0.0,True,False,False,2025-10,2025,10,Q4
ADA/USDT,2025-10-18 07:05:00,2025-10-18 07:20:00,SHORT,2025-10-18 07:39:00,0.6349,0.6401,0.6296,0.6264,2025-10-18 12:17:00,0.6401,INITIAL_STOP,-1.098,0.0,True,False,False,2025-10,2025,10,Q4
ADA/USDT,2025-10-20 11:10:00,2025-10-20 11:50:00,LONG,2025-10-20 12:05:00,0.6651,0.6611,0.6691,0.6716,2025-10-20 12:51:00,0.6656,BE_STOP,0.367,0.5,True,False,False,2025-10,2025,10,Q4
ADA/USDT,2025-10-23 08:15:00,2025-10-23 08:55:00,SHORT,2025-10-23 09:01:00,0.6407,0.6443,0.6372,0.6351,2025-10-23 11:51:00,0.6351,GRID_B_FULL_TP,1.163,1.309,True,False,False,2025-10,2025,10,Q4
ADA/USDT,2025-10-27 09:50:00,2025-10-27 10:20:00,LONG,2025-10-27 10:30:00,0.6767,0.6728,0.6806,0.683,2025-10-27 11:20:00,0.6728,INITIAL_STOP,-1.138,0.0,True,False,False,2025-10,2025,10,Q4
ADA/USDT,2025-10-27 13:40:00,2025-10-27 13:50:00,LONG,2025-10-27 14:05:00,0.6709,0.6647,0.6771,0.6809,2025-10-27 16:37:00,0.6809,GRID_B_FULL_TP,1.223,1.309,True,False,False,2025-10,2025,10,Q4
ADA/USDT,2025-10-27 21:20:00,2025-10-27 21:35:00,LONG,2025-10-27 21:59:00,0.6688,0.664,0.6737,0.6767,2025-10-27 23:15:00,0.664,INITIAL_STOP,-1.11,0.0,True,False,False,2025-10,2025,10,Q4
ADA/USDT,2025-11-06 12:40:00,2025-11-06 13:10:00,LONG,2025-11-06 14:23:00,0.5312,0.5282,0.5341,0.5359,2025-11-06 14:34:00,0.5282,INITIAL_STOP,-1.144,0.0,True,False,False,2025-11,2025,11,Q4
ADA/USDT,2025-11-06 18:45:00,2025-11-06 19:00:00,SHORT,2025-11-06 19:05:00,0.5288,0.5327,0.5248,0.5224,2025-11-06 19:58:00,0.5283,BE_STOP,0.393,0.5,True,False,False,2025-11,2025,11,Q4
ADA/USDT,2025-11-12 06:10:00,2025-11-12 07:00:00,SHORT,2025-11-12 07:08:00,0.5622,0.565,0.5594,0.5576,2025-11-12 07:53:00,0.5576,GRID_B_FULL_TP,1.151,1.309,True,False,False,2025-11,2025,11,Q4
ADA/USDT,2025-11-12 08:35:00,2025-11-12 08:55:00,SHORT,2025-11-12 09:02:00,0.5653,0.5685,0.5621,0.56,2025-11-12 09:11:00,0.5685,INITIAL_STOP,-1.139,0.0,True,False,False,2025-11,2025,11,Q4
ADA/USDT,2025-11-20 21:20:00,2025-11-20 22:00:00,SHORT,2025-11-20 22:05:00,0.4397,0.4423,0.4372,0.4357,2025-11-20 22:10:00,0.4423,INITIAL_STOP,-1.14,0.0,True,False,False,2025-11,2025,11,Q4
ADA/USDT,2025-11-21 14:30:00,2025-11-21 15:05:00,SHORT,2025-11-21 16:56:00,0.4106,0.4127,0.4086,0.4073,2025-11-21 17:00:00,0.4127,INITIAL_STOP,-1.159,0.0,True,False,False,2025-11,2025,11,Q4
ADA/USDT,2025-11-25 13:40:00,2025-11-25 14:25:00,LONG,2025-11-25 14:30:00,0.4126,0.4109,0.4143,0.4154,2025-11-25 14:43:00,0.4109,INITIAL_STOP,-1.192,0.0,True,False,False,2025-11,2025,11,Q4
ADA/USDT,2025-12-03 14:00:00,2025-12-03 14:40:00,LONG,2025-12-03 14:52:00,0.4335,0.4258,0.4412,0.4459,2025-12-03 20:20:00,0.4459,GRID_B_FULL_TP,1.264,1.309,True,False,False,2025-12,2025,12,Q4
ADA/USDT,2025-12-06 16:35:00,2025-12-06 16:55:00,SHORT,2025-12-06 17:09:00,0.4172,0.4194,0.4149,0.4135,2025-12-06 18:15:00,0.4194,INITIAL_STOP,-1.147,0.0,True,False,False,2025-12,2025,12,Q4
ADA/USDT,2025-12-08 15:25:00,2025-12-08 15:55:00,LONG,2025-12-08 16:01:00,0.4346,0.4295,0.4397,0.4428,2025-12-08 17:41:00,0.4349,BE_STOP,0.431,0.5,True,False,False,2025-12,2025,12,Q4
ADA/USDT,2025-12-09 20:20:00,2025-12-09 21:05:00,LONG,2025-12-09 21:18:00,0.475,0.4722,0.4778,0.4796,2025-12-09 21:43:00,0.4722,INITIAL_STOP,-1.135,0.0,True,False,False,2025-12,2025,12,Q4
ADA/USDT,2025-12-10 19:00:00,2025-12-10 20:10:00,LONG,2025-12-10 20:22:00,0.466,0.4565,0.4755,0.4814,2025-12-10 21:58:00,0.4565,INITIAL_STOP,-1.039,0.0,True,False,False,2025-12,2025,12,Q4
ADA/USDT,2025-12-11 15:20:00,2025-12-11 15:35:00,SHORT,2025-12-11 15:58:00,0.4179,0.4217,0.4141,0.4117,2025-12-11 16:31:00,0.4117,GRID_B_FULL_TP,1.222,1.309,True,False,False,2025-12,2025,12,Q4
ADA/USDT,2025-12-12 06:05:00,2025-12-12 06:30:00,SHORT,2025-12-12 07:30:00,0.4276,0.4293,0.426,0.4249,2025-12-12 08:27:00,0.4249,GRID_B_FULL_TP,1.107,1.309,True,False,False,2025-12,2025,12,Q4
ADA/USDT,2025-12-16 13:30:00,2025-12-16 14:00:00,SHORT,2025-12-16 14:05:00,0.3829,0.3913,0.3745,0.3694,2025-12-16 15:57:00,0.3913,INITIAL_STOP,-1.037,0.0,True,False,False,2025-12,2025,12,Q4
ADA/USDT,2025-12-19 19:35:00,2025-12-19 19:55:00,SHORT,2025-12-19 20:01:00,0.3789,0.3815,0.3763,0.3747,2025-12-20 01:41:00,0.3747,GRID_B_FULL_TP,1.191,1.309,True,False,False,2025-12,2025,12,Q4
ADA/USDT,2025-12-21 23:00:00,2025-12-21 23:30:00,SHORT,2025-12-21 23:40:00,0.3657,0.3689,0.3624,0.3603,2025-12-22 00:10:00,0.3689,INITIAL_STOP,-1.089,0.0,True,False,False,2025-12,2025,12,Q4
ADA/USDT,2025-12-29 12:05:00,2025-12-29 12:25:00,LONG,2025-12-29 13:27:00,0.3647,0.364,0.3653,0.3658,2025-12-29 13:40:00,0.364,INITIAL_STOP,-1.419,0.0,True,False,False,2025-12,2025,12,Q4
ADA/USDT,2026-01-06 07:35:00,2026-01-06 08:05:00,LONG,2026-01-06 08:16:00,0.4157,0.4135,0.4179,0.4193,2026-01-06 10:32:00,0.4193,GRID_B_FULL_TP,1.159,1.309,True,False,False,2026-01,2026,1,Q1
ADA/USDT,2026-01-14 06:35:00,2026-01-14 06:45:00,LONG,2026-01-14 07:32:00,0.4224,0.4176,0.4273,0.4304,2026-01-14 11:02:00,0.4176,INITIAL_STOP,-1.069,0.0,True,False,False,2026-01,2026,1,Q1
ADA/USDT,2026-01-25 21:20:00,2026-01-25 21:35:00,SHORT,2026-01-25 21:43:00,0.3379,0.3399,0.3359,0.3347,2026-01-26 00:06:00,0.3399,INITIAL_STOP,-1.135,0.0,True,False,False,2026-01,2026,1,Q1
ADA/USDT,2026-01-28 15:15:00,2026-01-28 16:25:00,LONG,2026-01-28 16:37:00,0.3571,0.3541,0.3601,0.362,2026-01-28 18:01:00,0.3574,BE_STOP,0.406,0.5,True,False,False,2026-01,2026,1,Q1
ADA/USDT,2026-02-02 14:30:00,2026-02-02 15:30:00,SHORT,2026-02-02 15:38:00,0.3,0.3017,0.2983,0.2973,2026-02-02 15:39:00,0.3017,INITIAL_STOP,-1.145,0.0,True,False,False,2026-02,2026,2,Q1
ADA/USDT,2026-02-02 14:35:00,2026-02-02 15:30:00,SHORT,2026-02-02 15:38:00,0.3,0.3028,0.2972,0.2956,2026-02-02 15:48:00,0.3028,INITIAL_STOP,-1.087,0.0,True,False,False,2026-02,2026,2,Q1
ADA/USDT,2026-02-06 13:20:00,2026-02-06 14:25:00,SHORT,2026-02-06 14:30:00,0.2633,0.2654,0.2613,0.26,2026-02-06 14:31:00,0.2654,INITIAL_STOP,-1.103,0.0,True,False,False,2026-02,2026,2,Q1
ADA/USDT,2026-02-10 14:15:00,2026-02-10 14:40:00,SHORT,2026-02-10 15:07:00,0.2644,0.266,0.2628,0.2618,2026-02-10 15:21:00,0.2642,BE_STOP,0.368,0.5,True,False,False,2026-02,2026,2,Q1
ADA/USDT,2026-02-12 16:20:00,2026-02-12 16:40:00,LONG,2026-02-12 16:46:00,0.2596,0.2577,0.2616,0.2628,2026-02-12 17:46:00,0.2599,BE_STOP,0.393,0.5,True,False,False,2026-02,2026,2,Q1
ADA/USDT,2026-02-15 10:30:00,2026-02-15 10:45:00,LONG,2026-02-15 11:33:00,0.2917,0.2905,0.2929,0.2937,2026-02-15 11:53:00,0.2905,INITIAL_STOP,-1.189,0.0,True,False,False,2026-02,2026,2,Q1
ADA/USDT,2026-02-15 22:55:00,2026-02-15 23:05:00,SHORT,2026-02-15 23:30:00,0.2815,0.2833,0.2797,0.2786,2026-02-16 00:16:00,0.2833,INITIAL_STOP,-1.124,0.0,True,False,False,2026-02,2026,2,Q1
ADA/USDT,2026-02-19 17:15:00,2026-02-19 17:30:00,SHORT,2026-02-19 18:24:00,0.2715,0.2734,0.2696,0.2684,2026-02-19 19:04:00,0.2734,INITIAL_STOP,-1.114,0.0,True,False,False,2026-02,2026,2,Q1
ADA/USDT,2026-02-26 08:05:00,2026-02-26 08:15:00,LONG,2026-02-26 08:33:00,0.2935,0.2921,0.295,0.296,2026-02-26 08:59:00,0.2921,INITIAL_STOP,-1.158,0.0,True,False,False,2026-02,2026,2,Q1
ADA/USDT,2026-02-26 09:00:00,2026-02-26 09:10:00,LONG,2026-02-26 10:49:00,0.2925,0.2901,0.295,0.2966,2026-02-26 11:47:00,0.2901,INITIAL_STOP,-1.094,0.0,True,False,False,2026-02,2026,2,Q1
ADA/USDT,2026-02-26 14:45:00,2026-02-26 15:00:00,LONG,2026-02-26 15:12:00,0.2908,0.289,0.2926,0.2938,2026-02-26 15:26:00,0.2938,GRID_B_FULL_TP,1.182,1.309,True,False,False,2026-02,2026,2,Q1
ADA/USDT,2026-02-28 13:45:00,2026-02-28 14:50:00,SHORT,2026-02-28 15:28:00,0.2684,0.2703,0.2665,0.2653,2026-02-28 17:58:00,0.2682,BE_STOP,0.387,0.5,True,False,False,2026-02,2026,2,Q1
ADA/USDT,2026-03-05 06:05:00,2026-03-05 06:20:00,LONG,2026-03-05 07:50:00,0.2723,0.2711,0.2735,0.2743,2026-03-05 07:52:00,0.2711,INITIAL_STOP,-1.18,0.0,True,False,False,2026-03,2026,3,Q1
ADA/USDT,2026-03-19 19:10:00,2026-03-19 19:30:00,SHORT,2026-03-19 20:37:00,0.2682,0.269,0.2675,0.267,2026-03-19 21:52:00,0.267,GRID_B_FULL_TP,1.024,1.309,True,False,False,2026-03,2026,3,Q1
ADA/USDT,2026-03-25 15:05:00,2026-03-25 16:25:00,LONG,2026-03-25 17:55:00,0.2704,0.27,0.2709,0.2712,2026-03-25 18:09:00,0.27,INITIAL_STOP,-1.475,0.0,True,False,False,2026-03,2026,3,Q1
ADA/USDT,2026-03-25 15:10:00,2026-03-25 16:25:00,LONG,2026-03-25 17:55:00,0.2704,0.2697,0.2712,0.2717,2026-03-25 18:32:00,0.2707,BE_STOP,0.214,0.5,True,False,False,2026-03,2026,3,Q1
ADA/USDT,2026-03-26 13:05:00,2026-03-26 13:30:00,SHORT,2026-03-26 13:37:00,0.2581,0.2592,0.257,0.2563,2026-03-26 13:45:00,0.2592,INITIAL_STOP,-1.19,0.0,True,False,False,2026-03,2026,3,Q1
ADA/USDT,2026-03-26 13:45:00,2026-03-26 14:10:00,SHORT,2026-03-26 14:34:00,0.2584,0.2601,0.2568,0.2558,2026-03-26 15:07:00,0.2558,GRID_B_FULL_TP,1.183,1.309,True,False,False,2026-03,2026,3,Q1
ADA/USDT,2026-03-26 20:10:00,2026-03-26 20:55:00,SHORT,2026-03-26 21:02:00,0.2553,0.2576,0.2531,0.2517,2026-03-27 05:10:00,0.2551,BE_STOP,0.409,0.5,True,False,False,2026-03,2026,3,Q1
ADA/USDT,2026-03-27 15:20:00,2026-03-27 15:55:00,SHORT,2026-03-27 17:07:00,0.2485,0.2494,0.2476,0.2471,2026-03-27 17:21:00,0.2471,GRID_B_FULL_TP,1.081,1.309,True,False,False,2026-03,2026,3,Q1
ADA/USDT,2026-03-28 07:55:00,2026-03-28 08:55:00,SHORT,2026-03-28 10:04:00,0.2483,0.2489,0.2478,0.2475,2026-03-28 10:05:00,0.2489,INITIAL_STOP,-1.38,0.0,True,False,False,2026-03,2026,3,Q1
ADA/USDT,2026-03-29 20:20:00,2026-03-29 20:50:00,SHORT,2026-03-29 21:01:00,0.2409,0.2424,0.2395,0.2387,2026-03-29 22:41:00,0.2387,GRID_B_FULL_TP,1.172,1.309,True,False,False,2026-03,2026,3,Q1
ADA/USDT,2026-04-03 12:50:00,2026-04-03 13:55:00,LONG,2026-04-03 14:01:00,0.2455,0.2443,0.2467,0.2474,2026-04-03 14:18:00,0.2457,BE_STOP,0.332,0.5,True,False,False,2026-04,2026,4,Q2
ADA/USDT,2026-04-04 13:35:00,2026-04-04 14:20:00,LONG,2026-04-04 14:25:00,0.2443,0.2435,0.2451,0.2455,2026-04-04 14:39:00,0.2435,INITIAL_STOP,-1.255,0.0,True,False,False,2026-04,2026,4,Q2
ADA/USDT,2026-04-04 22:20:00,2026-04-04 22:45:00,LONG,2026-04-04 23:03:00,0.2478,0.246,0.2496,0.2507,2026-04-05 04:53:00,0.246,INITIAL_STOP,-1.112,0.0,True,False,False,2026-04,2026,4,Q2
ADA/USDT,2026-04-05 10:35:00,2026-04-05 10:50:00,SHORT,2026-04-05 11:11:00,0.2419,0.2436,0.2402,0.2392,2026-04-05 15:26:00,0.2436,INITIAL_STOP,-1.116,0.0,True,False,False,2026-04,2026,4,Q2
ADA/USDT,2026-04-05 19:20:00,2026-04-05 19:40:00,SHORT,2026-04-05 19:58:00,0.2437,0.2447,0.2426,0.242,2026-04-05 20:37:00,0.2447,INITIAL_STOP,-1.192,0.0,True,False,False,2026-04,2026,4,Q2
ADA/USDT,2026-04-08 20:35:00,2026-04-08 21:15:00,LONG,2026-04-08 22:04:00,0.2529,0.2511,0.2547,0.2558,2026-04-08 23:00:00,0.2511,INITIAL_STOP,-1.114,0.0,True,False,False,2026-04,2026,4,Q2
ADA/USDT,2026-04-11 16:40:00,2026-04-11 17:10:00,SHORT,2026-04-11 17:40:00,0.2499,0.2512,0.2486,0.2478,2026-04-11 18:25:00,0.2497,BE_STOP,0.343,0.5,True,False,False,2026-04,2026,4,Q2
ADA/USDT,2026-04-17 19:05:00,2026-04-17 19:15:00,LONG,2026-04-17 19:45:00,0.2612,0.26,0.2625,0.2633,2026-04-17 20:30:00,0.26,INITIAL_STOP,-1.168,0.0,True,False,False,2026-04,2026,4,Q2
ADA/USDT,2026-04-21 12:10:00,2026-04-21 12:25:00,LONG,2026-04-21 12:30:00,0.2502,0.2491,0.2513,0.2519,2026-04-21 12:39:00,0.2491,INITIAL_STOP,-1.186,0.0,True,False,False,2026-04,2026,4,Q2
ADA/USDT,2026-05-05 14:15:00,2026-05-05 14:55:00,LONG,2026-05-05 16:11:00,0.2567,0.2559,0.2575,0.258,2026-05-05 16:58:00,0.258,GRID_B_FULL_TP,1.047,1.309,True,False,False,2026-05,2026,5,Q2
ADA/USDT,2026-05-05 14:45:00,2026-05-05 14:55:00,LONG,2026-05-05 16:11:00,0.2567,0.2554,0.258,0.2588,2026-05-05 17:08:00,0.2569,BE_STOP,0.34,0.5,True,False,False,2026-05,2026,5,Q2
ADA/USDT,2026-05-13 18:05:00,2026-05-13 18:50:00,SHORT,2026-05-13 18:56:00,0.265,0.2658,0.2642,0.2637,2026-05-13 19:06:00,0.2637,GRID_B_FULL_TP,1.043,1.309,True,False,False,2026-05,2026,5,Q2
ADA/USDT,2026-05-19 17:05:00,2026-05-19 17:30:00,SHORT,2026-05-19 17:38:00,0.2495,0.2505,0.2484,0.2478,2026-05-19 19:10:00,0.2493,BE_STOP,0.305,0.5,True,False,False,2026-05,2026,5,Q2
ADA/USDT,2026-05-23 18:30:00,2026-05-23 18:50:00,SHORT,2026-05-23 19:18:00,0.2445,0.2458,0.2433,0.2426,2026-05-23 20:37:00,0.2458,INITIAL_STOP,-1.161,0.0,True,False,False,2026-05,2026,5,Q2
ADA/USDT,2026-06-02 21:25:00,2026-06-02 22:05:00,SHORT,2026-06-02 22:27:00,0.2162,0.218,0.2145,0.2134,2026-06-02 22:50:00,0.2134,GRID_B_FULL_TP,1.212,1.309,True,False,False,2026-06,2026,6,Q2
ADA/USDT,2026-06-19 23:30:00,2026-06-19 23:45:00,SHORT,2026-06-19 23:56:00,0.1618,0.1623,0.1613,0.1609,2026-06-19 23:57:00,0.1623,INITIAL_STOP,-1.239,0.0,True,False,False,2026-06,2026,6,Q2
ADA/USDT,2026-06-26 19:35:00,2026-06-26 20:35:00,SHORT,2026-06-26 21:45:00,0.148,0.1483,0.1478,0.1476,2026-06-26 21:52:00,0.1476,GRID_B_FULL_TP,0.874,1.309,True,False,False,2026-06,2026,6,Q2
ADA/USDT,2026-07-07 22:00:00,2026-07-07 22:35:00,LONG,2026-07-07 22:46:00,0.1745,0.1736,0.1754,0.1759,2026-07-07 23:43:00,0.1746,BE_STOP,0.338,0.5,True,False,False,2026-07,2026,7,Q3
ADA/USDT,2026-07-08 14:40:00,2026-07-08 14:55:00,LONG,2026-07-08 15:01:00,0.1668,0.1662,0.1675,0.1678,2026-07-08 15:07:00,0.1662,INITIAL_STOP,-1.222,0.0,True,False,False,2026-07,2026,7,Q3
ADA/USDT,2026-07-14 21:40:00,2026-07-14 21:50:00,SHORT,2026-07-14 22:21:00,0.1648,0.1652,0.1643,0.1639,2026-07-14 23:12:00,0.1652,INITIAL_STOP,-1.265,0.0,True,False,False,2026-07,2026,7,Q3
ADA/USDT,2026-07-26 16:15:00,2026-07-26 17:25:00,SHORT,2026-07-27 08:17:00,0.1652,0.166,0.1643,0.1637,2026-07-28 00:53:00,0.1637,GRID_B_FULL_TP,1.162,1.309,True,False,False,2026-07,2026,7,Q3
ADA/USDT,2026-07-28 20:05:00,2026-07-28 20:30:00,SHORT,2026-07-28 20:35:00,0.1595,0.1597,0.1593,0.1591,2026-07-28 20:41:00,0.1594,BE_STOP,-0.033,0.5,True,False,False,2026-07,2026,7,Q3
ADA/USDT,2026-07-30 22:00:00,2026-07-30 22:25:00,LONG,2026-07-30 22:46:00,0.1701,0.1695,0.1708,0.1711,2026-07-31 12:08:00,0.1695,INITIAL_STOP,-1.225,0.0,True,False,False,2026-07,2026,7,Q3
ADA/USDT,2026-08-08 21:50:00,2026-08-08 22:05:00,LONG,2026-08-08 22:17:00,0.1996,0.1991,0.2,0.2003,2026-08-08 22:31:00,0.1997,BE_STOP,0.145,0.5,True,False,False,2026-08,2026,8,Q3
ADA/USDT,2026-08-21 18:45:00,2026-08-21 19:25:00,LONG,2026-08-21 19:36:00,0.2176,0.214,0.2211,0.2233,2026-08-21 21:43:00,0.2233,GRID_B_FULL_TP,1.26,1.309,True,False,False,2026-08,2026,8,Q3
ADA/USDT,2026-08-31 09:20:00,2026-08-31 09:55:00,SHORT,2026-08-31 10:13:00,0.1966,0.1975,0.1957,0.1952,2026-08-31 10:49:00,0.1975,INITIAL_STOP,-1.176,0.0,True,False,False,2026-08,2026,8,Q3
ADA/USDT,2026-08-31 10:50:00,2026-08-31 11:30:00,SHORT,2026-08-31 12:11:00,0.1976,0.1987,0.1965,0.1958,2026-08-31 12:39:00,0.1958,GRID_B_FULL_TP,1.165,1.309,True,False,False,2026-08,2026,8,Q3
ADA/USDT,2026-08-31 17:40:00,2026-08-31 18:05:00,SHORT,2026-08-31 18:15:00,0.1976,0.1984,0.1969,0.1964,2026-08-31 18:17:00,0.1984,INITIAL_STOP,-1.212,0.0,True,False,False,2026-08,2026,8,Q3
ADA/USDT,2026-09-02 21:40:00,2026-09-02 22:05:00,SHORT,2026-09-02 23:00:00,0.1989,0.1999,0.1979,0.1973,2026-09-02 23:10:00,0.1999,INITIAL_STOP,-1.159,0.0,True,False,False,2026-09,2026,9,Q3
ADA/USDT,2026-09-03 22:25:00,2026-09-03 22:50:00,LONG,2026-09-03 23:17:00,0.2205,0.2195,0.2214,0.222,2026-09-04 00:08:00,0.2206,BE_STOP,0.32,0.5,True,False,False,2026-09,2026,9,Q3
ADA/USDT,2026-09-04 12:30:00,2026-09-04 13:50:00,LONG,2026-09-04 14:06:00,0.2147,0.212,0.2174,0.2191,2026-09-04 14:42:00,0.212,INITIAL_STOP,-1.063,0.0,True,False,False,2026-09,2026,9,Q3
ADA/USDT,2026-09-05 21:00:00,2026-09-05 21:25:00,LONG,2026-09-05 22:22:00,0.2196,0.2178,0.2214,0.2226,2026-09-06 01:20:00,0.2226,GRID_B_FULL_TP,1.213,1.309,True,False,False,2026-09,2026,9,Q3
SBER,2024-06-21 08:00:00,2024-06-21 08:20:00,LONG,2024-06-21 08:27:00,313.715,312.2794,315.1506,316.0378,2024-06-21 14:48:00,313.8719,BE_STOP,0.391,0.5,False,False,True,2024-06,2024,6,Q2
SBER,2024-07-15 09:35:00,2024-07-15 10:55:00,SHORT,2024-07-15 11:12:00,290.8,291.7462,289.8538,289.269,2024-07-15 13:57:00,289.269,GRID_B_FULL_TP,1.155,1.309,False,False,True,2024-07,2024,7,Q3
SBER,2024-10-18 08:10:00,2024-10-18 08:45:00,SHORT,2024-10-18 09:15:00,257.54,259.2863,255.7937,254.7145,2024-10-18 09:30:00,257.4112,BE_STOP,0.426,0.5,True,False,True,2024-10,2024,10,Q4
SBER,2024-11-22 09:05:00,2024-11-22 09:20:00,LONG,2024-11-22 09:33:00,237.96,236.9531,238.9669,239.5892,2024-11-22 11:36:00,238.079,BE_STOP,0.382,0.5,True,False,True,2024-11,2024,11,Q4
SBER,2024-11-26 08:05:00,2024-11-26 08:55:00,SHORT,2024-11-26 09:04:00,230.805,231.4862,230.1238,229.7028,2024-11-26 09:20:00,229.7028,GRID_B_FULL_TP,1.14,1.309,True,False,True,2024-11,2024,11,Q4
SBER,2024-11-27 09:30:00,2024-11-27 10:15:00,SHORT,2024-11-27 10:38:00,223.92,226.2659,221.5741,220.1244,2024-11-27 12:58:00,220.1244,GRID_B_FULL_TP,1.261,1.309,True,False,True,2024-11,2024,11,Q4
SBER,2024-12-09 09:00:00,2024-12-09 09:50:00,LONG,2024-12-09 10:32:00,237.605,237.1736,238.0364,238.303,2024-12-09 10:59:00,237.1736,INITIAL_STOP,-1.275,0.0,True,False,True,2024-12,2024,12,Q4
SBER,2024-12-09 09:35:00,2024-12-09 09:50:00,LONG,2024-12-09 10:32:00,237.605,236.3936,238.8164,239.5651,2024-12-09 13:21:00,239.5651,GRID_B_FULL_TP,1.211,1.309,True,False,True,2024-12,2024,12,Q4
SBER,2025-02-17 08:35:00,2025-02-17 09:10:00,LONG,2025-02-17 09:16:00,313.61,312.1496,315.0704,315.973,2025-02-17 10:22:00,315.973,GRID_B_FULL_TP,1.202,1.309,True,False,True,2025-02,2025,2,Q1
SBER,2025-04-22 09:40:00,2025-04-22 10:05:00,LONG,2025-04-22 10:29:00,307.325,306.089,308.561,309.3248,2025-04-22 13:18:00,309.3248,GRID_B_FULL_TP,1.185,1.309,True,False,True,2025-04,2025,4,Q2
SBER,2025-06-02 09:20:00,2025-06-02 09:55:00,SHORT,2025-06-02 10:15:00,305.755,306.6586,304.8514,304.2929,2025-06-02 11:26:00,304.2929,GRID_B_FULL_TP,1.14,1.309,True,False,True,2025-06,2025,6,Q2
SBER,2025-11-11 09:00:00,2025-11-11 09:15:00,LONG,2025-11-11 10:12:00,299.015,297.6115,300.4185,301.2859,2025-11-11 11:48:00,301.2859,GRID_B_FULL_TP,1.202,1.309,True,False,True,2025-11,2025,11,Q4
SBER,2026-01-20 09:00:00,2026-01-20 09:20:00,LONG,2026-01-20 09:25:00,302.835,302.0157,303.6543,304.1606,2026-01-20 14:20:00,304.1606,GRID_B_FULL_TP,1.124,1.309,True,False,True,2026-01,2026,1,Q1
SBER,2026-02-09 08:05:00,2026-02-09 08:25:00,SHORT,2026-02-09 08:35:00,302.105,302.6532,301.5568,301.2181,2026-02-09 09:25:00,301.9539,BE_STOP,0.224,0.5,True,False,True,2026-02,2026,2,Q1
SBER,2026-02-09 08:10:00,2026-02-09 08:25:00,SHORT,2026-02-09 08:35:00,302.105,303.1632,301.0468,300.3929,2026-02-09 12:33:00,301.9539,BE_STOP,0.357,0.5,True,False,True,2026-02,2026,2,Q1
SBER,2026-03-17 08:10:00,2026-03-17 08:20:00,SHORT,2026-03-17 08:39:00,316.795,317.7452,315.8448,315.2576,2026-03-17 09:11:00,316.6366,BE_STOP,0.333,0.5,True,False,True,2026-03,2026,3,Q1
SBER,2026-05-26 09:35:00,2026-05-26 09:50:00,SHORT,2026-05-26 11:02:00,320.835,321.7013,319.9687,319.4334,2026-05-26 16:19:00,319.4334,GRID_B_FULL_TP,1.124,1.309,True,False,True,2026-05,2026,5,Q2
SBER,2026-06-03 08:25:00,2026-06-03 08:50:00,LONG,2026-06-03 09:00:00,325.22,324.5122,325.9278,326.3653,2026-06-03 10:57:00,326.3653,GRID_B_FULL_TP,1.079,1.309,True,False,True,2026-06,2026,6,Q2
SBER,2026-07-01 08:00:00,2026-07-01 08:45:00,LONG,2026-07-01 09:10:00,307.665,306.5385,308.7915,309.4877,2026-07-01 09:17:00,309.4877,GRID_B_FULL_TP,1.172,1.309,True,False,True,2026-07,2026,7,Q3
SBER,2026-08-05 08:40:00,2026-08-05 09:05:00,LONG,2026-08-05 09:19:00,285.25,284.3421,286.1579,286.7189,2026-08-05 15:15:00,286.7189,GRID_B_FULL_TP,1.152,1.309,False,False,True,2026-08,2026,8,Q3
GAZP,2024-06-19 08:30:00,2024-06-19 08:50:00,SHORT,2024-06-19 09:04:00,118.13,118.6772,117.5828,117.2446,2024-06-19 09:23:00,117.2446,GRID_B_FULL_TP,1.201,1.309,False,False,True,2024-06,2024,6,Q2
GAZP,2024-08-27 09:05:00,2024-08-27 09:50:00,LONG,2024-08-27 10:45:00,125.805,124.8713,126.7387,127.3157,2024-08-27 12:27:00,124.8713,INITIAL_STOP,-1.067,0.0,True,False,True,2024-08,2024,8,Q3
GAZP,2024-09-18 08:15:00,2024-09-18 08:35:00,LONG,2024-09-18 08:40:00,122.445,121.7163,123.1737,123.624,2024-09-18 10:28:00,122.5062,BE_STOP,0.416,0.5,True,False,True,2024-09,2024,9,Q3
GAZP,2024-09-30 09:15:00,2024-09-30 10:10:00,LONG,2024-09-30 10:21:00,138.5,136.9922,140.0078,140.9395,2024-09-30 11:06:00,138.5693,BE_STOP,0.454,0.5,True,False,True,2024-09,2024,9,Q3
GAZP,2024-10-14 09:45:00,2024-10-14 10:00:00,SHORT,2024-10-14 10:08:00,131.29,131.9569,130.6231,130.2109,2024-10-14 10:25:00,131.9569,INITIAL_STOP,-1.098,0.0,False,False,True,2024-10,2024,10,Q4
GAZP,2024-11-27 09:25:00,2024-11-27 10:15:00,SHORT,2024-11-27 10:38:00,115.415,115.8231,115.0069,114.7547,2024-11-27 11:05:00,114.7547,GRID_B_FULL_TP,1.168,1.309,True,False,True,2024-11,2024,11,Q4
GAZP,2024-11-27 09:30:00,2024-11-27 10:15:00,SHORT,2024-11-27 10:38:00,115.415,116.0731,114.7569,114.3502,2024-11-27 11:26:00,115.3573,BE_STOP,0.412,0.5,True,False,True,2024-11,2024,11,Q4
GAZP,2024-12-02 09:10:00,2024-12-02 09:20:00,LONG,2024-12-02 09:26:00,124.5,123.5632,125.4368,126.0157,2024-12-02 13:08:00,123.5632,INITIAL_STOP,-1.066,0.0,True,False,True,2024-12,2024,12,Q4
GAZP,2025-02-17 08:35:00,2025-02-17 09:10:00,LONG,2025-02-17 09:16:00,172.365,170.9615,173.7685,174.6359,2025-02-17 15:23:00,174.6359,GRID_B_FULL_TP,1.248,1.309,True,False,True,2025-02,2025,2,Q1
GAZP,2025-03-11 08:00:00,2025-03-11 08:45:00,SHORT,2025-03-11 08:51:00,171.345,171.857,170.833,170.5166,2025-03-11 10:02:00,171.2593,BE_STOP,0.333,0.5,True,False,True,2025-03,2025,3,Q1
GAZP,2025-05-23 09:10:00,2025-05-23 09:25:00,SHORT,2025-05-23 09:30:00,130.31,130.7755,129.8445,129.5569,2025-05-23 10:02:00,130.7755,INITIAL_STOP,-1.14,0.0,False,False,True,2025-05,2025,5,Q2
GAZP,2025-10-22 08:30:00,2025-10-22 09:20:00,SHORT,2025-10-22 09:31:00,121.63,122.0024,121.2576,121.0274,2025-10-22 10:39:00,121.0274,GRID_B_FULL_TP,1.146,1.309,True,False,True,2025-10,2025,10,Q4
GAZP,2025-10-27 09:25:00,2025-10-27 10:05:00,SHORT,2025-10-27 10:25:00,116.395,117.1546,115.6354,115.166,2025-10-27 11:47:00,115.166,GRID_B_FULL_TP,1.232,1.309,True,False,True,2025-10,2025,10,Q4
GAZP,2025-11-05 08:15:00,2025-11-05 09:20:00,SHORT,2025-11-05 09:32:00,116.885,117.1553,116.6147,116.4476,2025-11-05 10:35:00,117.1553,INITIAL_STOP,-1.216,0.0,True,False,True,2025-11,2025,11,Q4
GAZP,2026-01-28 09:05:00,2026-01-28 10:15:00,LONG,2026-01-28 10:23:00,127.89,127.3982,128.3818,128.6858,2026-01-28 12:05:00,127.3982,INITIAL_STOP,-1.13,0.0,True,False,True,2026-01,2026,1,Q1
GAZP,2026-05-13 08:10:00,2026-05-13 08:40:00,LONG,2026-05-13 08:51:00,123.585,122.9446,124.2254,124.6211,2026-05-13 10:44:00,123.6468,BE_STOP,0.404,0.5,True,False,True,2026-05,2026,5,Q2
GAZP,2026-07-06 08:00:00,2026-07-06 08:55:00,SHORT,2026-07-06 09:06:00,97.57,97.8564,97.2836,97.1067,2026-07-06 09:24:00,97.1067,GRID_B_FULL_TP,1.139,1.309,True,False,True,2026-07,2026,7,Q3
GAZP,2026-07-21 09:55:00,2026-07-21 10:15:00,LONG,2026-07-21 10:32:00,84.075,83.6239,84.5261,84.8049,2026-07-21 10:37:00,83.6239,INITIAL_STOP,-1.093,0.0,True,False,True,2026-07,2026,7,Q3
GAZP,2026-07-25 08:20:00,2026-07-25 08:40:00,LONG,2026-07-25 09:49:00,93.155,92.6603,93.6497,93.9555,2026-07-25 16:01:00,93.2016,BE_STOP,0.406,0.5,True,False,True,2026-07,2026,7,Q3
ROSN,2025-10-22 09:05:00,2025-10-22 09:20:00,SHORT,2025-10-22 09:31:00,413.875,415.4708,412.2792,411.293,2025-10-22 10:37:00,411.293,GRID_B_FULL_TP,1.179,1.309,True,False,True,2025-10,2025,10,Q4
ROSN,2025-11-17 09:00:00,2025-11-17 10:15:00,SHORT,2025-11-17 10:53:00,383.275,384.5749,381.9751,381.1717,2025-11-17 14:42:00,381.1717,GRID_B_FULL_TP,1.162,1.309,True,False,True,2025-11,2025,11,Q4
ROSN,2025-12-26 08:20:00,2025-12-26 08:45:00,SHORT,2025-12-26 10:36:00,407.325,408.511,406.139,405.4061,2025-12-26 11:44:00,405.4061,GRID_B_FULL_TP,1.137,1.309,True,False,True,2025-12,2025,12,Q4
ROSN,2026-02-02 09:50:00,2026-02-02 10:10:00,SHORT,2026-02-02 10:30:00,404.725,405.4571,403.9929,403.5405,2026-02-02 10:47:00,403.5405,GRID_B_FULL_TP,1.033,1.309,True,False,True,2026-02,2026,2,Q1
ROSN,2026-03-09 08:35:00,2026-03-09 09:05:00,LONG,2026-03-09 09:17:00,494.95,491.5076,498.3924,500.5198,2026-03-09 09:21:00,491.5076,INITIAL_STOP,-1.072,0.0,True,False,True,2026-03,2026,3,Q1
ROSN,2026-05-04 09:25:00,2026-05-04 09:55:00,LONG,2026-05-04 10:00:00,421.975,419.717,424.233,425.6284,2026-05-04 10:08:00,425.6284,GRID_B_FULL_TP,1.216,1.309,True,False,True,2026-05,2026,5,Q2
ROSN,2026-07-06 08:05:00,2026-07-06 09:25:00,SHORT,2026-07-06 09:30:00,307.2,309.7608,304.6392,303.0566,2026-07-06 12:43:00,303.0566,GRID_B_FULL_TP,1.249,1.309,True,False,True,2026-07,2026,7,Q3
ROSN,2026-08-19 09:50:00,2026-08-19 10:05:00,LONG,2026-08-19 10:28:00,312.525,310.9312,314.1188,315.1037,2026-08-19 11:34:00,312.6813,BE_STOP,0.402,0.5,True,False,True,2026-08,2026,8,Q3
YDEX,2025-10-22 08:40:00,2025-10-22 09:20:00,SHORT,2025-10-22 09:31:00,3989.25,3999.9839,3978.5161,3971.8826,2025-10-22 09:49:00,3999.9839,INITIAL_STOP,-1.186,0.0,True,False,True,2025-10,2025,10,Q4
YDEX,2025-10-27 08:35:00,2025-10-27 08:50:00,SHORT,2025-10-27 09:15:00,3809.5,3825.2142,3793.7858,3784.0743,2025-10-27 09:28:00,3825.2142,INITIAL_STOP,-1.121,0.0,False,False,True,2025-10,2025,10,Q4
YDEX,2025-10-27 09:25:00,2025-10-27 09:45:00,SHORT,2025-10-27 09:53:00,3817.5,3834.7263,3800.2737,3789.6279,2025-10-27 11:20:00,3789.6279,GRID_B_FULL_TP,1.198,1.309,False,False,True,2025-10,2025,10,Q4
YDEX,2025-12-23 09:15:00,2025-12-23 10:10:00,LONG,2025-12-23 10:37:00,4430.0,4415.855,4444.145,4452.8866,2025-12-23 11:55:00,4452.8866,GRID_B_FULL_TP,1.152,1.309,True,False,True,2025-12,2025,12,Q4
YDEX,2026-02-03 09:00:00,2026-02-03 09:10:00,LONG,2026-02-03 09:55:00,4743.75,4725.8844,4761.6156,4772.6566,2026-02-03 13:04:00,4725.8844,INITIAL_STOP,-1.133,0.0,True,False,True,2026-02,2026,2,Q1
YDEX,2026-02-16 08:40:00,2026-02-16 09:05:00,LONG,2026-02-16 10:25:00,4858.75,4833.2119,4884.2881,4900.0707,2026-02-16 12:41:00,4900.0707,GRID_B_FULL_TP,1.214,1.309,True,False,True,2026-02,2026,2,Q1
YDEX,2026-02-17 08:05:00,2026-02-17 08:35:00,LONG,2026-02-17 09:26:00,4823.25,4804.7651,4841.7349,4853.1585,2026-02-17 09:32:00,4853.1585,GRID_B_FULL_TP,1.179,1.309,True,False,True,2026-02,2026,2,Q1
YDEX,2026-03-02 09:05:00,2026-03-02 09:20:00,SHORT,2026-03-02 09:41:00,4711.5,4726.0673,4696.9327,4687.9302,2026-03-02 09:45:00,4726.0673,INITIAL_STOP,-1.162,0.0,True,False,True,2026-03,2026,3,Q1
YDEX,2026-07-18 08:25:00,2026-07-18 09:10:00,SHORT,2026-07-18 10:45:00,3250.75,3267.8761,3233.6239,3223.0399,2026-07-18 14:27:00,3249.1246,BE_STOP,0.405,0.5,True,False,True,2026-07,2026,7,Q3
