symbol,sweep_time,confirm_time,dir,fill_time,fill_price,stop,target_tp1,target_tp2,exit_time,exit_price,outcome,R,banked_r,is_asian_sweep,has_smt,is_moex,month,year,cal_month,quarter
SOL/USDT,2024-06-15 05:20:00,2024-06-15 05:50:00,SHORT,2024-06-15 06:01:00,145.055,145.7176,144.3924,143.9829,2024-06-15 07:02:00,143.9829,GRID_B_FULL_TP,1.134,1.309,False,False,False,2024-06,2024,6,Q2
SOL/USDT,2024-06-17 03:50:00,2024-06-17 04:25:00,LONG,2024-06-17 06:05:00,147.34,146.939,147.741,147.9888,2024-06-17 06:16:00,146.939,INITIAL_STOP,-1.294,0.0,False,False,False,2024-06,2024,6,Q2
SOL/USDT,2024-06-17 06:50:00,2024-06-17 07:25:00,LONG,2024-06-17 07:43:00,146.63,146.0501,147.2099,147.5684,2024-06-17 08:22:00,146.7473,BE_STOP,0.298,0.5,True,False,False,2024-06,2024,6,Q2
SOL/USDT,2024-06-17 14:35:00,2024-06-17 14:55:00,SHORT,2024-06-17 15:02:00,143.875,144.8358,142.9142,142.3204,2024-06-17 15:34:00,142.3204,GRID_B_FULL_TP,1.189,1.309,True,False,False,2024-06,2024,6,Q2
SOL/USDT,2024-06-18 21:15:00,2024-06-18 21:55:00,SHORT,2024-06-18 22:00:00,137.92,138.6069,137.2331,136.8086,2024-06-18 22:06:00,136.8086,GRID_B_FULL_TP,1.148,1.309,False,False,False,2024-06,2024,6,Q2
SOL/USDT,2024-06-19 00:50:00,2024-06-19 01:45:00,SHORT,2024-06-19 01:54:00,137.945,138.2869,137.6031,137.3918,2024-06-19 01:56:00,137.8346,BE_STOP,0.177,0.5,False,False,False,2024-06,2024,6,Q2
SOL/USDT,2024-06-19 01:00:00,2024-06-19 01:45:00,SHORT,2024-06-19 01:54:00,137.945,139.4369,136.4531,135.5311,2024-06-19 02:16:00,139.4369,INITIAL_STOP,-1.074,0.0,False,False,False,2024-06,2024,6,Q2
SOL/USDT,2024-06-19 05:15:00,2024-06-19 05:25:00,LONG,2024-06-19 05:47:00,140.035,139.2799,140.7901,141.2567,2024-06-19 06:35:00,141.2567,GRID_B_FULL_TP,1.161,1.309,False,False,False,2024-06,2024,6,Q2
SOL/USDT,2024-06-24 12:10:00,2024-06-24 12:40:00,SHORT,2024-06-24 12:56:00,127.89,128.1918,127.5882,127.4016,2024-06-24 12:59:00,128.1918,INITIAL_STOP,-1.339,0.0,False,False,False,2024-06,2024,6,Q2
SOL/USDT,2024-06-24 14:05:00,2024-06-24 14:15:00,SHORT,2024-06-24 14:36:00,129.115,130.1437,128.0863,127.4506,2024-06-24 15:36:00,127.4506,GRID_B_FULL_TP,1.209,1.309,True,False,False,2024-06,2024,6,Q2
SOL/USDT,2024-06-25 12:50:00,2024-06-25 13:10:00,LONG,2024-06-25 13:31:00,137.055,136.2844,137.8256,138.3018,2024-06-25 14:20:00,138.3018,GRID_B_FULL_TP,1.167,1.309,True,False,False,2024-06,2024,6,Q2
SOL/USDT,2024-06-30 07:10:00,2024-06-30 07:50:00,SHORT,2024-06-30 08:01:00,140.73,141.2111,140.2489,139.9516,2024-06-30 08:06:00,141.2111,INITIAL_STOP,-1.234,0.0,True,False,False,2024-06,2024,6,Q2
SOL/USDT,2024-07-01 11:05:00,2024-07-01 12:05:00,LONG,2024-07-01 13:50:00,146.385,146.1604,146.6096,146.7484,2024-07-01 13:53:00,146.7484,GRID_B_FULL_TP,0.788,1.309,False,False,False,2024-07,2024,7,Q3
SOL/USDT,2024-07-03 02:05:00,2024-07-03 02:30:00,LONG,2024-07-03 02:37:00,152.39,151.2714,153.5086,154.1999,2024-07-03 03:09:00,151.2714,INITIAL_STOP,-1.109,0.0,False,False,False,2024-07,2024,7,Q3
SOL/USDT,2024-07-04 14:40:00,2024-07-04 15:20:00,SHORT,2024-07-04 15:27:00,134.26,135.6214,132.8986,132.0573,2024-07-04 15:51:00,135.6214,INITIAL_STOP,-1.079,0.0,False,False,False,2024-07,2024,7,Q3
SOL/USDT,2024-07-05 08:00:00,2024-07-05 08:20:00,SHORT,2024-07-05 08:28:00,125.645,127.8785,123.4115,122.0312,2024-07-05 09:44:00,125.5445,BE_STOP,0.455,0.5,False,False,False,2024-07,2024,7,Q3
SOL/USDT,2024-07-05 16:25:00,2024-07-05 16:55:00,SHORT,2024-07-05 17:17:00,135.0,136.7825,133.2175,132.1159,2024-07-06 00:33:00,136.7825,INITIAL_STOP,-1.061,0.0,True,False,False,2024-07,2024,7,Q3
SOL/USDT,2024-07-08 10:55:00,2024-07-08 11:30:00,LONG,2024-07-08 11:58:00,140.335,137.6095,143.0605,144.7449,2024-07-08 14:28:00,137.6095,INITIAL_STOP,-1.041,0.0,True,False,False,2024-07,2024,7,Q3
SOL/USDT,2024-07-08 14:25:00,2024-07-08 14:45:00,LONG,2024-07-08 15:41:00,137.265,136.5041,138.0259,138.4961,2024-07-08 15:53:00,137.3748,BE_STOP,0.356,0.5,True,False,False,2024-07,2024,7,Q3
SOL/USDT,2024-07-12 06:35:00,2024-07-12 06:55:00,SHORT,2024-07-12 07:02:00,136.435,137.2347,135.6353,135.1412,2024-07-12 07:35:00,135.1412,GRID_B_FULL_TP,1.173,1.309,False,False,False,2024-07,2024,7,Q3
SOL/USDT,2024-07-16 05:35:00,2024-07-16 06:05:00,LONG,2024-07-16 06:45:00,155.6,155.1966,156.0034,156.2527,2024-07-16 06:50:00,155.7245,BE_STOP,0.191,0.5,False,False,False,2024-07,2024,7,Q3
SOL/USDT,2024-07-16 06:55:00,2024-07-16 07:10:00,LONG,2024-07-16 07:19:00,155.01,153.4475,156.5725,157.5381,2024-07-16 08:20:00,153.4475,INITIAL_STOP,-1.079,0.0,True,False,False,2024-07,2024,7,Q3
SOL/USDT,2024-07-16 14:00:00,2024-07-16 14:15:00,LONG,2024-07-16 14:22:00,155.42,154.4869,156.3531,156.9298,2024-07-16 15:10:00,156.9298,GRID_B_FULL_TP,1.176,1.309,True,False,False,2024-07,2024,7,Q3
SOL/USDT,2024-07-20 07:00:00,2024-07-20 08:05:00,LONG,2024-07-20 08:30:00,168.82,168.5568,169.0832,169.2459,2024-07-20 08:34:00,168.5568,INITIAL_STOP,-1.513,0.0,False,False,False,2024-07,2024,7,Q3
SOL/USDT,2024-07-25 01:05:00,2024-07-25 02:00:00,LONG,2024-07-25 02:06:00,174.36,173.7385,174.9815,175.3657,2024-07-25 02:17:00,173.7385,INITIAL_STOP,-1.224,0.0,False,False,False,2024-07,2024,7,Q3
SOL/USDT,2024-07-25 01:20:00,2024-07-25 02:00:00,LONG,2024-07-25 02:06:00,174.36,172.4585,176.2615,177.4367,2024-07-25 02:27:00,172.4585,INITIAL_STOP,-1.073,0.0,False,False,False,2024-07,2024,7,Q3
SOL/USDT,2024-07-25 01:25:00,2024-07-25 02:00:00,LONG,2024-07-25 02:06:00,174.36,171.7485,176.9715,178.5855,2024-07-25 02:28:00,171.7485,INITIAL_STOP,-1.053,0.0,False,False,False,2024-07,2024,7,Q3
SOL/USDT,2024-07-25 22:05:00,2024-07-25 22:20:00,SHORT,2024-07-25 22:27:00,171.635,172.9775,170.2925,169.4629,2024-07-26 00:11:00,172.9775,INITIAL_STOP,-1.102,0.0,False,False,False,2024-07,2024,7,Q3
SOL/USDT,2024-07-29 07:20:00,2024-07-29 07:35:00,LONG,2024-07-29 07:48:00,192.21,189.5817,194.8383,196.4626,2024-07-29 14:02:00,189.5817,INITIAL_STOP,-1.059,0.0,False,False,False,2024-07,2024,7,Q3
SOL/USDT,2024-07-30 04:55:00,2024-07-30 05:20:00,SHORT,2024-07-30 06:31:00,182.855,184.5943,181.1157,180.0408,2024-07-30 12:24:00,180.0408,GRID_B_FULL_TP,1.225,1.309,False,False,False,2024-07,2024,7,Q3
SOL/USDT,2024-07-30 13:00:00,2024-07-30 13:45:00,SHORT,2024-07-30 14:04:00,181.475,182.1622,180.7878,180.3631,2024-07-30 14:05:00,180.3631,GRID_B_FULL_TP,1.098,1.309,False,False,False,2024-07,2024,7,Q3
SOL/USDT,2024-08-01 12:15:00,2024-08-01 12:45:00,SHORT,2024-08-01 12:52:00,170.635,171.716,169.554,168.886,2024-08-01 14:06:00,168.886,GRID_B_FULL_TP,1.183,1.309,False,False,False,2024-08,2024,8,Q3
SOL/USDT,2024-08-02 21:40:00,2024-08-02 22:15:00,SHORT,2024-08-02 22:29:00,154.145,154.7712,153.5188,153.1318,2024-08-02 22:33:00,153.1318,GRID_B_FULL_TP,1.112,1.309,True,False,False,2024-08,2024,8,Q3
SOL/USDT,2024-08-03 07:00:00,2024-08-03 07:15:00,SHORT,2024-08-03 07:32:00,152.97,153.5295,152.4105,152.0648,2024-08-03 07:47:00,152.0648,GRID_B_FULL_TP,1.09,1.309,False,False,False,2024-08,2024,8,Q3
SOL/USDT,2024-08-03 21:35:00,2024-08-03 22:20:00,SHORT,2024-08-03 22:31:00,142.71,143.5541,141.8659,141.3443,2024-08-03 23:19:00,143.5541,INITIAL_STOP,-1.135,0.0,True,False,False,2024-08,2024,8,Q3
SOL/USDT,2024-08-04 00:35:00,2024-08-04 01:05:00,SHORT,2024-08-04 01:19:00,143.7,144.2956,143.1044,142.7364,2024-08-04 01:34:00,142.7364,GRID_B_FULL_TP,1.116,1.309,False,False,False,2024-08,2024,8,Q3
SOL/USDT,2024-08-07 00:15:00,2024-08-07 00:35:00,LONG,2024-08-07 00:44:00,144.155,142.4438,145.8662,146.9238,2024-08-07 01:12:00,142.4438,INITIAL_STOP,-1.067,0.0,False,False,False,2024-08,2024,8,Q3
SOL/USDT,2024-08-09 12:50:00,2024-08-09 13:55:00,LONG,2024-08-09 14:28:00,154.595,154.1681,155.0219,155.2857,2024-08-09 14:29:00,154.1681,INITIAL_STOP,-1.29,0.0,True,False,False,2024-08,2024,8,Q3
SOL/USDT,2024-08-12 01:15:00,2024-08-12 01:25:00,SHORT,2024-08-12 01:40:00,143.405,144.3551,142.4549,141.8677,2024-08-12 02:57:00,144.3551,INITIAL_STOP,-1.121,0.0,False,False,False,2024-08,2024,8,Q3
SOL/USDT,2024-08-17 13:05:00,2024-08-17 13:35:00,SHORT,2024-08-17 13:48:00,140.025,140.92,139.13,138.5768,2024-08-17 14:37:00,140.92,INITIAL_STOP,-1.125,0.0,True,False,False,2024-08,2024,8,Q3
SOL/USDT,2024-08-19 13:15:00,2024-08-19 13:55:00,SHORT,2024-08-19 14:55:00,143.325,144.645,142.005,141.1893,2024-08-19 17:24:00,144.645,INITIAL_STOP,-1.087,0.0,True,False,False,2024-08,2024,8,Q3
SOL/USDT,2024-08-21 14:10:00,2024-08-21 14:50:00,SHORT,2024-08-21 15:45:00,140.685,142.731,138.639,137.3745,2024-08-21 18:26:00,142.731,INITIAL_STOP,-1.055,0.0,True,False,False,2024-08,2024,8,Q3
SOL/USDT,2024-08-21 19:05:00,2024-08-21 19:20:00,SHORT,2024-08-21 19:33:00,142.695,143.464,141.926,141.4507,2024-08-21 19:53:00,143.464,INITIAL_STOP,-1.148,0.0,False,False,False,2024-08,2024,8,Q3
SOL/USDT,2024-08-24 21:05:00,2024-08-24 21:15:00,LONG,2024-08-24 21:23:00,159.78,159.0203,160.5397,161.0091,2024-08-24 21:36:00,159.0203,INITIAL_STOP,-1.168,0.0,True,False,False,2024-08,2024,8,Q3
SOL/USDT,2024-08-27 14:30:00,2024-08-27 14:50:00,SHORT,2024-08-27 15:38:00,154.745,156.0521,153.4379,152.6301,2024-08-27 16:16:00,154.6212,BE_STOP,0.405,0.5,True,False,False,2024-08,2024,8,Q3
SOL/USDT,2024-08-28 03:50:00,2024-08-28 04:40:00,SHORT,2024-08-28 05:15:00,147.835,148.4418,147.2282,146.8533,2024-08-28 05:21:00,148.4418,INITIAL_STOP,-1.195,0.0,False,False,False,2024-08,2024,8,Q3
SOL/USDT,2024-08-28 19:00:00,2024-08-28 20:00:00,SHORT,2024-08-28 20:19:00,144.92,145.3574,144.4826,144.2123,2024-08-28 20:21:00,144.8041,BE_STOP,0.235,0.5,True,False,False,2024-08,2024,8,Q3
SOL/USDT,2024-08-30 00:35:00,2024-08-30 00:45:00,SHORT,2024-08-30 01:03:00,140.67,141.321,140.019,139.6167,2024-08-30 01:33:00,139.6167,GRID_B_FULL_TP,1.136,1.309,False,False,False,2024-08,2024,8,Q3
SOL/USDT,2024-08-31 21:35:00,2024-08-31 22:00:00,SHORT,2024-08-31 22:07:00,136.025,136.274,135.776,135.6221,2024-08-31 22:28:00,135.6221,GRID_B_FULL_TP,0.872,1.309,True,False,False,2024-08,2024,8,Q3
SOL/USDT,2024-09-07 00:40:00,2024-09-07 00:55:00,SHORT,2024-09-07 02:25:00,125.335,125.928,124.742,124.3755,2024-09-07 04:57:00,125.928,INITIAL_STOP,-1.169,0.0,False,False,False,2024-09,2024,9,Q3
SOL/USDT,2024-09-09 12:10:00,2024-09-09 12:55:00,LONG,2024-09-09 13:01:00,129.125,128.9063,129.3437,129.4788,2024-09-09 13:03:00,128.9063,INITIAL_STOP,-1.472,0.0,False,False,False,2024-09,2024,9,Q3
SOL/USDT,2024-09-14 06:30:00,2024-09-14 06:50:00,LONG,2024-09-14 06:57:00,137.905,137.3831,138.4269,138.7494,2024-09-14 08:20:00,137.3831,INITIAL_STOP,-1.211,0.0,True,False,False,2024-09,2024,9,Q3
SOL/USDT,2024-09-16 05:55:00,2024-09-16 06:25:00,SHORT,2024-09-16 07:33:00,131.135,131.5567,130.7133,130.4527,2024-09-16 08:12:00,131.5567,INITIAL_STOP,-1.249,0.0,False,False,False,2024-09,2024,9,Q3
SOL/USDT,2024-09-17 19:45:00,2024-09-17 21:05:00,LONG,2024-09-17 22:06:00,132.14,130.8018,133.4782,134.3052,2024-09-18 00:20:00,130.8018,INITIAL_STOP,-1.079,0.0,False,False,False,2024-09,2024,9,Q3
SOL/USDT,2024-09-18 12:55:00,2024-09-18 13:10:00,SHORT,2024-09-18 13:17:00,129.86,130.2548,129.4652,129.2212,2024-09-18 13:35:00,129.2212,GRID_B_FULL_TP,1.046,1.309,True,False,False,2024-09,2024,9,Q3
SOL/USDT,2024-09-18 18:00:00,2024-09-18 19:05:00,SHORT,2024-09-18 19:13:00,130.87,132.5363,129.2037,128.1739,2024-09-18 19:26:00,130.7653,BE_STOP,0.437,0.5,True,False,False,2024-09,2024,9,Q3
SOL/USDT,2024-09-21 00:10:00,2024-09-21 00:25:00,LONG,2024-09-21 01:13:00,146.42,145.4304,147.4096,148.0212,2024-09-21 01:52:00,145.4304,INITIAL_STOP,-1.118,0.0,False,False,False,2024-09,2024,9,Q3
SOL/USDT,2024-09-22 02:15:00,2024-09-22 03:10:00,LONG,2024-09-22 03:17:00,147.8,146.8983,148.7017,149.259,2024-09-22 05:12:00,147.9182,BE_STOP,0.369,0.5,False,False,False,2024-09,2024,9,Q3
SOL/USDT,2024-09-22 06:30:00,2024-09-22 07:25:00,LONG,2024-09-22 07:32:00,146.74,146.4799,147.0001,147.1609,2024-09-22 07:43:00,147.1609,GRID_B_FULL_TP,0.858,1.309,True,False,False,2024-09,2024,9,Q3
SOL/USDT,2024-09-22 10:40:00,2024-09-22 11:25:00,LONG,2024-09-22 11:33:00,144.79,144.1328,145.4472,145.8533,2024-09-22 13:33:00,144.1328,INITIAL_STOP,-1.176,0.0,True,False,False,2024-09,2024,9,Q3
SOL/USDT,2024-09-23 14:15:00,2024-09-23 14:35:00,SHORT,2024-09-23 15:39:00,144.405,145.7166,143.0934,142.2828,2024-09-23 18:50:00,144.2895,BE_STOP,0.412,0.5,False,False,False,2024-09,2024,9,Q3
SOL/USDT,2024-09-25 03:00:00,2024-09-25 03:35:00,LONG,2024-09-25 03:52:00,151.705,151.0924,152.3176,152.6961,2024-09-25 04:45:00,151.0924,INITIAL_STOP,-1.198,0.0,False,False,False,2024-09,2024,9,Q3
SOL/USDT,2024-09-27 12:20:00,2024-09-27 12:30:00,LONG,2024-09-27 13:37:00,156.065,154.9759,157.1541,157.8272,2024-09-27 14:07:00,157.8272,GRID_B_FULL_TP,1.194,1.309,False,False,False,2024-09,2024,9,Q3
SOL/USDT,2024-09-28 06:10:00,2024-09-28 06:25:00,LONG,2024-09-28 06:32:00,157.52,156.7737,158.2663,158.7275,2024-09-28 06:39:00,156.7737,INITIAL_STOP,-1.169,0.0,True,False,False,2024-09,2024,9,Q3
SOL/USDT,2024-10-02 06:35:00,2024-10-02 07:55:00,SHORT,2024-10-02 08:31:00,148.12,148.4222,147.8178,147.6311,2024-10-02 08:32:00,148.4222,INITIAL_STOP,-1.392,0.0,True,False,False,2024-10,2024,10,Q4
SOL/USDT,2024-10-03 01:20:00,2024-10-03 01:45:00,SHORT,2024-10-03 01:51:00,141.625,142.2724,140.9776,140.5774,2024-10-03 02:10:00,142.2724,INITIAL_STOP,-1.175,0.0,False,False,False,2024-10,2024,10,Q4
SOL/USDT,2024-10-03 13:25:00,2024-10-03 14:25:00,SHORT,2024-10-03 14:35:00,136.6,137.2449,135.9551,135.5566,2024-10-03 14:42:00,135.5566,GRID_B_FULL_TP,1.14,1.309,True,False,False,2024-10,2024,10,Q4
SOL/USDT,2024-10-07 05:45:00,2024-10-07 06:10:00,LONG,2024-10-07 06:27:00,148.94,148.5766,149.3034,149.528,2024-10-07 06:59:00,149.528,GRID_B_FULL_TP,0.981,1.309,False,False,False,2024-10,2024,10,Q4
SOL/USDT,2024-10-07 07:20:00,2024-10-07 08:05:00,LONG,2024-10-07 09:03:00,148.335,146.4075,150.2625,151.4537,2024-10-07 10:15:00,146.4075,INITIAL_STOP,-1.062,0.0,False,False,False,2024-10,2024,10,Q4
SOL/USDT,2024-10-07 10:20:00,2024-10-07 10:35:00,LONG,2024-10-07 10:46:00,146.565,145.8702,147.2598,147.6893,2024-10-07 11:06:00,145.8702,INITIAL_STOP,-1.169,0.0,False,False,False,2024-10,2024,10,Q4
SOL/USDT,2024-10-07 18:50:00,2024-10-07 19:05:00,LONG,2024-10-07 19:42:00,146.19,145.2707,147.1093,147.6774,2024-10-07 20:42:00,146.307,BE_STOP,0.373,0.5,True,False,False,2024-10,2024,10,Q4
SOL/USDT,2024-10-08 02:05:00,2024-10-08 02:15:00,SHORT,2024-10-08 02:58:00,145.22,145.8178,144.6222,144.2527,2024-10-08 04:12:00,144.2527,GRID_B_FULL_TP,1.115,1.309,False,False,False,2024-10,2024,10,Q4
SOL/USDT,2024-10-10 05:50:00,2024-10-10 06:25:00,SHORT,2024-10-10 06:33:00,140.4,141.1306,139.6694,139.2179,2024-10-10 08:48:00,139.2179,GRID_B_FULL_TP,1.155,1.309,False,False,False,2024-10,2024,10,Q4
SOL/USDT,2024-10-11 00:10:00,2024-10-11 01:30:00,SHORT,2024-10-11 01:42:00,139.11,139.9287,138.2913,137.7854,2024-10-11 01:52:00,139.9287,INITIAL_STOP,-1.136,0.0,False,False,False,2024-10,2024,10,Q4
SOL/USDT,2024-10-12 03:25:00,2024-10-12 03:35:00,LONG,2024-10-12 03:44:00,144.935,144.4926,145.3774,145.6508,2024-10-12 04:27:00,145.6508,GRID_B_FULL_TP,1.047,1.309,False,False,False,2024-10,2024,10,Q4
SOL/USDT,2024-10-13 06:05:00,2024-10-13 06:20:00,SHORT,2024-10-13 08:09:00,146.73,147.0101,146.4499,146.2768,2024-10-13 08:21:00,147.0101,INITIAL_STOP,-1.419,0.0,False,False,False,2024-10,2024,10,Q4
SOL/USDT,2024-10-13 15:20:00,2024-10-13 15:50:00,LONG,2024-10-13 16:03:00,145.11,144.7023,145.5177,145.7696,2024-10-13 16:32:00,145.7696,GRID_B_FULL_TP,1.024,1.309,True,False,False,2024-10,2024,10,Q4
SOL/USDT,2024-10-15 03:55:00,2024-10-15 04:20:00,LONG,2024-10-15 05:01:00,155.845,154.7662,156.9238,157.5904,2024-10-15 05:26:00,154.7662,INITIAL_STOP,-1.116,0.0,False,False,False,2024-10,2024,10,Q4
SOL/USDT,2024-10-15 05:40:00,2024-10-15 06:20:00,LONG,2024-10-15 06:45:00,154.42,153.7784,155.0616,155.4582,2024-10-15 08:09:00,155.4582,GRID_B_FULL_TP,1.116,1.309,False,False,False,2024-10,2024,10,Q4
SOL/USDT,2024-10-17 22:35:00,2024-10-17 23:05:00,SHORT,2024-10-18 00:06:00,150.66,150.906,150.414,150.262,2024-10-18 00:15:00,150.262,GRID_B_FULL_TP,0.819,1.309,True,False,False,2024-10,2024,10,Q4
SOL/USDT,2024-10-25 04:15:00,2024-10-25 05:20:00,LONG,2024-10-25 05:52:00,173.505,172.9097,174.1003,174.4681,2024-10-25 06:27:00,174.4681,GRID_B_FULL_TP,1.076,1.309,False,False,False,2024-10,2024,10,Q4
SOL/USDT,2024-10-25 07:50:00,2024-10-25 08:25:00,LONG,2024-10-25 09:08:00,171.735,171.3324,172.1376,172.3864,2024-10-25 09:18:00,171.3324,INITIAL_STOP,-1.341,0.0,True,False,False,2024-10,2024,10,Q4
SOL/USDT,2024-10-26 17:50:00,2024-10-26 18:20:00,SHORT,2024-10-26 18:30:00,169.93,170.4649,169.3951,169.0645,2024-10-26 19:02:00,170.4649,INITIAL_STOP,-1.254,0.0,True,False,False,2024-10,2024,10,Q4
SOL/USDT,2024-10-28 05:25:00,2024-10-28 05:40:00,LONG,2024-10-28 06:11:00,173.745,172.9794,174.5106,174.9838,2024-10-28 07:02:00,174.9838,GRID_B_FULL_TP,1.127,1.309,False,False,False,2024-10,2024,10,Q4
SOL/USDT,2024-11-07 04:40:00,2024-11-07 05:25:00,LONG,2024-11-07 05:35:00,188.405,187.8174,188.9926,189.3557,2024-11-07 06:12:00,187.8174,INITIAL_STOP,-1.257,0.0,False,False,False,2024-11,2024,11,Q4
SOL/USDT,2024-11-10 12:25:00,2024-11-10 12:55:00,LONG,2024-11-10 14:45:00,204.595,203.3731,205.8169,206.572,2024-11-10 14:56:00,206.572,GRID_B_FULL_TP,1.175,1.309,False,False,False,2024-11,2024,11,Q4
SOL/USDT,2024-11-11 22:15:00,2024-11-11 22:50:00,LONG,2024-11-12 00:12:00,218.975,216.3415,221.6085,223.2359,2024-11-12 00:19:00,216.3415,INITIAL_STOP,-1.067,0.0,True,False,False,2024-11,2024,11,Q4
SOL/USDT,2024-11-12 00:20:00,2024-11-12 00:50:00,LONG,2024-11-12 01:02:00,219.24,214.6711,223.8089,226.6324,2024-11-12 09:13:00,219.4154,BE_STOP,0.462,0.5,False,False,False,2024-11,2024,11,Q4
SOL/USDT,2024-11-12 05:30:00,2024-11-12 06:05:00,LONG,2024-11-12 06:18:00,217.98,217.283,218.677,219.1077,2024-11-12 06:25:00,218.1544,BE_STOP,0.25,0.5,False,False,False,2024-11,2024,11,Q4
SOL/USDT,2024-11-12 19:10:00,2024-11-12 20:00:00,SHORT,2024-11-12 20:41:00,213.47,214.9002,212.0398,211.1559,2024-11-12 21:13:00,211.1559,GRID_B_FULL_TP,1.19,1.309,True,False,False,2024-11,2024,11,Q4
SOL/USDT,2024-11-13 10:50:00,2024-11-13 11:25:00,SHORT,2024-11-13 11:36:00,208.31,208.7525,207.8675,207.5941,2024-11-13 11:40:00,207.5941,GRID_B_FULL_TP,0.932,1.309,False,False,False,2024-11,2024,11,Q4
SOL/USDT,2024-11-13 11:10:00,2024-11-13 11:25:00,SHORT,2024-11-13 11:36:00,208.31,209.3625,207.2575,206.6071,2024-11-13 12:05:00,208.1434,BE_STOP,0.342,0.5,False,False,False,2024-11,2024,11,Q4
SOL/USDT,2024-11-13 13:40:00,2024-11-13 14:00:00,SHORT,2024-11-13 14:07:00,212.67,215.269,210.071,208.4648,2024-11-13 14:27:00,212.4999,BE_STOP,0.435,0.5,True,False,False,2024-11,2024,11,Q4
SOL/USDT,2024-11-15 12:10:00,2024-11-15 12:25:00,SHORT,2024-11-15 12:50:00,214.05,215.4311,212.6689,211.8154,2024-11-15 14:34:00,211.8154,GRID_B_FULL_TP,1.185,1.309,True,False,False,2024-11,2024,11,Q4
SOL/USDT,2024-11-16 06:15:00,2024-11-16 06:45:00,LONG,2024-11-16 06:53:00,219.425,218.5309,220.3191,220.8717,2024-11-16 06:55:00,218.5309,INITIAL_STOP,-1.196,0.0,False,False,False,2024-11,2024,11,Q4
SOL/USDT,2024-11-17 18:30:00,2024-11-17 18:45:00,LONG,2024-11-17 18:56:00,232.525,230.8612,234.1888,235.217,2024-11-17 19:45:00,235.217,GRID_B_FULL_TP,1.197,1.309,False,False,False,2024-11,2024,11,Q4
SOL/USDT,2024-11-17 21:55:00,2024-11-17 22:15:00,LONG,2024-11-17 22:40:00,233.86,232.3592,235.3608,236.2883,2024-11-17 23:06:00,236.2883,GRID_B_FULL_TP,1.184,1.309,False,False,False,2024-11,2024,11,Q4
SOL/USDT,2024-11-18 13:55:00,2024-11-18 14:15:00,LONG,2024-11-18 14:31:00,240.18,237.8997,242.4603,243.8695,2024-11-18 14:36:00,243.8695,GRID_B_FULL_TP,1.225,1.309,False,False,False,2024-11,2024,11,Q4
SOL/USDT,2024-11-20 14:00:00,2024-11-20 14:40:00,SHORT,2024-11-20 14:48:00,239.87,240.3498,239.3902,239.0937,2024-11-20 14:49:00,240.3498,INITIAL_STOP,-1.4,0.0,True,False,False,2024-11,2024,11,Q4
SOL/USDT,2024-11-22 01:05:00,2024-11-22 01:15:00,LONG,2024-11-22 01:36:00,254.94,251.9876,257.8924,259.717,2024-11-22 03:12:00,259.717,GRID_B_FULL_TP,1.24,1.309,False,False,False,2024-11,2024,11,Q4
SOL/USDT,2024-11-22 10:15:00,2024-11-22 10:30:00,LONG,2024-11-22 10:36:00,257.975,256.113,259.837,260.9877,2024-11-22 13:07:00,258.1814,BE_STOP,0.389,0.5,False,False,False,2024-11,2024,11,Q4
SOL/USDT,2024-11-22 18:50:00,2024-11-22 19:05:00,LONG,2024-11-22 19:15:00,253.455,251.0898,255.8202,257.2819,2024-11-22 21:57:00,257.2819,GRID_B_FULL_TP,1.223,1.309,True,False,False,2024-11,2024,11,Q4
SOL/USDT,2024-11-24 20:25:00,2024-11-24 21:10:00,SHORT,2024-11-24 21:20:00,250.135,254.3752,245.8948,243.2744,2024-11-24 23:12:00,254.3752,INITIAL_STOP,-1.047,0.0,True,False,False,2024-11,2024,11,Q4
SOL/USDT,2024-11-26 14:35:00,2024-11-26 15:20:00,SHORT,2024-11-26 15:28:00,230.115,231.9052,228.3248,227.2185,2024-11-26 15:59:00,227.2185,GRID_B_FULL_TP,1.206,1.309,True,False,False,2024-11,2024,11,Q4
SOL/USDT,2024-11-27 02:50:00,2024-11-27 03:20:00,SHORT,2024-11-27 04:20:00,233.085,233.9496,232.2204,231.686,2024-11-27 04:35:00,231.686,GRID_B_FULL_TP,1.093,1.309,False,False,False,2024-11,2024,11,Q4
SOL/USDT,2024-11-28 03:25:00,2024-11-28 03:45:00,LONG,2024-11-28 04:01:00,239.41,238.5609,240.2591,240.7839,2024-11-28 04:14:00,239.6015,BE_STOP,0.274,0.5,False,False,False,2024-11,2024,11,Q4
SOL/USDT,2024-11-28 03:30:00,2024-11-28 03:45:00,LONG,2024-11-28 04:01:00,239.41,237.7409,241.0791,242.1106,2024-11-28 05:19:00,239.6015,BE_STOP,0.385,0.5,False,False,False,2024-11,2024,11,Q4
SOL/USDT,2024-12-02 14:00:00,2024-12-02 14:15:00,SHORT,2024-12-02 14:28:00,225.76,226.6986,224.8214,224.2413,2024-12-02 14:32:00,226.6986,INITIAL_STOP,-1.192,0.0,True,False,False,2024-12,2024,12,Q4
SOL/USDT,2024-12-02 23:55:00,2024-12-03 00:30:00,SHORT,2024-12-03 00:36:00,225.34,226.198,224.482,223.9517,2024-12-03 00:37:00,226.198,INITIAL_STOP,-1.21,0.0,True,False,False,2024-12,2024,12,Q4
SOL/USDT,2024-12-03 18:45:00,2024-12-03 19:05:00,SHORT,2024-12-03 19:29:00,226.8,227.8402,225.7598,225.117,2024-12-03 19:48:00,227.8402,INITIAL_STOP,-1.174,0.0,False,False,False,2024-12,2024,12,Q4
SOL/USDT,2024-12-11 00:55:00,2024-12-11 01:30:00,SHORT,2024-12-11 01:36:00,213.64,215.8605,211.4195,210.0473,2024-12-11 02:34:00,215.8605,INITIAL_STOP,-1.077,0.0,False,False,False,2024-12,2024,12,Q4
SOL/USDT,2024-12-12 11:10:00,2024-12-12 12:05:00,LONG,2024-12-12 13:32:00,229.745,228.3954,231.0946,231.9287,2024-12-12 14:17:00,231.9287,GRID_B_FULL_TP,1.173,1.309,False,False,False,2024-12,2024,12,Q4
SOL/USDT,2024-12-14 06:15:00,2024-12-14 07:10:00,SHORT,2024-12-14 07:18:00,226.4,227.8296,224.9704,224.0869,2024-12-14 11:57:00,224.0869,GRID_B_FULL_TP,1.182,1.309,True,False,False,2024-12,2024,12,Q4
SOL/USDT,2024-12-14 15:20:00,2024-12-14 16:10:00,SHORT,2024-12-14 16:47:00,221.98,223.723,220.237,219.1599,2024-12-14 17:43:00,219.1599,GRID_B_FULL_TP,1.207,1.309,True,False,False,2024-12,2024,12,Q4
SOL/USDT,2024-12-17 07:05:00,2024-12-17 07:50:00,SHORT,2024-12-17 08:00:00,215.765,216.8136,214.7164,214.0683,2024-12-17 08:21:00,216.8136,INITIAL_STOP,-1.165,0.0,False,False,False,2024-12,2024,12,Q4
SOL/USDT,2024-12-17 14:30:00,2024-12-17 14:50:00,LONG,2024-12-17 14:55:00,221.34,219.638,223.042,224.0939,2024-12-17 15:13:00,219.638,INITIAL_STOP,-1.104,0.0,True,False,False,2024-12,2024,12,Q4
SOL/USDT,2024-12-17 21:00:00,2024-12-17 21:20:00,LONG,2024-12-17 21:43:00,225.42,224.9019,225.9381,226.2583,2024-12-17 21:55:00,225.6003,BE_STOP,0.152,0.5,True,False,False,2024-12,2024,12,Q4
SOL/USDT,2024-12-19 06:40:00,2024-12-19 07:00:00,SHORT,2024-12-19 07:06:00,210.74,211.3161,210.1639,209.8079,2024-12-19 07:35:00,211.3161,INITIAL_STOP,-1.293,0.0,True,False,False,2024-12,2024,12,Q4
SOL/USDT,2024-12-19 21:20:00,2024-12-19 21:50:00,SHORT,2024-12-19 22:54:00,196.62,198.1449,195.0951,194.1527,2024-12-19 23:34:00,194.1527,GRID_B_FULL_TP,1.206,1.309,True,False,False,2024-12,2024,12,Q4
SOL/USDT,2024-12-25 10:50:00,2024-12-25 11:15:00,LONG,2024-12-25 11:20:00,197.46,196.1638,198.7562,199.5572,2024-12-25 11:46:00,196.1638,INITIAL_STOP,-1.122,0.0,True,False,False,2024-12,2024,12,Q4
SOL/USDT,2024-12-25 16:15:00,2024-12-25 16:50:00,LONG,2024-12-25 17:10:00,196.68,196.285,197.075,197.3191,2024-12-25 17:15:00,197.3191,GRID_B_FULL_TP,0.911,1.309,False,False,False,2024-12,2024,12,Q4
SOL/USDT,2024-12-26 08:30:00,2024-12-26 09:10:00,LONG,2024-12-26 09:15:00,189.775,188.5553,190.9947,191.7484,2024-12-26 10:36:00,188.5553,INITIAL_STOP,-1.124,0.0,True,False,False,2024-12,2024,12,Q4
SOL/USDT,2024-12-26 08:35:00,2024-12-26 09:10:00,LONG,2024-12-26 09:15:00,189.775,188.2253,191.3247,192.2824,2024-12-26 13:06:00,188.2253,INITIAL_STOP,-1.098,0.0,True,False,False,2024-12,2024,12,Q4
SOL/USDT,2024-12-29 01:15:00,2024-12-29 02:35:00,LONG,2024-12-29 03:04:00,193.435,192.5198,194.3502,194.9157,2024-12-29 03:49:00,194.9157,GRID_B_FULL_TP,1.14,1.309,False,False,False,2024-12,2024,12,Q4
SOL/USDT,2024-12-29 14:30:00,2024-12-29 14:55:00,LONG,2024-12-29 15:02:00,193.68,192.9395,194.4205,194.8782,2024-12-29 15:31:00,194.8782,GRID_B_FULL_TP,1.1,1.309,False,False,False,2024-12,2024,12,Q4
SOL/USDT,2025-01-03 07:05:00,2025-01-03 07:45:00,LONG,2025-01-03 07:58:00,207.875,207.0682,208.6818,209.1804,2025-01-03 08:19:00,209.1804,GRID_B_FULL_TP,1.103,1.309,False,False,False,2025-01,2025,1,Q1
SOL/USDT,2025-01-07 01:00:00,2025-01-07 01:20:00,LONG,2025-01-07 02:26:00,217.205,216.4742,217.9358,218.3874,2025-01-07 03:02:00,216.4742,INITIAL_STOP,-1.238,0.0,False,False,False,2025-01,2025,1,Q1
SOL/USDT,2025-01-08 22:55:00,2025-01-08 23:55:00,SHORT,2025-01-09 00:57:00,197.78,198.2667,197.2933,196.9926,2025-01-09 01:06:00,198.2667,INITIAL_STOP,-1.325,0.0,False,False,False,2025-01,2025,1,Q1
SOL/USDT,2025-01-10 01:45:00,2025-01-10 02:15:00,SHORT,2025-01-10 02:22:00,188.055,188.3621,187.7479,187.5581,2025-01-10 02:26:00,187.9046,BE_STOP,0.01,0.5,False,False,False,2025-01,2025,1,Q1
SOL/USDT,2025-01-10 05:35:00,2025-01-10 05:50:00,SHORT,2025-01-10 06:42:00,190.61,191.3459,189.8741,189.4193,2025-01-10 07:12:00,191.3459,INITIAL_STOP,-1.207,0.0,False,False,False,2025-01,2025,1,Q1
SOL/USDT,2025-01-10 17:55:00,2025-01-10 18:30:00,SHORT,2025-01-10 19:27:00,190.89,192.3563,189.4237,188.5175,2025-01-10 20:25:00,188.5175,GRID_B_FULL_TP,1.205,1.309,True,False,False,2025-01,2025,1,Q1
SOL/USDT,2025-01-17 15:25:00,2025-01-17 16:15:00,LONG,2025-01-17 17:30:00,219.005,216.0615,221.9485,223.7676,2025-01-17 18:03:00,216.0615,INITIAL_STOP,-1.06,0.0,True,False,False,2025-01,2025,1,Q1
SOL/USDT,2025-01-20 21:20:00,2025-01-20 21:50:00,SHORT,2025-01-20 22:42:00,247.535,250.8813,244.1887,242.1207,2025-01-20 22:47:00,250.8813,INITIAL_STOP,-1.059,0.0,False,False,False,2025-01,2025,1,Q1
SOL/USDT,2025-01-21 12:15:00,2025-01-21 13:30:00,SHORT,2025-01-21 13:46:00,242.005,242.833,241.177,240.6653,2025-01-21 14:01:00,240.6653,GRID_B_FULL_TP,1.075,1.309,False,False,False,2025-01,2025,1,Q1
SOL/USDT,2025-01-22 08:20:00,2025-01-22 09:20:00,LONG,2025-01-22 09:25:00,255.065,253.2174,256.9126,258.0544,2025-01-22 09:55:00,253.2174,INITIAL_STOP,-1.11,0.0,False,False,False,2025-01,2025,1,Q1
SOL/USDT,2025-01-22 14:45:00,2025-01-22 15:55:00,LONG,2025-01-22 16:00:00,256.935,254.8146,259.0554,260.3658,2025-01-22 16:02:00,254.8146,INITIAL_STOP,-1.097,0.0,True,False,False,2025-01,2025,1,Q1
SOL/USDT,2025-01-24 22:10:00,2025-01-24 22:40:00,LONG,2025-01-24 22:47:00,256.1,255.0159,257.1842,257.8542,2025-01-24 22:56:00,255.0159,INITIAL_STOP,-1.189,0.0,False,False,False,2025-01,2025,1,Q1
SOL/USDT,2025-01-25 23:50:00,2025-01-26 00:15:00,LONG,2025-01-26 00:30:00,256.29,255.8756,256.7044,256.9606,2025-01-26 00:33:00,255.8756,INITIAL_STOP,-1.495,0.0,True,False,False,2025-01,2025,1,Q1
SOL/USDT,2025-02-01 17:45:00,2025-02-01 18:05:00,SHORT,2025-02-01 18:11:00,227.11,228.0007,226.2193,225.6689,2025-02-01 18:30:00,226.9283,BE_STOP,0.296,0.5,True,False,False,2025-02,2025,2,Q1
SOL/USDT,2025-02-03 15:20:00,2025-02-03 16:10:00,SHORT,2025-02-03 16:18:00,205.635,207.7685,203.5015,202.1831,2025-02-03 16:25:00,207.7685,INITIAL_STOP,-1.077,0.0,True,False,False,2025-02,2025,2,Q1
SOL/USDT,2025-02-03 15:25:00,2025-02-03 16:10:00,SHORT,2025-02-03 16:18:00,205.635,209.2885,201.9815,199.7237,2025-02-03 18:34:00,209.2885,INITIAL_STOP,-1.045,0.0,True,False,False,2025-02,2025,2,Q1
SOL/USDT,2025-02-03 19:15:00,2025-02-03 20:10:00,SHORT,2025-02-03 21:24:00,213.045,214.9696,211.1204,209.931,2025-02-03 21:37:00,214.9696,INITIAL_STOP,-1.089,0.0,True,False,False,2025-02,2025,2,Q1
SOL/USDT,2025-02-04 05:20:00,2025-02-04 06:05:00,LONG,2025-02-04 06:24:00,205.25,203.6921,206.8079,207.7706,2025-02-04 07:18:00,207.7706,GRID_B_FULL_TP,1.204,1.309,False,False,False,2025-02,2025,2,Q1
SOL/USDT,2025-02-07 03:05:00,2025-02-07 03:25:00,SHORT,2025-02-07 04:08:00,194.475,196.1617,192.7883,191.7459,2025-02-07 06:02:00,191.7459,GRID_B_FULL_TP,1.217,1.309,False,False,False,2025-02,2025,2,Q1
SOL/USDT,2025-02-09 18:20:00,2025-02-09 18:40:00,LONG,2025-02-09 19:17:00,199.725,198.4304,201.0196,201.8196,2025-02-09 19:44:00,198.4304,INITIAL_STOP,-1.123,0.0,False,False,False,2025-02,2025,2,Q1
SOL/USDT,2025-02-17 12:30:00,2025-02-17 13:05:00,SHORT,2025-02-17 13:10:00,185.8,186.4687,185.1313,184.718,2025-02-17 14:00:00,184.718,GRID_B_FULL_TP,1.087,1.309,False,False,False,2025-02,2025,2,Q1
SOL/USDT,2025-02-21 15:40:00,2025-02-21 16:15:00,LONG,2025-02-21 16:29:00,173.87,170.2992,177.4408,179.6476,2025-02-21 19:15:00,170.2992,INITIAL_STOP,-1.039,0.0,True,False,False,2025-02,2025,2,Q1
SOL/USDT,2025-02-21 15:35:00,2025-02-21 16:15:00,LONG,2025-02-21 16:29:00,173.87,172.3892,175.3508,176.2659,2025-02-21 17:15:00,174.0091,BE_STOP,0.406,0.5,True,False,False,2025-02,2025,2,Q1
SOL/USDT,2025-02-25 16:40:00,2025-02-25 17:40:00,SHORT,2025-02-25 18:07:00,144.03,144.536,143.524,143.2112,2025-02-25 18:08:00,143.2112,GRID_B_FULL_TP,1.081,1.309,False,False,False,2025-02,2025,2,Q1
SOL/USDT,2025-02-25 20:20:00,2025-02-25 21:10:00,SHORT,2025-02-25 21:20:00,144.25,145.8464,142.6536,141.6671,2025-02-25 21:54:00,145.8464,INITIAL_STOP,-1.072,0.0,True,False,False,2025-02,2025,2,Q1
SOL/USDT,2025-02-26 15:10:00,2025-02-26 15:55:00,SHORT,2025-02-26 16:01:00,139.415,140.4391,138.3909,137.758,2025-02-26 16:16:00,137.758,GRID_B_FULL_TP,1.2,1.309,True,False,False,2025-02,2025,2,Q1
SOL/USDT,2025-02-27 01:20:00,2025-02-27 02:35:00,SHORT,2025-02-27 03:23:00,137.4,138.1361,136.6639,136.209,2025-02-27 03:38:00,138.1361,INITIAL_STOP,-1.149,0.0,False,False,False,2025-02,2025,2,Q1
SOL/USDT,2025-02-27 06:50:00,2025-02-27 07:05:00,SHORT,2025-02-27 07:21:00,141.93,143.1129,140.7471,140.0161,2025-02-27 08:29:00,140.0161,GRID_B_FULL_TP,1.213,1.309,True,False,False,2025-02,2025,2,Q1
SOL/USDT,2025-02-28 09:25:00,2025-02-28 10:10:00,SHORT,2025-02-28 11:17:00,131.945,133.3879,130.5021,129.6104,2025-02-28 11:29:00,133.3879,INITIAL_STOP,-1.073,0.0,False,False,False,2025-02,2025,2,Q1
SOL/USDT,2025-02-28 11:25:00,2025-02-28 11:55:00,SHORT,2025-02-28 12:01:00,133.76,134.1906,133.3294,133.0632,2025-02-28 12:11:00,133.653,BE_STOP,0.252,0.5,False,False,False,2025-02,2025,2,Q1
SOL/USDT,2025-03-10 01:00:00,2025-03-10 01:15:00,SHORT,2025-03-10 01:33:00,127.705,128.5816,126.8284,126.2867,2025-03-10 01:44:00,127.6028,BE_STOP,0.383,0.5,False,False,False,2025-03,2025,3,Q1
SOL/USDT,2025-03-11 09:00:00,2025-03-11 09:45:00,SHORT,2025-03-11 10:31:00,124.285,125.1564,123.4136,122.875,2025-03-11 11:43:00,125.1564,INITIAL_STOP,-1.114,0.0,True,False,False,2025-03,2025,3,Q1
SOL/USDT,2025-03-11 11:40:00,2025-03-11 12:35:00,SHORT,2025-03-11 13:27:00,124.145,125.9762,122.3138,121.1821,2025-03-11 13:28:00,125.9762,INITIAL_STOP,-1.054,0.0,True,False,False,2025-03,2025,3,Q1
SOL/USDT,2025-03-15 05:55:00,2025-03-15 06:15:00,LONG,2025-03-15 07:07:00,133.52,133.2897,133.7503,133.8926,2025-03-15 07:10:00,133.2897,INITIAL_STOP,-1.464,0.0,False,False,False,2025-03,2025,3,Q1
SOL/USDT,2025-03-16 02:05:00,2025-03-16 02:30:00,LONG,2025-03-16 02:45:00,134.61,134.2481,134.9719,135.1956,2025-03-16 02:57:00,134.2481,INITIAL_STOP,-1.298,0.0,False,False,False,2025-03,2025,3,Q1
SOL/USDT,2025-03-17 01:00:00,2025-03-17 01:15:00,SHORT,2025-03-17 01:29:00,127.63,128.4814,126.7786,126.2524,2025-03-17 01:46:00,128.4814,INITIAL_STOP,-1.12,0.0,False,False,False,2025-03,2025,3,Q1
SOL/USDT,2025-03-17 12:00:00,2025-03-17 12:15:00,SHORT,2025-03-17 12:30:00,128.975,130.3035,127.6465,126.8255,2025-03-17 13:04:00,126.8255,GRID_B_FULL_TP,1.231,1.309,True,False,False,2025-03,2025,3,Q1
SOL/USDT,2025-03-18 08:00:00,2025-03-18 08:10:00,SHORT,2025-03-18 08:15:00,125.11,125.7577,124.4623,124.0621,2025-03-18 08:35:00,125.7577,INITIAL_STOP,-1.155,0.0,False,False,False,2025-03,2025,3,Q1
SOL/USDT,2025-03-18 19:00:00,2025-03-18 20:15:00,SHORT,2025-03-18 20:52:00,123.99,124.686,123.294,122.8639,2025-03-18 21:13:00,124.686,INITIAL_STOP,-1.143,0.0,False,False,False,2025-03,2025,3,Q1
SOL/USDT,2025-03-19 17:35:00,2025-03-19 18:15:00,LONG,2025-03-19 18:20:00,130.3,130.0246,130.5755,130.7457,2025-03-19 18:21:00,130.0246,INITIAL_STOP,-1.378,0.0,True,False,False,2025-03,2025,3,Q1
SOL/USDT,2025-03-20 08:05:00,2025-03-20 08:25:00,LONG,2025-03-20 08:31:00,133.64,132.9595,134.3205,134.741,2025-03-20 09:21:00,133.7469,BE_STOP,0.343,0.5,False,False,False,2025-03,2025,3,Q1
SOL/USDT,2025-03-21 00:10:00,2025-03-21 01:20:00,SHORT,2025-03-21 01:46:00,128.535,128.7328,128.3372,128.215,2025-03-21 01:51:00,128.7328,INITIAL_STOP,-1.52,0.0,False,False,False,2025-03,2025,3,Q1
SOL/USDT,2025-03-21 13:55:00,2025-03-21 14:05:00,SHORT,2025-03-21 14:22:00,127.04,127.7306,126.3494,125.9227,2025-03-21 14:32:00,127.7306,INITIAL_STOP,-1.147,0.0,True,False,False,2025-03,2025,3,Q1
SOL/USDT,2025-03-24 16:55:00,2025-03-24 18:15:00,LONG,2025-03-24 18:20:00,142.3,141.5366,143.0635,143.5353,2025-03-24 18:32:00,141.5366,INITIAL_STOP,-1.149,0.0,True,False,False,2025-03,2025,3,Q1
SOL/USDT,2025-03-25 03:35:00,2025-03-25 04:10:00,LONG,2025-03-25 04:29:00,138.845,138.5917,139.0983,139.2548,2025-03-25 04:40:00,138.5917,INITIAL_STOP,-1.439,0.0,False,False,False,2025-03,2025,3,Q1
SOL/USDT,2025-03-25 12:05:00,2025-03-25 12:30:00,LONG,2025-03-25 12:35:00,141.855,140.8472,142.8628,143.4856,2025-03-25 13:15:00,143.4856,GRID_B_FULL_TP,1.196,1.309,True,False,False,2025-03,2025,3,Q1
SOL/USDT,2025-03-25 22:15:00,2025-03-25 22:40:00,LONG,2025-03-25 22:46:00,143.03,142.5155,143.5445,143.8625,2025-03-25 22:49:00,143.8625,GRID_B_FULL_TP,1.087,1.309,True,False,False,2025-03,2025,3,Q1
SOL/USDT,2025-03-28 12:30:00,2025-03-28 13:30:00,SHORT,2025-03-28 13:37:00,131.31,132.657,129.963,129.1306,2025-03-28 16:17:00,129.1306,GRID_B_FULL_TP,1.231,1.309,True,False,False,2025-03,2025,3,Q1
SOL/USDT,2025-03-29 13:50:00,2025-03-29 14:10:00,SHORT,2025-03-29 14:40:00,126.405,126.6996,126.1104,125.9283,2025-03-29 14:48:00,125.9283,GRID_B_FULL_TP,0.966,1.309,True,False,False,2025-03,2025,3,Q1
SOL/USDT,2025-03-30 02:40:00,2025-03-30 03:40:00,SHORT,2025-03-30 03:48:00,126.115,126.6192,125.6108,125.2992,2025-03-30 06:17:00,125.2992,GRID_B_FULL_TP,1.109,1.309,False,False,False,2025-03,2025,3,Q1
SOL/USDT,2025-03-30 18:45:00,2025-03-30 19:15:00,SHORT,2025-03-30 20:15:00,126.34,127.0095,125.6705,125.2567,2025-03-30 20:56:00,125.2567,GRID_B_FULL_TP,1.158,1.309,True,False,False,2025-03,2025,3,Q1
SOL/USDT,2025-03-31 12:50:00,2025-03-31 13:35:00,SHORT,2025-03-31 13:54:00,125.105,126.3377,123.8723,123.1106,2025-03-31 14:06:00,126.3377,INITIAL_STOP,-1.081,0.0,False,False,False,2025-03,2025,3,Q1
SOL/USDT,2025-04-02 21:20:00,2025-04-02 21:40:00,LONG,2025-04-02 21:46:00,125.33,124.422,126.238,126.7991,2025-04-02 22:02:00,124.422,INITIAL_STOP,-1.11,0.0,False,False,False,2025-04,2025,4,Q2
SOL/USDT,2025-04-03 02:50:00,2025-04-03 03:05:00,SHORT,2025-04-03 03:18:00,120.48,120.9507,120.0093,119.7184,2025-04-03 03:59:00,119.7184,GRID_B_FULL_TP,1.104,1.309,False,False,False,2025-04,2025,4,Q2
SOL/USDT,2025-04-03 21:55:00,2025-04-03 22:55:00,SHORT,2025-04-03 23:00:00,117.045,117.5756,116.5144,116.1865,2025-04-03 23:10:00,116.1865,GRID_B_FULL_TP,1.133,1.309,False,False,False,2025-04,2025,4,Q2
SOL/USDT,2025-04-04 06:25:00,2025-04-04 06:40:00,SHORT,2025-04-04 07:08:00,116.5,117.0847,115.9153,115.5539,2025-04-04 07:12:00,117.0847,INITIAL_STOP,-1.159,0.0,False,False,False,2025-04,2025,4,Q2
SOL/USDT,2025-04-05 02:25:00,2025-04-05 02:40:00,LONG,2025-04-05 02:50:00,121.08,120.6784,121.4816,121.7298,2025-04-05 03:30:00,120.6784,INITIAL_STOP,-1.241,0.0,False,False,False,2025-04,2025,4,Q2
SOL/USDT,2025-04-07 10:15:00,2025-04-07 10:55:00,SHORT,2025-04-07 11:01:00,100.74,102.7911,98.6889,97.4213,2025-04-07 12:55:00,102.7911,INITIAL_STOP,-1.039,0.0,False,False,False,2025-04,2025,4,Q2
SOL/USDT,2025-04-07 14:10:00,2025-04-07 14:25:00,SHORT,2025-04-07 14:33:00,108.045,109.2021,106.8879,106.1729,2025-04-07 14:34:00,106.1729,GRID_B_FULL_TP,1.234,1.309,True,False,False,2025-04,2025,4,Q2
SOL/USDT,2025-04-07 14:15:00,2025-04-07 14:25:00,SHORT,2025-04-07 14:33:00,108.045,113.1621,102.9279,99.7656,2025-04-09 08:24:00,107.9586,BE_STOP,0.483,0.5,True,False,False,2025-04,2025,4,Q2
SOL/USDT,2025-04-07 22:20:00,2025-04-07 23:00:00,SHORT,2025-04-07 23:10:00,108.66,109.363,107.957,107.5226,2025-04-07 23:32:00,107.5226,GRID_B_FULL_TP,1.185,1.309,True,False,False,2025-04,2025,4,Q2
SOL/USDT,2025-04-08 13:30:00,2025-04-08 13:40:00,SHORT,2025-04-08 13:46:00,110.69,112.366,109.014,107.9782,2025-04-08 14:55:00,107.9782,GRID_B_FULL_TP,1.256,1.309,False,False,False,2025-04,2025,4,Q2
SOL/USDT,2025-04-10 00:40:00,2025-04-10 01:00:00,LONG,2025-04-10 01:21:00,117.325,116.664,117.986,118.3945,2025-04-10 01:33:00,116.664,INITIAL_STOP,-1.142,0.0,False,False,False,2025-04,2025,4,Q2
SOL/USDT,2025-04-12 02:50:00,2025-04-12 03:10:00,LONG,2025-04-12 03:15:00,120.02,119.23,120.81,121.2983,2025-04-12 04:31:00,121.2983,GRID_B_FULL_TP,1.187,1.309,False,False,False,2025-04,2025,4,Q2
SOL/USDT,2025-04-14 13:40:00,2025-04-14 14:40:00,LONG,2025-04-14 15:00:00,133.0,131.0605,134.9395,136.1381,2025-04-14 15:05:00,131.0605,INITIAL_STOP,-1.055,0.0,False,False,False,2025-04,2025,4,Q2
SOL/USDT,2025-04-16 11:45:00,2025-04-16 12:40:00,SHORT,2025-04-16 13:42:00,125.97,126.869,125.071,124.5155,2025-04-16 13:55:00,124.5155,GRID_B_FULL_TP,1.197,1.309,False,False,False,2025-04,2025,4,Q2
SOL/USDT,2025-04-16 15:25:00,2025-04-16 16:40:00,SHORT,2025-04-16 16:51:00,127.925,129.7919,126.0581,124.9044,2025-04-16 17:18:00,129.7919,INITIAL_STOP,-1.055,0.0,True,False,False,2025-04,2025,4,Q2
SOL/USDT,2025-04-17 08:50:00,2025-04-17 09:45:00,LONG,2025-04-17 09:54:00,133.53,133.0697,133.9903,134.2748,2025-04-17 10:12:00,133.0697,INITIAL_STOP,-1.232,0.0,True,False,False,2025-04,2025,4,Q2
SOL/USDT,2025-04-24 00:30:00,2025-04-24 00:40:00,LONG,2025-04-24 00:48:00,150.365,149.5745,151.1555,151.6441,2025-04-24 01:14:00,149.5745,INITIAL_STOP,-1.152,0.0,False,False,False,2025-04,2025,4,Q2
SOL/USDT,2025-04-24 06:30:00,2025-04-24 06:55:00,SHORT,2025-04-24 07:05:00,148.37,149.3926,147.3474,146.7155,2025-04-24 08:15:00,146.7155,GRID_B_FULL_TP,1.193,1.309,False,False,False,2025-04,2025,4,Q2
SOL/USDT,2025-04-25 13:30:00,2025-04-25 14:05:00,LONG,2025-04-25 14:31:00,153.925,151.9691,155.8809,157.0896,2025-04-25 15:13:00,154.0481,BE_STOP,0.437,0.5,False,False,False,2025-04,2025,4,Q2
SOL/USDT,2025-04-25 17:40:00,2025-04-25 18:20:00,LONG,2025-04-25 18:53:00,151.315,150.503,152.127,152.6288,2025-04-25 21:20:00,151.4361,BE_STOP,0.351,0.5,False,False,False,2025-04,2025,4,Q2
SOL/USDT,2025-05-06 17:35:00,2025-05-06 17:45:00,SHORT,2025-05-06 17:50:00,143.805,144.5857,143.0243,142.5418,2025-05-06 18:25:00,144.5857,INITIAL_STOP,-1.147,0.0,True,False,False,2025-05,2025,5,Q2
SOL/USDT,2025-05-10 09:00:00,2025-05-10 09:20:00,LONG,2025-05-10 10:47:00,171.03,170.4235,171.6365,172.0114,2025-05-10 10:54:00,171.1668,BE_STOP,0.274,0.5,False,False,False,2025-05,2025,5,Q2
SOL/USDT,2025-05-11 06:00:00,2025-05-11 06:20:00,LONG,2025-05-11 06:31:00,175.615,175.0266,176.2034,176.5671,2025-05-11 06:39:00,175.0266,INITIAL_STOP,-1.239,0.0,False,False,False,2025-05,2025,5,Q2
SOL/USDT,2025-05-11 06:40:00,2025-05-11 06:55:00,LONG,2025-05-11 07:00:00,174.7,173.948,175.452,175.9168,2025-05-11 07:05:00,173.948,INITIAL_STOP,-1.186,0.0,False,False,False,2025-05,2025,5,Q2
SOL/USDT,2025-05-12 16:05:00,2025-05-12 16:15:00,LONG,2025-05-12 17:37:00,174.41,172.9784,175.8416,176.7264,2025-05-12 17:46:00,172.9784,INITIAL_STOP,-1.097,0.0,False,False,False,2025-05,2025,5,Q2
SOL/USDT,2025-05-15 12:30:00,2025-05-15 12:50:00,SHORT,2025-05-15 13:06:00,171.52,172.9073,170.1327,169.2754,2025-05-15 13:46:00,169.2754,GRID_B_FULL_TP,1.21,1.309,True,False,False,2025-05,2025,5,Q2
SOL/USDT,2025-05-15 16:45:00,2025-05-15 17:10:00,SHORT,2025-05-15 17:15:00,173.24,173.6999,172.7801,172.4959,2025-05-15 17:20:00,173.6999,INITIAL_STOP,-1.301,0.0,True,False,False,2025-05,2025,5,Q2
SOL/USDT,2025-05-16 00:30:00,2025-05-16 00:50:00,SHORT,2025-05-16 01:36:00,171.285,171.7769,170.7931,170.4891,2025-05-16 01:39:00,171.7769,INITIAL_STOP,-1.279,0.0,False,False,False,2025-05,2025,5,Q2
SOL/USDT,2025-05-16 14:40:00,2025-05-16 15:05:00,LONG,2025-05-16 15:21:00,171.85,170.7622,172.9378,173.61,2025-05-16 16:25:00,170.7622,INITIAL_STOP,-1.126,0.0,False,False,False,2025-05,2025,5,Q2
SOL/USDT,2025-05-18 03:00:00,2025-05-18 03:20:00,SHORT,2025-05-18 03:30:00,167.285,168.1509,166.4191,165.8839,2025-05-18 04:45:00,168.1509,INITIAL_STOP,-1.155,0.0,False,False,False,2025-05,2025,5,Q2
SOL/USDT,2025-05-19 17:05:00,2025-05-19 17:15:00,SHORT,2025-05-19 17:23:00,166.425,167.6296,165.2204,164.4759,2025-05-19 18:20:00,164.4759,GRID_B_FULL_TP,1.198,1.309,False,False,False,2025-05,2025,5,Q2
SOL/USDT,2025-05-24 03:15:00,2025-05-24 03:35:00,SHORT,2025-05-24 04:20:00,175.505,176.0533,174.9567,174.6179,2025-05-24 04:36:00,175.3646,BE_STOP,0.244,0.5,False,False,False,2025-05,2025,5,Q2
SOL/USDT,2025-05-25 12:55:00,2025-05-25 13:10:00,SHORT,2025-05-25 13:31:00,172.27,172.9184,171.6216,171.2209,2025-05-25 14:41:00,171.2209,GRID_B_FULL_TP,1.096,1.309,False,False,False,2025-05,2025,5,Q2
SOL/USDT,2025-05-26 16:25:00,2025-05-26 16:40:00,LONG,2025-05-26 16:50:00,175.885,174.9162,176.8538,177.4526,2025-05-26 17:19:00,174.9162,INITIAL_STOP,-1.145,0.0,True,False,False,2025-05,2025,5,Q2
SOL/USDT,2025-05-27 19:55:00,2025-05-27 20:10:00,LONG,2025-05-27 20:45:00,177.855,177.1632,178.5468,178.9743,2025-05-27 21:24:00,177.1632,INITIAL_STOP,-1.206,0.0,True,False,False,2025-05,2025,5,Q2
SOL/USDT,2025-05-29 07:20:00,2025-05-29 07:55:00,SHORT,2025-05-29 08:15:00,172.44,173.2287,171.6513,171.1639,2025-05-29 08:37:00,173.2287,INITIAL_STOP,-1.175,0.0,False,False,False,2025-05,2025,5,Q2
SOL/USDT,2025-05-31 15:25:00,2025-05-31 15:40:00,SHORT,2025-05-31 16:10:00,156.215,156.7643,155.6657,155.3262,2025-05-31 16:35:00,156.7643,INITIAL_STOP,-1.228,0.0,False,False,False,2025-05,2025,5,Q2
SOL/USDT,2025-05-31 19:05:00,2025-05-31 20:15:00,SHORT,2025-05-31 20:22:00,157.44,157.8062,157.0738,156.8476,2025-05-31 21:03:00,157.8062,INITIAL_STOP,-1.344,0.0,True,False,False,2025-05,2025,5,Q2
SOL/USDT,2025-06-01 16:40:00,2025-06-01 17:00:00,SHORT,2025-06-01 17:05:00,156.14,156.9042,155.3758,154.9035,2025-06-01 18:27:00,154.9035,GRID_B_FULL_TP,1.146,1.309,True,False,False,2025-06,2025,6,Q2
SOL/USDT,2025-06-01 23:00:00,2025-06-01 23:25:00,SHORT,2025-06-01 23:34:00,157.335,158.006,156.664,156.2493,2025-06-02 00:17:00,158.006,INITIAL_STOP,-1.188,0.0,True,False,False,2025-06,2025,6,Q2
SOL/USDT,2025-06-03 08:35:00,2025-06-03 08:50:00,LONG,2025-06-03 09:21:00,158.88,158.0417,159.7183,160.2364,2025-06-03 10:07:00,160.2364,GRID_B_FULL_TP,1.157,1.309,False,False,False,2025-06,2025,6,Q2
SOL/USDT,2025-06-06 00:30:00,2025-06-06 00:45:00,SHORT,2025-06-06 00:52:00,145.295,145.6379,144.9521,144.7401,2025-06-06 01:08:00,145.1788,BE_STOP,0.161,0.5,False,False,False,2025-06,2025,6,Q2
SOL/USDT,2025-06-06 12:30:00,2025-06-06 13:25:00,SHORT,2025-06-06 13:31:00,151.445,152.6172,150.2728,149.5484,2025-06-06 17:09:00,149.5484,GRID_B_FULL_TP,1.206,1.309,True,False,False,2025-06,2025,6,Q2
SOL/USDT,2025-06-09 01:15:00,2025-06-09 02:15:00,LONG,2025-06-09 02:21:00,152.15,151.4918,152.8082,153.215,2025-06-09 03:06:00,151.4918,INITIAL_STOP,-1.185,0.0,False,False,False,2025-06,2025,6,Q2
SOL/USDT,2025-06-09 05:35:00,2025-06-09 06:20:00,LONG,2025-06-09 06:35:00,150.135,149.7748,150.4952,150.7178,2025-06-09 06:48:00,150.7178,GRID_B_FULL_TP,0.976,1.309,False,False,False,2025-06,2025,6,Q2
SOL/USDT,2025-06-10 14:40:00,2025-06-10 15:10:00,LONG,2025-06-10 15:31:00,157.435,156.5338,158.3362,158.8931,2025-06-10 15:33:00,156.5338,INITIAL_STOP,-1.14,0.0,True,False,False,2025-06,2025,6,Q2
SOL/USDT,2025-06-12 00:20:00,2025-06-12 00:30:00,SHORT,2025-06-12 00:43:00,160.615,161.5209,159.7091,159.1492,2025-06-12 02:02:00,160.4865,BE_STOP,0.358,0.5,False,False,False,2025-06,2025,6,Q2
SOL/USDT,2025-06-15 00:15:00,2025-06-15 01:20:00,SHORT,2025-06-15 02:05:00,145.395,145.6881,145.1019,144.9208,2025-06-15 02:13:00,145.6881,INITIAL_STOP,-1.397,0.0,False,False,False,2025-06,2025,6,Q2
SOL/USDT,2025-06-16 01:15:00,2025-06-16 01:25:00,LONG,2025-06-16 01:31:00,151.48,150.7628,152.1972,152.6405,2025-06-16 01:36:00,152.6405,GRID_B_FULL_TP,1.14,1.309,False,False,False,2025-06,2025,6,Q2
SOL/USDT,2025-06-16 09:30:00,2025-06-16 10:05:00,LONG,2025-06-16 10:33:00,156.645,155.775,157.515,158.0526,2025-06-16 11:04:00,155.775,INITIAL_STOP,-1.144,0.0,False,False,False,2025-06,2025,6,Q2
SOL/USDT,2025-06-16 11:25:00,2025-06-16 11:35:00,LONG,2025-06-16 12:34:00,155.285,154.5771,155.9929,156.4304,2025-06-16 13:47:00,155.4092,BE_STOP,0.325,0.5,False,False,False,2025-06,2025,6,Q2
SOL/USDT,2025-06-16 21:35:00,2025-06-16 21:45:00,LONG,2025-06-16 21:54:00,156.81,156.1248,157.4952,157.9187,2025-06-16 22:32:00,156.1248,INITIAL_STOP,-1.183,0.0,False,False,False,2025-06,2025,6,Q2
SOL/USDT,2025-06-18 18:00:00,2025-06-18 18:55:00,SHORT,2025-06-18 19:13:00,145.105,146.7277,143.4823,142.4795,2025-06-18 20:43:00,146.7277,INITIAL_STOP,-1.072,0.0,True,False,False,2025-06,2025,6,Q2
SOL/USDT,2025-06-21 03:30:00,2025-06-21 03:50:00,SHORT,2025-06-21 04:02:00,140.93,141.5314,140.3286,139.9569,2025-06-21 05:13:00,139.9569,GRID_B_FULL_TP,1.122,1.309,False,False,False,2025-06,2025,6,Q2
SOL/USDT,2025-06-22 22:40:00,2025-06-22 23:35:00,SHORT,2025-06-23 00:15:00,131.98,132.668,131.292,130.8669,2025-06-23 00:20:00,132.668,INITIAL_STOP,-1.153,0.0,True,False,False,2025-06,2025,6,Q2
SOL/USDT,2025-06-23 00:35:00,2025-06-23 00:55:00,SHORT,2025-06-23 01:49:00,132.96,133.1794,132.7406,132.6049,2025-06-23 02:00:00,133.1794,INITIAL_STOP,-1.485,0.0,False,False,False,2025-06,2025,6,Q2
SOL/USDT,2025-06-23 12:40:00,2025-06-23 13:10:00,SHORT,2025-06-23 13:38:00,134.885,135.5323,134.2377,133.8376,2025-06-23 13:41:00,135.5323,INITIAL_STOP,-1.167,0.0,True,False,False,2025-06,2025,6,Q2
SOL/USDT,2025-06-23 12:55:00,2025-06-23 13:10:00,SHORT,2025-06-23 13:38:00,134.885,135.7523,134.0177,133.4817,2025-06-23 13:42:00,135.7523,INITIAL_STOP,-1.124,0.0,True,False,False,2025-06,2025,6,Q2
SOL/USDT,2025-06-25 14:15:00,2025-06-25 14:40:00,LONG,2025-06-25 14:56:00,145.575,144.8016,146.3484,146.8263,2025-06-25 15:03:00,144.8016,INITIAL_STOP,-1.151,0.0,False,False,False,2025-06,2025,6,Q2
SOL/USDT,2025-07-01 07:15:00,2025-07-01 07:50:00,LONG,2025-07-01 07:58:00,150.095,149.8049,150.3851,150.5645,2025-07-01 08:02:00,149.8049,INITIAL_STOP,-1.414,0.0,True,False,False,2025-07,2025,7,Q3
SOL/USDT,2025-07-01 07:20:00,2025-07-01 07:50:00,LONG,2025-07-01 07:58:00,150.095,148.5949,151.5951,152.5222,2025-07-01 09:20:00,148.5949,INITIAL_STOP,-1.08,0.0,True,False,False,2025-07,2025,7,Q3
SOL/USDT,2025-07-02 00:15:00,2025-07-02 00:50:00,SHORT,2025-07-02 01:20:00,147.03,147.5305,146.5295,146.2201,2025-07-02 01:22:00,147.5305,INITIAL_STOP,-1.235,0.0,False,False,False,2025-07,2025,7,Q3
SOL/USDT,2025-07-02 03:10:00,2025-07-02 04:05:00,SHORT,2025-07-02 04:23:00,148.74,149.1531,148.3269,148.0716,2025-07-02 04:55:00,149.1531,INITIAL_STOP,-1.288,0.0,False,False,False,2025-07,2025,7,Q3
SOL/USDT,2025-07-03 12:35:00,2025-07-03 13:00:00,LONG,2025-07-03 13:10:00,152.91,152.0006,153.8194,154.3814,2025-07-03 13:37:00,154.3814,GRID_B_FULL_TP,1.174,1.309,False,False,False,2025-07,2025,7,Q3
SOL/USDT,2025-07-11 06:45:00,2025-07-11 07:20:00,LONG,2025-07-11 07:49:00,163.745,163.1644,164.3256,164.6844,2025-07-11 09:26:00,164.6844,GRID_B_FULL_TP,1.083,1.309,False,False,False,2025-07,2025,7,Q3
SOL/USDT,2025-07-15 01:00:00,2025-07-15 01:35:00,LONG,2025-07-15 01:58:00,161.195,160.6682,161.7218,162.0474,2025-07-15 02:16:00,160.6682,INITIAL_STOP,-1.245,0.0,False,False,False,2025-07,2025,7,Q3
SOL/USDT,2025-07-15 18:20:00,2025-07-15 18:35:00,SHORT,2025-07-15 18:51:00,162.38,163.9436,160.8164,159.8501,2025-07-15 20:05:00,159.8501,GRID_B_FULL_TP,1.226,1.309,True,False,False,2025-07,2025,7,Q3
SOL/USDT,2025-07-15 23:00:00,2025-07-16 00:05:00,SHORT,2025-07-16 00:16:00,163.79,164.1057,163.4743,163.2792,2025-07-16 00:18:00,164.1057,INITIAL_STOP,-1.415,0.0,True,False,False,2025-07,2025,7,Q3
SOL/USDT,2025-07-15 23:05:00,2025-07-16 00:05:00,SHORT,2025-07-16 00:16:00,163.79,164.3657,163.2143,162.8585,2025-07-16 00:18:00,164.3657,INITIAL_STOP,-1.228,0.0,True,False,False,2025-07,2025,7,Q3
SOL/USDT,2025-07-17 11:30:00,2025-07-17 12:35:00,LONG,2025-07-17 13:11:00,175.495,174.9568,176.0332,176.3659,2025-07-17 13:32:00,174.9568,INITIAL_STOP,-1.261,0.0,True,False,False,2025-07,2025,7,Q3
SOL/USDT,2025-07-18 08:40:00,2025-07-18 09:50:00,LONG,2025-07-18 10:04:00,179.62,178.3106,180.9294,181.7387,2025-07-18 10:19:00,178.3106,INITIAL_STOP,-1.11,0.0,False,False,False,2025-07,2025,7,Q3
SOL/USDT,2025-07-18 10:20:00,2025-07-18 10:50:00,LONG,2025-07-18 11:04:00,178.94,177.7016,180.1784,180.9437,2025-07-18 11:18:00,177.7016,INITIAL_STOP,-1.116,0.0,False,False,False,2025-07,2025,7,Q3
SOL/USDT,2025-07-21 18:45:00,2025-07-21 19:10:00,LONG,2025-07-21 19:19:00,194.65,193.158,196.142,197.064,2025-07-21 19:31:00,193.158,INITIAL_STOP,-1.104,0.0,True,False,False,2025-07,2025,7,Q3
SOL/USDT,2025-07-23 03:55:00,2025-07-23 04:25:00,LONG,2025-07-23 04:31:00,201.905,200.6871,203.1229,203.8755,2025-07-23 06:21:00,200.6871,INITIAL_STOP,-1.133,0.0,False,False,False,2025-07,2025,7,Q3
SOL/USDT,2025-07-24 00:25:00,2025-07-24 01:05:00,SHORT,2025-07-24 01:18:00,190.66,191.206,190.114,189.7766,2025-07-24 01:36:00,189.7766,GRID_B_FULL_TP,1.03,1.309,False,False,False,2025-07,2025,7,Q3
SOL/USDT,2025-07-24 13:35:00,2025-07-24 13:55:00,SHORT,2025-07-24 14:30:00,185.72,187.6886,183.7514,182.5348,2025-07-24 14:41:00,187.6886,INITIAL_STOP,-1.075,0.0,False,False,False,2025-07,2025,7,Q3
SOL/USDT,2025-07-25 09:30:00,2025-07-25 09:45:00,SHORT,2025-07-25 09:55:00,179.985,180.97,179.0,178.3913,2025-07-25 10:00:00,180.97,INITIAL_STOP,-1.146,0.0,False,False,False,2025-07,2025,7,Q3
SOL/USDT,2025-07-28 11:25:00,2025-07-28 11:40:00,LONG,2025-07-28 13:13:00,191.33,190.673,191.987,192.393,2025-07-28 13:22:00,190.673,INITIAL_STOP,-1.233,0.0,False,False,False,2025-07,2025,7,Q3
SOL/USDT,2025-07-28 18:30:00,2025-07-28 18:45:00,LONG,2025-07-28 19:44:00,184.6,183.1731,186.0269,186.9087,2025-07-28 20:28:00,183.1731,INITIAL_STOP,-1.103,0.0,True,False,False,2025-07,2025,7,Q3
SOL/USDT,2025-07-29 07:40:00,2025-07-29 08:30:00,SHORT,2025-07-29 08:36:00,185.7,186.5285,184.8714,184.3594,2025-07-29 09:16:00,184.3594,GRID_B_FULL_TP,1.13,1.309,True,False,False,2025-07,2025,7,Q3
SOL/USDT,2025-08-01 12:00:00,2025-08-01 12:20:00,SHORT,2025-08-01 12:29:00,169.14,169.8037,168.4763,168.0661,2025-08-01 12:31:00,169.0047,BE_STOP,0.296,0.5,False,False,False,2025-08,2025,8,Q3
SOL/USDT,2025-08-02 21:00:00,2025-08-02 22:15:00,SHORT,2025-08-02 22:46:00,159.15,159.8087,158.4913,158.0842,2025-08-02 23:12:00,158.0842,GRID_B_FULL_TP,1.116,1.309,True,False,False,2025-08,2025,8,Q3
SOL/USDT,2025-08-03 02:50:00,2025-08-03 04:05:00,SHORT,2025-08-03 04:19:00,160.71,160.9911,160.4289,160.2552,2025-08-03 04:34:00,160.2552,GRID_B_FULL_TP,0.852,1.309,False,False,False,2025-08,2025,8,Q3
SOL/USDT,2025-08-03 11:10:00,2025-08-03 11:30:00,SHORT,2025-08-03 13:05:00,162.33,163.1435,161.5165,161.0138,2025-08-03 13:47:00,161.0138,GRID_B_FULL_TP,1.149,1.309,True,False,False,2025-08,2025,8,Q3
SOL/USDT,2025-08-03 23:15:00,2025-08-03 23:40:00,SHORT,2025-08-04 00:20:00,162.215,163.3833,161.0467,160.3247,2025-08-04 00:35:00,163.3833,INITIAL_STOP,-1.111,0.0,True,False,False,2025-08,2025,8,Q3
SOL/USDT,2025-08-06 20:35:00,2025-08-06 21:05:00,LONG,2025-08-06 21:31:00,168.145,167.5178,168.7722,169.1598,2025-08-06 21:39:00,167.5178,INITIAL_STOP,-1.214,0.0,True,False,False,2025-08,2025,8,Q3
SOL/USDT,2025-08-07 16:40:00,2025-08-07 17:45:00,LONG,2025-08-07 18:02:00,169.13,168.3263,169.9337,170.4304,2025-08-07 19:15:00,170.4304,GRID_B_FULL_TP,1.141,1.309,True,False,False,2025-08,2025,8,Q3
SOL/USDT,2025-08-07 16:45:00,2025-08-07 17:45:00,LONG,2025-08-07 18:02:00,169.13,166.7463,171.5137,172.9868,2025-08-07 20:30:00,172.9868,GRID_B_FULL_TP,1.252,1.309,False,False,False,2025-08,2025,8,Q3
SOL/USDT,2025-08-09 21:40:00,2025-08-09 21:50:00,LONG,2025-08-09 22:11:00,181.13,180.3983,181.8617,182.3139,2025-08-09 22:25:00,182.3139,GRID_B_FULL_TP,1.111,1.309,False,False,False,2025-08,2025,8,Q3
SOL/USDT,2025-08-10 06:15:00,2025-08-10 06:35:00,LONG,2025-08-10 07:17:00,180.915,180.0986,181.7314,182.2359,2025-08-10 07:37:00,180.0986,INITIAL_STOP,-1.177,0.0,False,False,False,2025-08,2025,8,Q3
SOL/USDT,2025-08-11 14:35:00,2025-08-11 14:45:00,SHORT,2025-08-11 15:37:00,179.605,180.7894,178.4206,177.6886,2025-08-11 16:01:00,180.7894,INITIAL_STOP,-1.121,0.0,True,False,False,2025-08,2025,8,Q3
SOL/USDT,2025-08-14 12:30:00,2025-08-14 13:50:00,LONG,2025-08-14 14:03:00,194.29,190.3686,198.2114,200.6349,2025-08-14 16:04:00,194.4454,BE_STOP,0.46,0.5,True,False,False,2025-08,2025,8,Q3
SOL/USDT,2025-08-14 12:35:00,2025-08-14 13:50:00,LONG,2025-08-14 14:03:00,194.29,189.7086,198.8714,201.7028,2025-08-14 16:04:00,194.4454,BE_STOP,0.466,0.5,True,False,False,2025-08,2025,8,Q3
SOL/USDT,2025-08-14 13:05:00,2025-08-14 13:50:00,LONG,2025-08-14 14:03:00,194.29,186.3886,202.1914,207.0745,2025-08-15 15:06:00,186.3886,INITIAL_STOP,-1.02,0.0,True,False,False,2025-08,2025,8,Q3
SOL/USDT,2025-08-16 07:30:00,2025-08-16 08:30:00,SHORT,2025-08-16 08:41:00,188.255,189.9324,186.5776,185.541,2025-08-16 10:00:00,185.541,GRID_B_FULL_TP,1.219,1.309,True,False,False,2025-08,2025,8,Q3
SOL/USDT,2025-08-16 13:05:00,2025-08-16 13:45:00,SHORT,2025-08-16 14:02:00,187.7,188.1715,187.2284,186.937,2025-08-16 14:07:00,186.937,GRID_B_FULL_TP,0.991,1.309,False,False,False,2025-08,2025,8,Q3
SOL/USDT,2025-08-18 15:50:00,2025-08-18 16:35:00,SHORT,2025-08-18 16:46:00,182.75,183.4141,182.0859,181.6754,2025-08-18 17:11:00,182.6038,BE_STOP,0.28,0.5,False,False,False,2025-08,2025,8,Q3
SOL/USDT,2025-08-18 16:05:00,2025-08-18 16:35:00,SHORT,2025-08-18 16:46:00,182.75,184.4241,181.0759,180.0413,2025-08-18 17:28:00,184.4241,INITIAL_STOP,-1.087,0.0,False,False,False,2025-08,2025,8,Q3
SOL/USDT,2025-08-18 17:30:00,2025-08-18 18:05:00,SHORT,2025-08-18 18:47:00,184.38,185.8966,182.8634,181.9262,2025-08-18 22:02:00,184.2325,BE_STOP,0.403,0.5,False,False,False,2025-08,2025,8,Q3
SOL/USDT,2025-08-20 02:10:00,2025-08-20 03:10:00,SHORT,2025-08-20 03:18:00,180.565,180.9908,180.1392,179.876,2025-08-20 03:26:00,180.9908,INITIAL_STOP,-1.339,0.0,False,False,False,2025-08,2025,8,Q3
SOL/USDT,2025-08-20 08:30:00,2025-08-20 09:30:00,SHORT,2025-08-20 09:38:00,181.855,182.2528,181.4572,181.2114,2025-08-20 09:53:00,181.2114,GRID_B_FULL_TP,0.943,1.309,True,False,False,2025-08,2025,8,Q3
SOL/USDT,2025-08-23 11:55:00,2025-08-23 12:15:00,LONG,2025-08-23 12:58:00,201.97,201.227,202.713,203.1721,2025-08-23 13:30:00,201.227,INITIAL_STOP,-1.217,0.0,False,False,False,2025-08,2025,8,Q3
SOL/USDT,2025-08-25 14:05:00,2025-08-25 14:30:00,SHORT,2025-08-25 14:36:00,198.24,199.7974,196.6826,195.7202,2025-08-25 15:25:00,198.0814,BE_STOP,0.398,0.5,True,False,False,2025-08,2025,8,Q3
SOL/USDT,2025-08-27 02:20:00,2025-08-27 03:10:00,SHORT,2025-08-27 03:32:00,198.17,199.4573,196.8827,196.0872,2025-08-27 03:45:00,199.4573,INITIAL_STOP,-1.123,0.0,False,False,False,2025-08,2025,8,Q3
SOL/USDT,2025-08-27 13:30:00,2025-08-27 13:45:00,LONG,2025-08-27 14:04:00,204.125,202.3138,205.9362,207.0555,2025-08-27 14:30:00,207.0555,GRID_B_FULL_TP,1.219,1.309,False,False,False,2025-08,2025,8,Q3
SOL/USDT,2025-08-27 23:40:00,2025-08-28 00:05:00,LONG,2025-08-28 00:24:00,203.175,202.4152,203.9348,204.4043,2025-08-28 00:34:00,202.4152,INITIAL_STOP,-1.214,0.0,False,False,False,2025-08,2025,8,Q3
SOL/USDT,2025-08-28 00:30:00,2025-08-28 00:45:00,LONG,2025-08-28 00:55:00,203.135,201.6053,204.6647,205.6101,2025-08-28 01:34:00,205.6101,GRID_B_FULL_TP,1.203,1.309,False,False,False,2025-08,2025,8,Q3
SOL/USDT,2025-08-28 12:25:00,2025-08-28 12:35:00,LONG,2025-08-28 13:01:00,212.745,211.6509,213.8391,214.5153,2025-08-28 13:19:00,214.5153,GRID_B_FULL_TP,1.153,1.309,False,False,False,2025-08,2025,8,Q3
SOL/USDT,2025-08-28 15:40:00,2025-08-28 16:00:00,LONG,2025-08-28 16:55:00,210.84,210.2637,211.4163,211.7724,2025-08-28 16:57:00,210.2637,INITIAL_STOP,-1.293,0.0,False,False,False,2025-08,2025,8,Q3
SOL/USDT,2025-08-29 01:15:00,2025-08-29 01:35:00,LONG,2025-08-29 02:00:00,213.285,212.3001,214.2699,214.8786,2025-08-29 02:11:00,214.8786,GRID_B_FULL_TP,1.136,1.309,False,False,False,2025-08,2025,8,Q3
SOL/USDT,2025-08-29 06:15:00,2025-08-29 06:40:00,LONG,2025-08-29 06:55:00,213.285,212.7501,213.8199,214.1505,2025-08-29 06:59:00,212.7501,INITIAL_STOP,-1.319,0.0,False,False,False,2025-08,2025,8,Q3
SOL/USDT,2025-08-29 12:30:00,2025-08-29 13:20:00,SHORT,2025-08-29 13:27:00,210.78,215.2562,206.3038,203.5376,2025-08-29 16:04:00,203.5376,GRID_B_FULL_TP,1.271,1.309,True,False,False,2025-08,2025,8,Q3
SOL/USDT,2025-09-09 00:40:00,2025-09-09 00:50:00,LONG,2025-09-09 01:18:00,213.06,211.8804,214.2396,214.9686,2025-09-09 02:26:00,211.8804,INITIAL_STOP,-1.144,0.0,False,False,False,2025-09,2025,9,Q3
SOL/USDT,2025-09-09 10:50:00,2025-09-09 11:45:00,LONG,2025-09-09 11:54:00,217.55,217.0937,218.0063,218.2883,2025-09-09 12:00:00,217.0937,INITIAL_STOP,-1.381,0.0,True,False,False,2025-09,2025,9,Q3
SOL/USDT,2025-09-09 12:00:00,2025-09-09 12:10:00,LONG,2025-09-09 12:37:00,217.42,216.2839,218.5561,219.2583,2025-09-09 14:03:00,216.2839,INITIAL_STOP,-1.153,0.0,True,False,False,2025-09,2025,9,Q3
SOL/USDT,2025-09-14 14:35:00,2025-09-14 15:00:00,LONG,2025-09-14 15:06:00,242.345,241.9065,242.7835,243.0545,2025-09-14 15:09:00,241.9065,INITIAL_STOP,-1.442,0.0,True,False,False,2025-09,2025,9,Q3
SOL/USDT,2025-09-15 21:40:00,2025-09-15 22:10:00,SHORT,2025-09-15 22:19:00,234.86,235.3323,234.3877,234.0958,2025-09-15 22:36:00,234.0958,GRID_B_FULL_TP,0.911,1.309,True,False,False,2025-09,2025,9,Q3
SOL/USDT,2025-09-16 01:05:00,2025-09-16 01:55:00,SHORT,2025-09-16 02:10:00,234.725,235.5721,233.8779,233.3544,2025-09-16 03:03:00,234.5372,BE_STOP,0.278,0.5,False,False,False,2025-09,2025,9,Q3
SOL/USDT,2025-09-16 05:45:00,2025-09-16 06:25:00,SHORT,2025-09-16 07:05:00,236.305,236.7545,235.8555,235.5778,2025-09-16 07:33:00,236.116,BE_STOP,0.079,0.5,False,False,False,2025-09,2025,9,Q3
SOL/USDT,2025-09-20 05:20:00,2025-09-20 06:05:00,SHORT,2025-09-20 06:31:00,239.22,239.5988,238.8412,238.6071,2025-09-20 07:10:00,239.5988,INITIAL_STOP,-1.505,0.0,False,False,False,2025-09,2025,9,Q3
SOL/USDT,2025-09-23 12:35:00,2025-09-23 13:20:00,SHORT,2025-09-23 13:30:00,219.445,220.1892,218.7008,218.2409,2025-09-23 13:57:00,219.2694,BE_STOP,0.264,0.5,False,False,False,2025-09,2025,9,Q3
SOL/USDT,2025-09-25 08:05:00,2025-09-25 08:45:00,SHORT,2025-09-25 09:03:00,204.51,205.6868,203.3332,202.606,2025-09-25 09:26:00,205.6868,INITIAL_STOP,-1.139,0.0,False,False,False,2025-09,2025,9,Q3
SOL/USDT,2025-09-26 18:20:00,2025-09-26 19:05:00,SHORT,2025-09-26 19:16:00,201.535,202.9623,200.1077,199.2256,2025-09-26 19:33:00,199.2256,GRID_B_FULL_TP,1.196,1.309,True,False,False,2025-09,2025,9,Q3
SOL/USDT,2025-09-29 06:00:00,2025-09-29 06:40:00,LONG,2025-09-29 06:56:00,208.23,207.8777,208.5823,208.8001,2025-09-29 07:06:00,207.8777,INITIAL_STOP,-1.473,0.0,True,False,False,2025-09,2025,9,Q3
SOL/USDT,2025-10-01 17:50:00,2025-10-01 18:05:00,LONG,2025-10-01 18:19:00,217.97,217.223,218.717,219.1786,2025-10-01 18:38:00,219.1786,GRID_B_FULL_TP,1.076,1.309,True,False,False,2025-10,2025,10,Q4
SOL/USDT,2025-10-03 01:15:00,2025-10-03 02:10:00,LONG,2025-10-03 02:23:00,231.435,230.6528,232.2172,232.7005,2025-10-03 02:55:00,232.7005,GRID_B_FULL_TP,1.072,1.309,False,False,False,2025-10,2025,10,Q4
SOL/USDT,2025-10-04 08:40:00,2025-10-04 09:10:00,LONG,2025-10-04 09:17:00,229.15,227.8663,230.4337,231.2271,2025-10-04 14:50:00,227.8663,INITIAL_STOP,-1.143,0.0,False,False,False,2025-10,2025,10,Q4
SOL/USDT,2025-10-08 13:00:00,2025-10-08 13:25:00,SHORT,2025-10-08 14:00:00,222.06,223.0431,221.0769,220.4694,2025-10-08 14:01:00,223.0431,INITIAL_STOP,-1.181,0.0,True,False,False,2025-10,2025,10,Q4
SOL/USDT,2025-10-12 02:25:00,2025-10-12 02:40:00,SHORT,2025-10-12 02:46:00,175.605,176.4334,174.7766,174.2646,2025-10-12 02:51:00,174.2646,GRID_B_FULL_TP,1.139,1.309,False,False,False,2025-10,2025,10,Q4
SOL/USDT,2025-10-13 03:40:00,2025-10-13 04:35:00,LONG,2025-10-13 05:09:00,195.1,194.2173,195.9827,196.5281,2025-10-13 05:17:00,194.2173,INITIAL_STOP,-1.177,0.0,False,False,False,2025-10,2025,10,Q4
SOL/USDT,2025-10-13 11:25:00,2025-10-13 12:10:00,LONG,2025-10-13 12:17:00,192.71,189.7309,195.6891,197.5301,2025-10-13 14:22:00,192.8642,BE_STOP,0.448,0.5,True,False,False,2025-10,2025,10,Q4
SOL/USDT,2025-10-14 03:05:00,2025-10-14 03:50:00,LONG,2025-10-14 03:55:00,206.125,204.8708,207.3792,208.1543,2025-10-14 04:03:00,204.8708,INITIAL_STOP,-1.131,0.0,False,False,False,2025-10,2025,10,Q4
SOL/USDT,2025-10-14 04:05:00,2025-10-14 04:25:00,LONG,2025-10-14 04:30:00,204.555,204.0032,205.1068,205.4479,2025-10-14 04:32:00,204.0032,INITIAL_STOP,-1.297,0.0,False,False,False,2025-10,2025,10,Q4
SOL/USDT,2025-10-14 10:15:00,2025-10-14 11:05:00,LONG,2025-10-14 12:00:00,194.77,191.0378,198.5022,200.8086,2025-10-14 14:35:00,194.9258,BE_STOP,0.458,0.5,True,False,False,2025-10,2025,10,Q4
SOL/USDT,2025-10-16 01:05:00,2025-10-16 01:25:00,SHORT,2025-10-16 01:32:00,194.465,195.5317,193.3983,192.7391,2025-10-16 02:07:00,195.5317,INITIAL_STOP,-1.146,0.0,False,False,False,2025-10,2025,10,Q4
SOL/USDT,2025-10-16 10:15:00,2025-10-16 11:25:00,SHORT,2025-10-16 11:40:00,195.6,196.6734,194.5266,193.8632,2025-10-16 11:56:00,196.6734,INITIAL_STOP,-1.146,0.0,True,False,False,2025-10,2025,10,Q4
SOL/USDT,2025-10-17 16:00:00,2025-10-17 16:55:00,SHORT,2025-10-17 17:00:00,182.49,185.3037,179.6763,177.9374,2025-10-17 18:37:00,185.3037,INITIAL_STOP,-1.052,0.0,True,False,False,2025-10,2025,10,Q4
SOL/USDT,2025-10-18 07:00:00,2025-10-18 07:20:00,SHORT,2025-10-18 07:27:00,187.625,188.1714,187.0786,186.7409,2025-10-18 07:52:00,187.4749,BE_STOP,0.225,0.5,True,False,False,2025-10,2025,10,Q4
SOL/USDT,2025-10-18 07:05:00,2025-10-18 07:20:00,SHORT,2025-10-18 07:27:00,187.625,188.5414,186.7086,186.1422,2025-10-18 07:58:00,186.1422,GRID_B_FULL_TP,1.145,1.309,True,False,False,2025-10,2025,10,Q4
SOL/USDT,2025-10-22 23:25:00,2025-10-23 00:25:00,SHORT,2025-10-23 00:31:00,180.05,180.6701,179.4299,179.0467,2025-10-23 00:34:00,180.6701,INITIAL_STOP,-1.232,0.0,True,False,False,2025-10,2025,10,Q4
SOL/USDT,2025-10-23 01:10:00,2025-10-23 01:25:00,SHORT,2025-10-23 01:32:00,181.21,182.2018,180.2182,179.6052,2025-10-23 02:30:00,182.2018,INITIAL_STOP,-1.146,0.0,False,False,False,2025-10,2025,10,Q4
SOL/USDT,2025-10-23 03:25:00,2025-10-23 03:40:00,SHORT,2025-10-23 03:51:00,182.96,183.5244,182.3956,182.0467,2025-10-23 04:20:00,183.5244,INITIAL_STOP,-1.259,0.0,False,False,False,2025-10,2025,10,Q4
SOL/USDT,2025-10-24 07:40:00,2025-10-24 08:40:00,LONG,2025-10-24 09:30:00,192.765,192.0309,193.4991,193.9529,2025-10-24 09:56:00,192.0309,INITIAL_STOP,-1.21,0.0,False,False,False,2025-10,2025,10,Q4
SOL/USDT,2025-10-27 09:00:00,2025-10-27 09:40:00,LONG,2025-10-27 09:48:00,199.735,197.7204,201.7496,202.9946,2025-10-27 16:42:00,202.9946,GRID_B_FULL_TP,1.23,1.309,True,False,False,2025-10,2025,10,Q4
SOL/USDT,2025-10-27 21:20:00,2025-10-27 21:35:00,LONG,2025-10-27 22:01:00,198.385,197.4124,199.3576,199.9586,2025-10-27 22:31:00,198.5437,BE_STOP,0.337,0.5,True,False,False,2025-10,2025,10,Q4
SOL/USDT,2025-10-29 13:15:00,2025-10-29 13:35:00,SHORT,2025-10-29 13:51:00,200.755,202.0011,199.5089,198.7388,2025-10-29 14:30:00,198.7388,GRID_B_FULL_TP,1.18,1.309,True,False,False,2025-10,2025,10,Q4
SOL/USDT,2025-11-03 00:05:00,2025-11-03 00:25:00,SHORT,2025-11-03 00:40:00,188.245,189.2624,187.2276,186.5989,2025-11-03 00:56:00,186.5989,GRID_B_FULL_TP,1.161,1.309,False,False,False,2025-11,2025,11,Q4
SOL/USDT,2025-11-03 12:15:00,2025-11-03 13:00:00,SHORT,2025-11-03 13:30:00,175.695,176.8635,174.5265,173.8043,2025-11-03 14:07:00,176.8635,INITIAL_STOP,-1.12,0.0,False,False,False,2025-11,2025,11,Q4
SOL/USDT,2025-11-04 11:20:00,2025-11-04 12:15:00,SHORT,2025-11-04 12:20:00,161.545,162.4923,160.5977,160.0122,2025-11-04 13:33:00,161.4158,BE_STOP,0.364,0.5,False,False,False,2025-11,2025,11,Q4
SOL/USDT,2025-11-04 14:45:00,2025-11-04 15:10:00,SHORT,2025-11-04 15:18:00,164.045,164.8561,163.2339,162.7327,2025-11-04 15:19:00,164.8561,INITIAL_STOP,-1.162,0.0,False,False,False,2025-11,2025,11,Q4
SOL/USDT,2025-11-06 00:05:00,2025-11-06 00:55:00,LONG,2025-11-06 01:01:00,161.155,160.6283,161.6817,162.0073,2025-11-06 01:06:00,160.6283,INITIAL_STOP,-1.245,0.0,False,False,False,2025-11,2025,11,Q4
SOL/USDT,2025-11-06 01:05:00,2025-11-06 01:35:00,LONG,2025-11-06 02:11:00,160.25,159.7996,160.7004,160.9787,2025-11-06 02:17:00,160.9787,GRID_B_FULL_TP,1.024,1.309,False,False,False,2025-11,2025,11,Q4
SOL/USDT,2025-11-09 06:40:00,2025-11-09 06:50:00,SHORT,2025-11-09 07:34:00,158.655,159.358,157.952,157.5176,2025-11-09 07:39:00,159.358,INITIAL_STOP,-1.181,0.0,True,False,False,2025-11,2025,11,Q4
SOL/USDT,2025-11-09 22:35:00,2025-11-09 22:50:00,LONG,2025-11-09 23:20:00,164.86,163.8727,165.8473,166.4574,2025-11-10 00:02:00,163.8727,INITIAL_STOP,-1.134,0.0,True,False,False,2025-11,2025,11,Q4
SOL/USDT,2025-11-11 06:05:00,2025-11-11 07:00:00,LONG,2025-11-11 07:09:00,164.755,163.3229,166.1871,167.0722,2025-11-11 09:16:00,163.3229,INITIAL_STOP,-1.092,0.0,True,False,False,2025-11,2025,11,Q4
SOL/USDT,2025-11-12 09:10:00,2025-11-12 09:30:00,SHORT,2025-11-12 10:03:00,158.545,158.9478,158.1422,157.8932,2025-11-12 10:14:00,158.9478,INITIAL_STOP,-1.315,0.0,True,False,False,2025-11,2025,11,Q4
SOL/USDT,2025-11-12 10:50:00,2025-11-12 11:30:00,SHORT,2025-11-12 12:09:00,160.135,160.7102,159.5598,159.2043,2025-11-12 12:20:00,160.7102,INITIAL_STOP,-1.223,0.0,True,False,False,2025-11,2025,11,Q4
SOL/USDT,2025-11-13 03:45:00,2025-11-13 04:00:00,SHORT,2025-11-13 04:17:00,154.75,156.0121,153.4879,152.7079,2025-11-13 05:49:00,156.0121,INITIAL_STOP,-1.098,0.0,False,False,False,2025-11,2025,11,Q4
SOL/USDT,2025-11-14 06:55:00,2025-11-14 07:35:00,SHORT,2025-11-14 07:46:00,143.42,144.3351,142.5049,141.9393,2025-11-14 08:10:00,141.9393,GRID_B_FULL_TP,1.184,1.309,False,False,False,2025-11,2025,11,Q4
SOL/USDT,2025-11-15 17:20:00,2025-11-15 18:20:00,SHORT,2025-11-15 19:08:00,142.875,144.9043,140.8457,139.5916,2025-11-15 21:40:00,139.5916,GRID_B_FULL_TP,1.253,1.309,True,False,False,2025-11,2025,11,Q4
SOL/USDT,2025-11-17 00:35:00,2025-11-17 01:20:00,SHORT,2025-11-17 01:27:00,138.84,139.7083,137.9717,137.4352,2025-11-17 02:11:00,138.7289,BE_STOP,0.372,0.5,False,False,False,2025-11,2025,11,Q4
SOL/USDT,2025-11-18 02:25:00,2025-11-18 02:55:00,SHORT,2025-11-18 03:18:00,133.275,133.6199,132.9301,132.7169,2025-11-18 03:21:00,132.7169,GRID_B_FULL_TP,1.0,1.309,False,False,False,2025-11,2025,11,Q4
SOL/USDT,2025-11-18 06:10:00,2025-11-18 06:25:00,SHORT,2025-11-18 07:08:00,136.37,137.3746,135.3654,134.7446,2025-11-18 07:31:00,137.3746,INITIAL_STOP,-1.109,0.0,True,False,False,2025-11,2025,11,Q4
SOL/USDT,2025-11-18 14:25:00,2025-11-18 15:00:00,SHORT,2025-11-18 15:06:00,137.975,139.647,136.303,135.2698,2025-11-18 15:14:00,139.647,INITIAL_STOP,-1.066,0.0,True,False,False,2025-11,2025,11,Q4
SOL/USDT,2025-11-21 17:05:00,2025-11-21 17:55:00,SHORT,2025-11-21 18:48:00,129.68,130.3645,128.9955,128.5724,2025-11-21 18:49:00,130.3645,INITIAL_STOP,-1.152,0.0,True,False,False,2025-11,2025,11,Q4
SOL/USDT,2025-11-22 16:40:00,2025-11-22 17:35:00,SHORT,2025-11-22 18:09:00,127.77,128.6617,126.8783,126.3273,2025-11-22 20:53:00,126.3273,GRID_B_FULL_TP,1.194,1.309,False,False,False,2025-11,2025,11,Q4
SOL/USDT,2025-11-22 22:50:00,2025-11-22 23:10:00,SHORT,2025-11-22 23:15:00,127.99,129.112,126.868,126.1746,2025-11-23 01:38:00,129.112,INITIAL_STOP,-1.091,0.0,False,False,False,2025-11,2025,11,Q4
SOL/USDT,2025-11-24 00:05:00,2025-11-24 00:25:00,LONG,2025-11-24 01:47:00,130.0,129.755,130.245,130.3964,2025-11-24 01:49:00,130.3964,GRID_B_FULL_TP,0.885,1.309,False,False,False,2025-11,2025,11,Q4
SOL/USDT,2025-11-25 02:25:00,2025-11-25 02:45:00,LONG,2025-11-25 03:37:00,137.66,137.0535,138.2665,138.6413,2025-11-25 04:51:00,138.6413,GRID_B_FULL_TP,1.127,1.309,False,False,False,2025-11,2025,11,Q4
SOL/USDT,2025-11-29 16:20:00,2025-11-29 16:30:00,SHORT,2025-11-29 16:37:00,137.43,138.0461,136.8139,136.4331,2025-11-29 17:04:00,138.0461,INITIAL_STOP,-1.178,0.0,True,False,False,2025-11,2025,11,Q4
SOL/USDT,2025-12-03 10:55:00,2025-12-03 11:25:00,LONG,2025-12-03 11:32:00,141.37,140.9679,141.7721,142.0205,2025-12-03 12:06:00,141.4831,BE_STOP,0.219,0.5,False,False,False,2025-12,2025,12,Q4
SOL/USDT,2025-12-04 13:00:00,2025-12-04 13:25:00,LONG,2025-12-04 13:30:00,142.75,142.1759,143.3241,143.6789,2025-12-04 13:45:00,142.1759,INITIAL_STOP,-1.199,0.0,True,False,False,2025-12,2025,12,Q4
SOL/USDT,2025-12-05 03:30:00,2025-12-05 04:05:00,LONG,2025-12-05 04:24:00,138.79,138.5018,139.0782,139.2563,2025-12-05 04:31:00,138.5018,INITIAL_STOP,-1.385,0.0,False,False,False,2025-12,2025,12,Q4
SOL/USDT,2025-12-05 04:30:00,2025-12-05 04:55:00,LONG,2025-12-05 05:20:00,138.33,137.8625,138.7975,139.0864,2025-12-05 05:25:00,137.8625,INITIAL_STOP,-1.237,0.0,False,False,False,2025-12,2025,12,Q4
SOL/USDT,2025-12-06 03:05:00,2025-12-06 03:20:00,SHORT,2025-12-06 03:33:00,133.895,134.3208,133.4692,133.206,2025-12-06 04:14:00,133.206,GRID_B_FULL_TP,1.057,1.309,False,False,False,2025-12,2025,12,Q4
SOL/USDT,2025-12-10 07:15:00,2025-12-10 07:40:00,LONG,2025-12-10 08:32:00,138.75,138.1519,139.3481,139.7178,2025-12-10 09:03:00,138.1519,INITIAL_STOP,-1.186,0.0,False,False,False,2025-12,2025,12,Q4
SOL/USDT,2025-12-11 12:30:00,2025-12-11 12:55:00,SHORT,2025-12-11 13:01:00,131.375,132.0671,130.6829,130.2552,2025-12-11 14:31:00,130.2552,GRID_B_FULL_TP,1.157,1.309,False,False,False,2025-12,2025,12,Q4
SOL/USDT,2025-12-13 01:25:00,2025-12-13 01:40:00,SHORT,2025-12-13 01:58:00,132.66,133.169,132.151,131.8365,2025-12-13 08:05:00,133.169,INITIAL_STOP,-1.209,0.0,False,False,False,2025-12,2025,12,Q4
SOL/USDT,2025-12-14 23:00:00,2025-12-14 23:25:00,SHORT,2025-12-14 23:39:00,129.61,130.9944,128.2256,127.37,2025-12-15 01:35:00,130.9944,INITIAL_STOP,-1.075,0.0,True,False,False,2025-12,2025,12,Q4
SOL/USDT,2025-12-15 14:10:00,2025-12-15 14:25:00,SHORT,2025-12-15 14:36:00,133.505,134.0903,132.9197,132.5581,2025-12-15 14:45:00,132.5581,GRID_B_FULL_TP,1.127,1.309,True,False,False,2025-12,2025,12,Q4
SOL/USDT,2025-12-15 14:15:00,2025-12-15 14:25:00,SHORT,2025-12-15 14:36:00,133.505,135.6303,131.3797,130.0663,2025-12-15 14:57:00,130.0663,GRID_B_FULL_TP,1.259,1.309,True,False,False,2025-12,2025,12,Q4
SOL/USDT,2025-12-28 16:25:00,2025-12-28 17:05:00,LONG,2025-12-28 17:51:00,124.435,123.9933,124.8767,125.1496,2025-12-28 18:15:00,123.9933,INITIAL_STOP,-1.225,0.0,False,False,False,2025-12,2025,12,Q4
SOL/USDT,2026-01-01 14:15:00,2026-01-01 14:35:00,LONG,2026-01-01 14:42:00,124.595,124.3931,124.7969,124.9217,2026-01-01 14:55:00,124.6947,BE_STOP,0.006,0.5,True,False,False,2026-01,2026,1,Q1
SOL/USDT,2026-01-02 01:35:00,2026-01-02 02:35:00,LONG,2026-01-02 02:40:00,126.07,125.8609,126.2791,126.4083,2026-01-02 02:49:00,126.4083,GRID_B_FULL_TP,0.827,1.309,False,False,False,2026-01,2026,1,Q1
SOL/USDT,2026-01-03 05:35:00,2026-01-03 06:10:00,LONG,2026-01-03 06:16:00,132.045,131.5019,132.5881,132.9237,2026-01-03 06:41:00,131.5019,INITIAL_STOP,-1.195,0.0,False,False,False,2026-01,2026,1,Q1
SOL/USDT,2026-01-03 07:20:00,2026-01-03 08:30:00,LONG,2026-01-03 09:12:00,130.435,129.9143,130.9557,131.2774,2026-01-03 09:37:00,131.2774,GRID_B_FULL_TP,1.109,1.309,True,False,False,2026-01,2026,1,Q1
SOL/USDT,2026-01-03 07:30:00,2026-01-03 08:30:00,LONG,2026-01-03 09:12:00,130.435,129.4043,131.4657,132.1026,2026-01-03 14:32:00,132.1026,GRID_B_FULL_TP,1.208,1.309,True,False,False,2026-01,2026,1,Q1
SOL/USDT,2026-01-12 06:35:00,2026-01-12 07:05:00,LONG,2026-01-12 07:18:00,142.085,141.7869,142.3831,142.5674,2026-01-12 07:31:00,141.7869,INITIAL_STOP,-1.381,0.0,False,False,False,2026-01,2026,1,Q1
SOL/USDT,2026-01-12 07:55:00,2026-01-12 08:10:00,LONG,2026-01-12 08:16:00,141.54,141.1477,141.9323,142.1748,2026-01-12 08:30:00,141.6532,BE_STOP,0.211,0.5,False,False,False,2026-01,2026,1,Q1
SOL/USDT,2026-01-12 21:50:00,2026-01-12 22:05:00,LONG,2026-01-12 23:04:00,138.975,138.1715,139.7785,140.275,2026-01-13 02:44:00,138.1715,INITIAL_STOP,-1.138,0.0,True,False,False,2026-01,2026,1,Q1
SOL/USDT,2026-01-13 05:15:00,2026-01-13 05:35:00,SHORT,2026-01-13 05:47:00,139.87,140.4198,139.3202,138.9804,2026-01-13 06:25:00,140.4198,INITIAL_STOP,-1.204,0.0,False,False,False,2026-01,2026,1,Q1
SOL/USDT,2026-01-13 05:20:00,2026-01-13 05:35:00,SHORT,2026-01-13 05:47:00,139.87,140.7198,139.0202,138.495,2026-01-13 06:52:00,140.7198,INITIAL_STOP,-1.132,0.0,False,False,False,2026-01,2026,1,Q1
SOL/USDT,2026-01-14 06:05:00,2026-01-14 06:40:00,LONG,2026-01-14 07:30:00,144.28,143.7036,144.8564,145.2126,2026-01-14 09:06:00,145.2126,GRID_B_FULL_TP,1.109,1.309,True,False,False,2026-01,2026,1,Q1
SOL/USDT,2026-01-14 18:45:00,2026-01-14 18:55:00,LONG,2026-01-14 19:00:00,146.17,145.1007,147.2393,147.9001,2026-01-14 21:55:00,146.2869,BE_STOP,0.391,0.5,False,False,False,2026-01,2026,1,Q1
SOL/USDT,2026-01-14 22:30:00,2026-01-14 23:05:00,LONG,2026-01-14 23:28:00,146.385,145.8604,146.9096,147.2338,2026-01-15 00:29:00,145.8604,INITIAL_STOP,-1.223,0.0,True,False,False,2026-01,2026,1,Q1
SOL/USDT,2026-01-15 15:25:00,2026-01-15 16:00:00,LONG,2026-01-15 17:56:00,142.595,142.1061,143.0839,143.386,2026-01-15 18:12:00,142.1061,INITIAL_STOP,-1.233,0.0,True,False,False,2026-01,2026,1,Q1
SOL/USDT,2026-01-16 05:45:00,2026-01-16 06:10:00,SHORT,2026-01-16 06:22:00,143.04,143.5746,142.5054,142.1751,2026-01-16 12:22:00,143.5746,INITIAL_STOP,-1.214,0.0,False,False,False,2026-01,2026,1,Q1
SOL/USDT,2026-01-18 19:00:00,2026-01-18 19:35:00,SHORT,2026-01-18 19:43:00,142.76,143.4341,142.0859,141.6692,2026-01-18 21:13:00,142.6458,BE_STOP,0.331,0.5,False,False,False,2026-01,2026,1,Q1
SOL/USDT,2026-01-19 16:50:00,2026-01-19 17:05:00,SHORT,2026-01-19 17:10:00,134.31,134.8515,133.7685,133.4339,2026-01-19 20:21:00,134.8515,INITIAL_STOP,-1.198,0.0,False,False,False,2026-01,2026,1,Q1
SOL/USDT,2026-01-23 17:25:00,2026-01-23 17:55:00,SHORT,2026-01-23 18:08:00,129.195,130.0138,128.3762,127.8702,2026-01-23 19:26:00,129.0916,BE_STOP,0.374,0.5,True,False,False,2026-01,2026,1,Q1
SOL/USDT,2026-01-26 12:10:00,2026-01-26 12:25:00,SHORT,2026-01-26 13:00:00,122.745,123.0941,122.3959,122.1801,2026-01-26 13:18:00,123.0941,INITIAL_STOP,-1.281,0.0,False,False,False,2026-01,2026,1,Q1
SOL/USDT,2026-01-28 13:15:00,2026-01-28 13:30:00,LONG,2026-01-28 13:39:00,127.24,126.7291,127.7509,128.0666,2026-01-28 13:56:00,127.3418,BE_STOP,0.301,0.5,False,False,False,2026-01,2026,1,Q1
SOL/USDT,2026-01-30 16:25:00,2026-01-30 16:50:00,SHORT,2026-01-30 17:22:00,117.385,117.9561,116.8139,116.461,2026-01-30 18:06:00,116.461,GRID_B_FULL_TP,1.145,1.309,False,False,False,2026-01,2026,1,Q1
SOL/USDT,2026-02-04 19:45:00,2026-02-04 20:10:00,SHORT,2026-02-04 20:16:00,93.885,94.8508,92.9192,92.3223,2026-02-04 21:11:00,92.3223,GRID_B_FULL_TP,1.231,1.309,True,False,False,2026-02,2026,2,Q1
SOL/USDT,2026-02-05 09:15:00,2026-02-05 09:35:00,SHORT,2026-02-05 09:40:00,92.605,93.5689,91.6411,91.0454,2026-02-05 10:48:00,91.0454,GRID_B_FULL_TP,1.232,1.309,True,False,False,2026-02,2026,2,Q1
SOL/USDT,2026-02-06 09:50:00,2026-02-06 10:40:00,SHORT,2026-02-06 10:45:00,81.445,81.8122,81.0778,80.8509,2026-02-06 10:50:00,80.8509,GRID_B_FULL_TP,1.132,1.309,True,False,False,2026-02,2026,2,Q1
SOL/USDT,2026-02-07 02:25:00,2026-02-07 02:50:00,SHORT,2026-02-07 02:55:00,87.175,87.6808,86.6692,86.3567,2026-02-07 03:02:00,87.6808,INITIAL_STOP,-1.138,0.0,False,False,False,2026-02,2026,2,Q1
SOL/USDT,2026-02-17 00:35:00,2026-02-17 01:50:00,SHORT,2026-02-17 02:10:00,86.7,86.9,86.4999,86.3763,2026-02-17 02:11:00,86.9,INITIAL_STOP,-1.347,0.0,False,False,False,2026-02,2026,2,Q1
SOL/USDT,2026-02-19 17:15:00,2026-02-19 17:30:00,SHORT,2026-02-19 18:24:00,81.265,82.0519,80.4781,79.9918,2026-02-19 19:04:00,82.0519,INITIAL_STOP,-1.083,0.0,True,False,False,2026-02,2026,2,Q1
SOL/USDT,2026-02-20 13:35:00,2026-02-20 14:05:00,LONG,2026-02-20 14:13:00,82.325,81.8065,82.8435,83.1639,2026-02-20 14:33:00,83.1639,GRID_B_FULL_TP,1.182,1.309,True,False,False,2026-02,2026,2,Q1
SOL/USDT,2026-02-24 16:00:00,2026-02-24 16:35:00,SHORT,2026-02-24 16:40:00,77.74,78.3666,77.1134,76.7261,2026-02-24 17:02:00,78.3666,INITIAL_STOP,-1.099,0.0,False,False,False,2026-02,2026,2,Q1
SOL/USDT,2026-02-26 16:50:00,2026-02-26 17:05:00,LONG,2026-02-26 17:37:00,84.835,84.3027,85.3673,85.6962,2026-02-26 18:36:00,85.6962,GRID_B_FULL_TP,1.181,1.309,True,False,False,2026-02,2026,2,Q1
SOL/USDT,2026-02-27 00:45:00,2026-02-27 00:55:00,LONG,2026-02-27 01:07:00,85.565,85.0617,86.0683,86.3794,2026-02-27 02:06:00,86.3794,GRID_B_FULL_TP,1.173,1.309,False,False,False,2026-02,2026,2,Q1
SOL/USDT,2026-03-05 15:20:00,2026-03-05 15:40:00,LONG,2026-03-05 15:46:00,89.33,89.096,89.564,89.7086,2026-03-05 15:49:00,89.4015,BE_STOP,0.195,0.5,True,False,False,2026-03,2026,3,Q1
SOL/USDT,2026-03-07 08:30:00,2026-03-07 09:00:00,SHORT,2026-03-07 09:11:00,84.43,84.7866,84.0734,83.8529,2026-03-07 11:14:00,84.7866,INITIAL_STOP,-1.189,0.0,False,False,False,2026-03,2026,3,Q1
SOL/USDT,2026-03-07 22:00:00,2026-03-07 22:35:00,SHORT,2026-03-07 22:40:00,82.985,83.4445,82.5255,82.2416,2026-03-08 00:05:00,83.4445,INITIAL_STOP,-1.144,0.0,True,False,False,2026-03,2026,3,Q1
SOL/USDT,2026-03-08 19:15:00,2026-03-08 20:05:00,SHORT,2026-03-08 20:18:00,82.34,82.4935,82.1865,82.0916,2026-03-08 20:30:00,82.2741,BE_STOP,0.071,0.5,False,False,False,2026-03,2026,3,Q1
SOL/USDT,2026-03-08 19:30:00,2026-03-08 20:05:00,SHORT,2026-03-08 20:18:00,82.34,82.6835,81.9965,81.7842,2026-03-08 20:37:00,82.6835,INITIAL_STOP,-1.192,0.0,False,False,False,2026-03,2026,3,Q1
SOL/USDT,2026-03-09 00:35:00,2026-03-09 00:55:00,SHORT,2026-03-09 01:17:00,82.445,83.4137,81.4763,80.8777,2026-03-09 03:08:00,83.4137,INITIAL_STOP,-1.068,0.0,False,False,False,2026-03,2026,3,Q1
SOL/USDT,2026-03-09 03:15:00,2026-03-09 03:25:00,SHORT,2026-03-09 04:45:00,83.815,84.6257,83.0043,82.5033,2026-03-09 07:18:00,82.5033,GRID_B_FULL_TP,1.226,1.309,False,False,False,2026-03,2026,3,Q1
SOL/USDT,2026-03-09 11:20:00,2026-03-09 11:35:00,LONG,2026-03-09 12:26:00,83.435,82.9948,83.8752,84.1472,2026-03-09 12:37:00,84.1472,GRID_B_FULL_TP,1.157,1.309,False,False,False,2026-03,2026,3,Q1
SOL/USDT,2026-03-09 17:40:00,2026-03-09 17:55:00,LONG,2026-03-09 18:02:00,84.925,84.1326,85.7174,86.2071,2026-03-09 19:24:00,86.2071,GRID_B_FULL_TP,1.223,1.309,True,False,False,2026-03,2026,3,Q1
SOL/USDT,2026-03-10 12:30:00,2026-03-10 12:50:00,LONG,2026-03-10 12:56:00,86.625,86.1601,87.0899,87.3773,2026-03-10 13:34:00,86.6943,BE_STOP,0.351,0.5,False,False,False,2026-03,2026,3,Q1
SOL/USDT,2026-03-10 13:35:00,2026-03-10 13:50:00,LONG,2026-03-10 13:55:00,86.28,85.6206,86.9394,87.3469,2026-03-10 14:01:00,85.6206,INITIAL_STOP,-1.105,0.0,False,False,False,2026-03,2026,3,Q1
SOL/USDT,2026-03-10 21:35:00,2026-03-10 21:55:00,LONG,2026-03-10 22:04:00,85.615,85.2516,85.9784,86.203,2026-03-10 22:10:00,85.2516,INITIAL_STOP,-1.188,0.0,False,False,False,2026-03,2026,3,Q1
SOL/USDT,2026-03-13 17:50:00,2026-03-13 18:30:00,LONG,2026-03-13 18:47:00,88.775,88.4468,89.1032,89.306,2026-03-13 19:06:00,88.4468,INITIAL_STOP,-1.216,0.0,False,False,False,2026-03,2026,3,Q1
SOL/USDT,2026-03-16 08:30:00,2026-03-16 09:50:00,LONG,2026-03-16 09:59:00,93.26,92.7501,93.7699,94.085,2026-03-16 12:04:00,94.085,GRID_B_FULL_TP,1.163,1.309,False,False,False,2026-03,2026,3,Q1
SOL/USDT,2026-03-16 23:00:00,2026-03-16 23:30:00,LONG,2026-03-17 00:00:00,95.85,95.5962,96.1038,96.2606,2026-03-17 00:09:00,96.2606,GRID_B_FULL_TP,1.007,1.309,True,False,False,2026-03,2026,3,Q1
SOL/USDT,2026-03-17 04:20:00,2026-03-17 04:50:00,LONG,2026-03-17 05:02:00,93.67,93.3595,93.9805,94.1724,2026-03-17 05:36:00,93.7449,BE_STOP,0.259,0.5,False,False,False,2026-03,2026,3,Q1
SOL/USDT,2026-03-17 09:00:00,2026-03-17 09:20:00,LONG,2026-03-17 09:52:00,94.31,94.0285,94.5915,94.7654,2026-03-17 09:54:00,94.0285,INITIAL_STOP,-1.268,0.0,False,False,False,2026-03,2026,3,Q1
SOL/USDT,2026-03-18 05:05:00,2026-03-18 05:15:00,LONG,2026-03-18 05:20:00,94.24,93.6586,94.8214,95.1806,2026-03-18 10:43:00,93.6586,INITIAL_STOP,-1.13,0.0,False,False,False,2026-03,2026,3,Q1
SOL/USDT,2026-03-19 01:40:00,2026-03-19 02:00:00,SHORT,2026-03-19 02:07:00,90.205,90.5053,89.9047,89.7191,2026-03-19 03:17:00,90.5053,INITIAL_STOP,-1.24,0.0,False,False,False,2026-03,2026,3,Q1
SOL/USDT,2026-03-19 19:10:00,2026-03-19 19:30:00,SHORT,2026-03-19 19:39:00,88.97,89.3935,88.5465,88.2848,2026-03-19 23:00:00,88.8988,BE_STOP,0.332,0.5,True,False,False,2026-03,2026,3,Q1
SOL/USDT,2026-03-22 02:25:00,2026-03-22 03:05:00,SHORT,2026-03-22 03:11:00,88.075,88.6121,87.5379,87.206,2026-03-22 03:28:00,88.6121,INITIAL_STOP,-1.131,0.0,False,False,False,2026-03,2026,3,Q1
SOL/USDT,2026-03-22 13:00:00,2026-03-22 13:40:00,SHORT,2026-03-22 13:54:00,87.265,87.8709,86.6591,86.2847,2026-03-22 21:05:00,86.2847,GRID_B_FULL_TP,1.194,1.309,False,False,False,2026-03,2026,3,Q1
SOL/USDT,2026-03-23 02:25:00,2026-03-23 03:15:00,SHORT,2026-03-23 04:54:00,86.885,87.0503,86.7197,86.6175,2026-03-23 05:00:00,87.0503,INITIAL_STOP,-1.42,0.0,False,False,False,2026-03,2026,3,Q1
SOL/USDT,2026-03-24 03:50:00,2026-03-24 04:00:00,LONG,2026-03-24 04:31:00,90.305,89.8245,90.7855,91.0824,2026-03-24 07:06:00,91.0824,GRID_B_FULL_TP,1.159,1.309,False,False,False,2026-03,2026,3,Q1
SOL/USDT,2026-03-27 19:30:00,2026-03-27 20:30:00,SHORT,2026-03-27 20:43:00,82.625,82.9439,82.3061,82.109,2026-03-27 21:13:00,82.9439,INITIAL_STOP,-1.207,0.0,True,False,False,2026-03,2026,3,Q1
SOL/USDT,2026-03-30 00:15:00,2026-03-30 00:40:00,SHORT,2026-03-30 00:46:00,81.91,83.0029,80.8171,80.1417,2026-03-30 02:07:00,83.0029,INITIAL_STOP,-1.06,0.0,False,False,False,2026-03,2026,3,Q1
SOL/USDT,2026-04-01 00:50:00,2026-04-01 01:20:00,SHORT,2026-04-01 03:07:00,83.125,83.7047,82.5453,82.1871,2026-04-01 04:49:00,83.7047,INITIAL_STOP,-1.115,0.0,False,False,False,2026-04,2026,4,Q2
SOL/USDT,2026-04-01 12:35:00,2026-04-01 13:15:00,LONG,2026-04-01 13:31:00,83.085,82.6954,83.4746,83.7154,2026-04-01 13:42:00,82.6954,INITIAL_STOP,-1.171,0.0,False,False,False,2026-04,2026,4,Q2
SOL/USDT,2026-04-02 00:40:00,2026-04-02 01:05:00,SHORT,2026-04-02 01:11:00,81.49,81.7622,81.2178,81.0495,2026-04-02 01:12:00,81.0495,GRID_B_FULL_TP,1.07,1.309,False,False,False,2026-04,2026,4,Q2
SOL/USDT,2026-04-02 05:55:00,2026-04-02 06:10:00,SHORT,2026-04-02 06:15:00,79.14,79.5487,78.7313,78.4787,2026-04-02 07:33:00,79.5487,INITIAL_STOP,-1.155,0.0,False,False,False,2026-04,2026,4,Q2
SOL/USDT,2026-04-02 16:40:00,2026-04-02 17:00:00,SHORT,2026-04-02 17:16:00,79.47,79.9992,78.9408,78.6137,2026-04-02 17:58:00,78.6137,GRID_B_FULL_TP,1.189,1.309,False,False,False,2026-04,2026,4,Q2
SOL/USDT,2026-04-06 12:10:00,2026-04-06 13:25:00,LONG,2026-04-06 13:36:00,82.33,82.0865,82.5735,82.724,2026-04-06 13:55:00,82.3959,BE_STOP,0.23,0.5,False,False,False,2026-04,2026,4,Q2
SOL/USDT,2026-04-06 14:35:00,2026-04-06 14:55:00,LONG,2026-04-06 15:10:00,82.045,81.6069,82.4831,82.7538,2026-04-06 16:57:00,81.6069,INITIAL_STOP,-1.15,0.0,False,False,False,2026-04,2026,4,Q2
SOL/USDT,2026-04-06 17:00:00,2026-04-06 17:25:00,LONG,2026-04-06 17:42:00,81.515,81.1977,81.8323,82.0283,2026-04-06 18:11:00,82.0283,GRID_B_FULL_TP,1.103,1.309,True,False,False,2026-04,2026,4,Q2
SOL/USDT,2026-04-06 17:10:00,2026-04-06 17:25:00,LONG,2026-04-06 17:42:00,81.515,81.0677,81.9623,82.2387,2026-04-06 19:11:00,81.5802,BE_STOP,0.354,0.5,True,False,False,2026-04,2026,4,Q2
SOL/USDT,2026-04-07 17:35:00,2026-04-07 18:40:00,SHORT,2026-04-07 19:01:00,80.005,81.12,78.89,78.2009,2026-04-07 19:20:00,81.12,INITIAL_STOP,-1.057,0.0,True,False,False,2026-04,2026,4,Q2
SOL/USDT,2026-04-08 05:55:00,2026-04-08 06:15:00,LONG,2026-04-08 07:03:00,84.33,84.0335,84.6265,84.8097,2026-04-08 07:30:00,84.3975,BE_STOP,0.272,0.5,False,False,False,2026-04,2026,4,Q2
SOL/USDT,2026-04-08 06:00:00,2026-04-08 06:15:00,LONG,2026-04-08 07:03:00,84.33,83.7635,84.8965,85.2466,2026-04-08 11:22:00,84.3975,BE_STOP,0.381,0.5,True,False,False,2026-04,2026,4,Q2
SOL/USDT,2026-04-10 21:15:00,2026-04-10 21:55:00,LONG,2026-04-10 22:02:00,85.13,84.8423,85.4177,85.5955,2026-04-10 22:38:00,84.8423,INITIAL_STOP,-1.237,0.0,True,False,False,2026-04,2026,4,Q2
SOL/USDT,2026-04-11 23:00:00,2026-04-11 23:20:00,LONG,2026-04-12 00:04:00,84.855,84.6527,85.0573,85.1823,2026-04-12 01:33:00,84.6527,INITIAL_STOP,-1.336,0.0,True,False,False,2026-04,2026,4,Q2
SOL/USDT,2026-04-14 15:05:00,2026-04-14 15:35:00,LONG,2026-04-14 16:12:00,85.715,85.1214,86.3086,86.6754,2026-04-14 16:51:00,85.1214,INITIAL_STOP,-1.116,0.0,True,False,False,2026-04,2026,4,Q2
SOL/USDT,2026-04-16 02:30:00,2026-04-16 02:50:00,SHORT,2026-04-16 03:06:00,85.31,85.618,85.002,84.8117,2026-04-16 04:50:00,85.2418,BE_STOP,0.278,0.5,False,False,False,2026-04,2026,4,Q2
SOL/USDT,2026-04-16 13:15:00,2026-04-16 13:35:00,SHORT,2026-04-16 15:08:00,85.965,86.3689,85.5611,85.3114,2026-04-16 15:20:00,86.3689,INITIAL_STOP,-1.17,0.0,True,False,False,2026-04,2026,4,Q2
SOL/USDT,2026-04-20 12:20:00,2026-04-20 12:35:00,SHORT,2026-04-20 12:59:00,85.285,85.6679,84.9021,84.6654,2026-04-20 13:32:00,85.2168,BE_STOP,0.322,0.5,True,False,False,2026-04,2026,4,Q2
SOL/USDT,2026-04-22 16:55:00,2026-04-22 17:05:00,LONG,2026-04-22 19:00:00,87.7,87.3984,88.0016,88.1879,2026-04-22 19:33:00,87.3984,INITIAL_STOP,-1.233,0.0,False,False,False,2026-04,2026,4,Q2
SOL/USDT,2026-05-04 13:00:00,2026-05-04 13:10:00,LONG,2026-05-04 13:53:00,83.94,83.4641,84.4159,84.71,2026-05-04 14:33:00,84.71,GRID_B_FULL_TP,1.168,1.309,False,False,False,2026-05,2026,5,Q2
SOL/USDT,2026-05-06 23:00:00,2026-05-06 23:25:00,LONG,2026-05-06 23:31:00,89.085,88.5164,89.6536,90.005,2026-05-07 00:40:00,88.5164,INITIAL_STOP,-1.125,0.0,True,False,False,2026-05,2026,5,Q2
SOL/USDT,2026-05-08 21:10:00,2026-05-08 21:20:00,LONG,2026-05-08 21:25:00,91.975,91.612,92.338,92.5623,2026-05-08 22:06:00,92.5623,GRID_B_FULL_TP,1.106,1.309,True,False,False,2026-05,2026,5,Q2
SOL/USDT,2026-05-09 15:05:00,2026-05-09 15:30:00,LONG,2026-05-09 15:43:00,92.775,92.4208,93.1292,93.348,2026-05-09 16:35:00,92.8492,BE_STOP,0.29,0.5,False,False,False,2026-05,2026,5,Q2
SOL/USDT,2026-05-11 00:50:00,2026-05-11 01:15:00,LONG,2026-05-11 02:07:00,95.705,95.1864,96.2236,96.544,2026-05-11 03:01:00,95.1864,INITIAL_STOP,-1.148,0.0,False,False,False,2026-05,2026,5,Q2
SOL/USDT,2026-05-11 23:20:00,2026-05-11 23:40:00,LONG,2026-05-11 23:46:00,97.36,97.004,97.716,97.9361,2026-05-12 01:15:00,97.004,INITIAL_STOP,-1.219,0.0,True,False,False,2026-05,2026,5,Q2
SOL/USDT,2026-05-12 18:50:00,2026-05-12 19:20:00,SHORT,2026-05-12 19:35:00,94.845,95.1523,94.5377,94.3478,2026-05-12 23:46:00,94.3478,GRID_B_FULL_TP,1.062,1.309,True,False,False,2026-05,2026,5,Q2
SOL/USDT,2026-05-14 23:55:00,2026-05-15 00:10:00,LONG,2026-05-15 00:41:00,92.215,91.9717,92.4583,92.6087,2026-05-15 01:21:00,92.2888,BE_STOP,0.197,0.5,True,False,False,2026-05,2026,5,Q2
SOL/USDT,2026-05-15 01:50:00,2026-05-15 02:45:00,LONG,2026-05-15 03:33:00,91.96,91.5521,92.3679,92.62,2026-05-15 04:48:00,91.5521,INITIAL_STOP,-1.18,0.0,False,False,False,2026-05,2026,5,Q2
SOL/USDT,2026-05-19 06:40:00,2026-05-19 06:50:00,SHORT,2026-05-19 07:09:00,85.41,85.7281,85.0919,84.8953,2026-05-19 08:18:00,85.3417,BE_STOP,0.285,0.5,False,False,False,2026-05,2026,5,Q2
SOL/USDT,2026-05-23 18:10:00,2026-05-23 18:50:00,SHORT,2026-05-23 18:56:00,84.795,85.0272,84.5628,84.4193,2026-05-23 19:19:00,85.0272,INITIAL_STOP,-1.292,0.0,True,False,False,2026-05,2026,5,Q2
SOL/USDT,2026-05-24 01:30:00,2026-05-24 02:25:00,SHORT,2026-05-24 02:47:00,85.935,86.3489,85.5211,85.2653,2026-05-24 06:51:00,86.3489,INITIAL_STOP,-1.166,0.0,False,False,False,2026-05,2026,5,Q2
SOL/USDT,2026-05-26 05:35:00,2026-05-26 05:50:00,SHORT,2026-05-26 06:37:00,84.685,85.097,84.273,84.0183,2026-05-26 09:17:00,84.6173,BE_STOP,0.336,0.5,False,False,False,2026-05,2026,5,Q2
SOL/USDT,2026-05-28 07:15:00,2026-05-28 08:25:00,SHORT,2026-05-28 08:38:00,81.055,81.2916,80.8184,80.6722,2026-05-28 09:48:00,81.2916,INITIAL_STOP,-1.274,0.0,False,False,False,2026-05,2026,5,Q2
SOL/USDT,2026-05-28 12:40:00,2026-05-28 13:10:00,SHORT,2026-05-28 13:30:00,81.055,81.2916,80.8184,80.6722,2026-05-28 13:37:00,80.6722,GRID_B_FULL_TP,1.035,1.309,False,False,False,2026-05,2026,5,Q2
SOL/USDT,2026-06-01 23:15:00,2026-06-01 23:30:00,SHORT,2026-06-01 23:35:00,81.32,81.772,80.868,80.5887,2026-06-02 01:30:00,80.5887,GRID_B_FULL_TP,1.165,1.309,True,False,False,2026-06,2026,6,Q2
SOL/USDT,2026-06-03 05:05:00,2026-06-03 05:25:00,SHORT,2026-06-03 05:51:00,74.67,74.912,74.428,74.2784,2026-06-03 06:13:00,74.912,INITIAL_STOP,-1.247,0.0,False,False,False,2026-06,2026,6,Q2
SOL/USDT,2026-06-03 07:15:00,2026-06-03 08:10:00,SHORT,2026-06-03 08:32:00,75.175,75.5128,74.8372,74.6285,2026-06-03 09:50:00,75.1149,BE_STOP,0.322,0.5,True,False,False,2026-06,2026,6,Q2
SOL/USDT,2026-06-04 14:10:00,2026-06-04 14:20:00,SHORT,2026-06-04 15:06:00,70.275,70.7454,69.8046,69.5139,2026-06-04 15:22:00,69.5139,GRID_B_FULL_TP,1.189,1.309,False,False,False,2026-06,2026,6,Q2
SOL/USDT,2026-06-07 00:30:00,2026-06-07 00:45:00,SHORT,2026-06-07 01:03:00,62.385,62.7336,62.0364,61.821,2026-06-07 01:04:00,62.7336,INITIAL_STOP,-1.143,0.0,False,False,False,2026-06,2026,6,Q2
SOL/USDT,2026-06-07 12:10:00,2026-06-07 12:50:00,LONG,2026-06-07 13:05:00,64.105,63.8638,64.3462,64.4952,2026-06-07 13:16:00,64.1563,BE_STOP,0.287,0.5,True,False,False,2026-06,2026,6,Q2
SOL/USDT,2026-06-07 12:40:00,2026-06-07 12:50:00,LONG,2026-06-07 13:05:00,64.105,63.5738,64.6362,64.9644,2026-06-07 14:23:00,64.9644,GRID_B_FULL_TP,1.212,1.309,False,False,False,2026-06,2026,6,Q2
SOL/USDT,2026-06-08 05:10:00,2026-06-08 06:05:00,LONG,2026-06-08 07:05:00,65.405,65.0619,65.7481,65.9601,2026-06-08 07:26:00,65.9601,GRID_B_FULL_TP,1.156,1.309,False,False,False,2026-06,2026,6,Q2
SOL/USDT,2026-06-09 00:35:00,2026-06-09 01:25:00,LONG,2026-06-09 02:16:00,65.74,65.3714,66.1086,66.3364,2026-06-09 04:34:00,66.3364,GRID_B_FULL_TP,1.166,1.309,False,False,False,2026-06,2026,6,Q2
SOL/USDT,2026-06-10 12:30:00,2026-06-10 13:00:00,SHORT,2026-06-10 13:08:00,64.22,64.7763,63.6637,63.3199,2026-06-10 13:30:00,64.7763,INITIAL_STOP,-1.092,0.0,True,False,False,2026-06,2026,6,Q2
SOL/USDT,2026-06-10 15:50:00,2026-06-10 16:25:00,SHORT,2026-06-10 16:30:00,65.01,65.8675,64.1525,63.6225,2026-06-10 18:35:00,63.6225,GRID_B_FULL_TP,1.248,1.309,True,False,False,2026-06,2026,6,Q2
SOL/USDT,2026-06-11 08:25:00,2026-06-11 09:05:00,SHORT,2026-06-11 09:31:00,65.245,65.6279,64.8621,64.6255,2026-06-11 10:51:00,65.6279,INITIAL_STOP,-1.136,0.0,True,False,False,2026-06,2026,6,Q2
SOL/USDT,2026-06-16 11:30:00,2026-06-16 12:20:00,LONG,2026-06-16 12:41:00,74.87,74.3077,75.4323,75.7798,2026-06-16 13:10:00,74.3077,INITIAL_STOP,-1.107,0.0,False,False,False,2026-06,2026,6,Q2
SOL/USDT,2026-06-19 07:35:00,2026-06-19 21:15:00,LONG,2026-06-19 21:21:00,69.21,67.8862,70.5338,71.3519,2026-06-20 14:45:00,71.3519,GRID_B_FULL_TP,1.267,1.309,True,False,False,2026-06,2026,6,Q2
SOL/USDT,2026-06-23 08:20:00,2026-06-23 08:35:00,LONG,2026-06-23 08:48:00,68.655,68.067,69.243,69.6064,2026-06-24 01:02:00,69.6064,GRID_B_FULL_TP,1.216,1.309,False,False,False,2026-06,2026,6,Q2
SOL/USDT,2026-07-15 16:10:00,2026-07-15 16:30:00,LONG,2026-07-16 06:08:00,77.66,77.4235,77.8965,78.0426,2026-07-16 06:09:00,77.4235,INITIAL_STOP,-1.263,0.0,False,False,False,2026-07,2026,7,Q3
SOL/USDT,2026-07-15 16:20:00,2026-07-15 16:30:00,LONG,2026-07-16 06:08:00,77.66,77.2635,78.0565,78.3015,2026-07-16 06:36:00,77.2635,INITIAL_STOP,-1.157,0.0,False,False,False,2026-07,2026,7,Q3
SOL/USDT,2026-07-27 08:10:00,2026-07-27 09:05:00,SHORT,2026-07-27 09:13:00,76.26,76.5144,76.0056,75.8484,2026-07-27 09:49:00,76.5144,INITIAL_STOP,-1.24,0.0,False,False,False,2026-07,2026,7,Q3
SOL/USDT,2026-08-10 22:00:00,2026-08-10 22:15:00,LONG,2026-08-10 22:22:00,76.27,76.1056,76.4344,76.536,2026-08-10 22:34:00,76.1056,INITIAL_STOP,-1.371,0.0,True,False,False,2026-08,2026,8,Q3
SOL/USDT,2026-08-12 23:50:00,2026-08-13 00:10:00,LONG,2026-08-13 00:33:00,75.69,75.4465,75.9335,76.084,2026-08-13 03:10:00,76.084,GRID_B_FULL_TP,1.06,1.309,False,False,False,2026-08,2026,8,Q3
SOL/USDT,2026-08-18 20:50:00,2026-08-18 21:05:00,LONG,2026-08-18 21:29:00,76.935,76.6346,77.2354,77.4211,2026-08-19 00:04:00,76.9965,BE_STOP,0.295,0.5,True,False,False,2026-08,2026,8,Q3
SOL/USDT,2026-08-19 17:15:00,2026-08-19 17:45:00,LONG,2026-08-19 18:09:00,81.35,80.938,81.762,82.0167,2026-08-19 18:31:00,82.0167,GRID_B_FULL_TP,1.151,1.309,True,False,False,2026-08,2026,8,Q3
SOL/USDT,2026-08-20 12:05:00,2026-08-20 12:55:00,LONG,2026-08-20 13:30:00,86.91,86.4796,87.3404,87.6063,2026-08-20 13:31:00,86.4796,INITIAL_STOP,-1.162,0.0,True,False,False,2026-08,2026,8,Q3
SOL/USDT,2026-08-21 11:30:00,2026-08-21 12:40:00,LONG,2026-08-21 13:17:00,90.635,89.764,91.506,92.0442,2026-08-21 15:04:00,92.0442,GRID_B_FULL_TP,1.226,1.309,True,False,False,2026-08,2026,8,Q3
SOL/USDT,2026-08-22 14:45:00,2026-08-22 16:05:00,LONG,2026-08-22 16:12:00,93.27,93.0001,93.5399,93.7067,2026-08-22 16:17:00,93.7067,GRID_B_FULL_TP,1.033,1.309,False,False,False,2026-08,2026,8,Q3
SOL/USDT,2026-08-26 05:05:00,2026-08-26 05:25:00,LONG,2026-08-26 06:33:00,96.65,96.125,97.175,97.4994,2026-08-26 08:55:00,96.7273,BE_STOP,0.353,0.5,False,False,False,2026-08,2026,8,Q3
SOL/USDT,2026-08-27 10:25:00,2026-08-27 11:05:00,LONG,2026-08-27 11:11:00,104.24,102.9436,105.5364,106.3375,2026-08-27 14:04:00,106.3375,GRID_B_FULL_TP,1.245,1.309,True,False,False,2026-08,2026,8,Q3
SOL/USDT,2026-08-28 02:50:00,2026-08-28 03:20:00,LONG,2026-08-28 03:56:00,106.71,105.9799,107.4401,107.8912,2026-08-28 04:36:00,106.7954,BE_STOP,0.383,0.5,False,False,False,2026-08,2026,8,Q3
SOL/USDT,2026-08-28 08:45:00,2026-08-28 09:10:00,LONG,2026-08-28 09:32:00,106.22,105.7407,106.6993,106.9956,2026-08-28 09:43:00,105.7407,INITIAL_STOP,-1.177,0.0,True,False,False,2026-08,2026,8,Q3
SOL/USDT,2026-08-28 14:00:00,2026-08-28 14:35:00,LONG,2026-08-28 16:01:00,104.945,103.7626,106.1274,106.8582,2026-08-28 16:23:00,103.7626,INITIAL_STOP,-1.071,0.0,True,False,False,2026-08,2026,8,Q3
SOL/USDT,2026-09-02 03:10:00,2026-09-02 04:10:00,SHORT,2026-09-02 04:21:00,100.025,100.68,99.37,98.9651,2026-09-02 08:42:00,98.9651,GRID_B_FULL_TP,1.187,1.309,False,False,False,2026-09,2026,9,Q3
SOL/USDT,2026-09-02 12:20:00,2026-09-02 12:35:00,SHORT,2026-09-02 13:06:00,98.215,98.6073,97.8227,97.5802,2026-09-02 13:42:00,98.6073,INITIAL_STOP,-1.2,0.0,True,False,False,2026-09,2026,9,Q3
SOL/USDT,2026-09-02 16:10:00,2026-09-02 16:35:00,SHORT,2026-09-02 18:08:00,99.49,99.8192,99.1608,98.9573,2026-09-02 19:59:00,99.4104,BE_STOP,0.258,0.5,False,False,False,2026-09,2026,9,Q3
SOL/USDT,2026-09-02 23:55:00,2026-09-03 00:10:00,SHORT,2026-09-03 01:13:00,100.29,100.6804,99.8996,99.6583,2026-09-03 02:31:00,100.6804,INITIAL_STOP,-1.205,0.0,False,False,False,2026-09,2026,9,Q3
SOL/USDT,2026-09-04 00:05:00,2026-09-04 00:35:00,LONG,2026-09-04 00:43:00,103.905,103.4441,104.3659,104.6507,2026-09-04 00:59:00,103.4441,INITIAL_STOP,-1.18,0.0,False,False,False,2026-09,2026,9,Q3
SOL/USDT,2026-09-06 13:20:00,2026-09-06 13:40:00,LONG,2026-09-06 14:17:00,106.21,105.9807,106.4393,106.581,2026-09-06 14:20:00,105.9807,INITIAL_STOP,-1.371,0.0,False,False,False,2026-09,2026,9,Q3
SOL/USDT,2026-09-06 13:30:00,2026-09-06 13:40:00,LONG,2026-09-06 14:17:00,106.21,105.7507,106.6693,106.9532,2026-09-06 14:21:00,105.7507,INITIAL_STOP,-1.185,0.0,False,False,False,2026-09,2026,9,Q3
SOL/USDT,2026-09-07 04:00:00,2026-09-07 04:20:00,LONG,2026-09-07 04:29:00,105.07,104.5824,105.5576,105.8589,2026-09-07 05:55:00,105.1541,BE_STOP,0.328,0.5,False,False,False,2026-09,2026,9,Q3
SOL/USDT,2026-09-08 16:35:00,2026-09-08 17:10:00,SHORT,2026-09-08 18:15:00,104.12,104.8562,103.3838,102.9289,2026-09-08 19:48:00,102.9289,GRID_B_FULL_TP,1.196,1.309,True,False,False,2026-09,2026,9,Q3
BNB/USDT,2024-06-14 14:20:00,2024-06-14 14:55:00,LONG,2024-06-14 15:02:00,605.25,603.6921,606.8079,607.7706,2024-06-14 15:05:00,603.6921,INITIAL_STOP,-1.311,0.0,True,False,False,2024-06,2024,6,Q2
BNB/USDT,2024-06-14 20:30:00,2024-06-14 20:40:00,SHORT,2024-06-14 21:17:00,596.95,599.3954,594.5046,592.9933,2024-06-14 21:27:00,599.3954,INITIAL_STOP,-1.195,0.0,False,False,False,2024-06,2024,6,Q2
BNB/USDT,2024-06-17 18:10:00,2024-06-17 18:45:00,SHORT,2024-06-17 18:51:00,608.7,609.713,607.687,607.0609,2024-06-17 18:59:00,609.713,INITIAL_STOP,-1.481,0.0,False,False,False,2024-06,2024,6,Q2
BNB/USDT,2024-06-18 20:05:00,2024-06-18 20:35:00,SHORT,2024-06-18 20:44:00,581.75,583.6726,579.8274,578.6392,2024-06-18 20:50:00,583.6726,INITIAL_STOP,-1.242,0.0,True,False,False,2024-06,2024,6,Q2
BNB/USDT,2024-06-19 16:35:00,2024-06-19 16:50:00,SHORT,2024-06-19 17:02:00,595.45,597.3932,593.5068,592.3059,2024-06-19 17:10:00,597.3932,INITIAL_STOP,-1.245,0.0,False,False,False,2024-06,2024,6,Q2
BNB/USDT,2024-06-19 21:10:00,2024-06-19 21:45:00,SHORT,2024-06-19 21:50:00,601.85,603.0028,600.6972,599.9848,2024-06-19 22:02:00,599.9848,GRID_B_FULL_TP,0.891,1.309,False,False,False,2024-06,2024,6,Q2
BNB/USDT,2024-06-24 22:00:00,2024-06-24 22:50:00,SHORT,2024-06-24 23:12:00,565.3,566.6479,563.952,563.119,2024-06-24 23:26:00,566.6479,INITIAL_STOP,-1.336,0.0,False,False,False,2024-06,2024,6,Q2
BNB/USDT,2024-06-25 00:50:00,2024-06-25 01:30:00,SHORT,2024-06-25 01:37:00,569.55,570.8543,568.2457,567.4396,2024-06-25 01:50:00,570.8543,INITIAL_STOP,-1.349,0.0,False,False,False,2024-06,2024,6,Q2
BNB/USDT,2024-06-25 23:10:00,2024-06-25 23:30:00,LONG,2024-06-26 00:43:00,576.4,575.2354,577.5646,578.2843,2024-06-26 01:18:00,578.2843,GRID_B_FULL_TP,0.913,1.309,False,False,False,2024-06,2024,6,Q2
BNB/USDT,2024-07-01 14:10:00,2024-07-01 15:05:00,LONG,2024-07-01 15:18:00,578.45,575.5323,581.3677,583.1708,2024-07-01 22:23:00,578.9128,BE_STOP,0.341,0.5,True,False,False,2024-07,2024,7,Q3
BNB/USDT,2024-07-03 21:55:00,2024-07-03 22:25:00,SHORT,2024-07-03 22:31:00,556.95,558.2354,555.6646,554.8702,2024-07-04 00:21:00,556.5044,BE_STOP,0.153,0.5,True,False,False,2024-07,2024,7,Q3
BNB/USDT,2024-07-04 19:20:00,2024-07-04 19:45:00,SHORT,2024-07-04 21:12:00,526.05,528.2891,523.8109,522.4272,2024-07-04 21:25:00,528.2891,INITIAL_STOP,-1.188,0.0,False,False,False,2024-07,2024,7,Q3
BNB/USDT,2024-07-07 09:25:00,2024-07-07 10:15:00,SHORT,2024-07-07 10:22:00,510.15,513.6652,506.6348,504.4624,2024-07-07 13:07:00,504.4624,GRID_B_FULL_TP,1.193,1.309,False,False,False,2024-07,2024,7,Q3
BNB/USDT,2024-07-08 14:30:00,2024-07-08 14:45:00,LONG,2024-07-08 16:17:00,500.0,490.15,509.85,515.9373,2024-07-09 01:16:00,515.9373,GRID_B_FULL_TP,1.268,1.309,False,False,False,2024-07,2024,7,Q3
BNB/USDT,2024-07-11 19:20:00,2024-07-11 19:40:00,LONG,2024-07-11 19:50:00,526.6,525.6101,527.5899,528.2017,2024-07-11 19:56:00,525.6101,INITIAL_STOP,-1.426,0.0,False,False,False,2024-07,2024,7,Q3
BNB/USDT,2024-07-11 20:10:00,2024-07-11 20:40:00,LONG,2024-07-11 20:47:00,524.95,522.7126,527.1874,528.5702,2024-07-12 00:38:00,528.5702,GRID_B_FULL_TP,1.121,1.309,False,False,False,2024-07,2024,7,Q3
BNB/USDT,2024-07-14 10:55:00,2024-07-14 11:30:00,LONG,2024-07-14 12:02:00,536.6,534.8951,538.3049,539.3585,2024-07-14 12:17:00,534.8951,INITIAL_STOP,-1.252,0.0,False,False,False,2024-07,2024,7,Q3
BNB/USDT,2024-07-16 05:50:00,2024-07-16 06:25:00,LONG,2024-07-16 06:32:00,572.1,567.3419,576.8582,579.7987,2024-07-16 06:51:00,567.3419,INITIAL_STOP,-1.096,0.0,False,False,False,2024-07,2024,7,Q3
BNB/USDT,2024-07-16 05:35:00,2024-07-16 06:25:00,LONG,2024-07-16 06:32:00,572.1,570.4418,573.7582,574.7829,2024-07-16 06:44:00,570.4418,INITIAL_STOP,-1.276,0.0,False,False,False,2024-07,2024,7,Q3
BNB/USDT,2024-07-17 02:50:00,2024-07-17 04:05:00,LONG,2024-07-17 04:16:00,580.25,578.4296,582.0704,583.1954,2024-07-17 05:33:00,580.7142,BE_STOP,0.245,0.5,False,False,False,2024-07,2024,7,Q3
BNB/USDT,2024-07-17 07:50:00,2024-07-17 08:30:00,LONG,2024-07-17 08:40:00,578.95,577.7316,580.1684,580.9214,2024-07-17 08:42:00,577.7316,INITIAL_STOP,-1.38,0.0,False,False,False,2024-07,2024,7,Q3
BNB/USDT,2024-07-18 13:05:00,2024-07-18 13:25:00,SHORT,2024-07-18 13:31:00,577.7,579.9665,575.4335,574.0327,2024-07-18 14:15:00,574.0327,GRID_B_FULL_TP,1.105,1.309,True,False,False,2024-07,2024,7,Q3
BNB/USDT,2024-07-19 06:05:00,2024-07-19 06:50:00,SHORT,2024-07-19 06:56:00,573.35,575.46,571.24,569.936,2024-07-19 07:19:00,572.8913,BE_STOP,0.283,0.5,True,False,False,2024-07,2024,7,Q3
BNB/USDT,2024-07-19 11:15:00,2024-07-19 11:40:00,SHORT,2024-07-19 11:48:00,572.45,574.2587,570.6413,569.5236,2024-07-19 12:06:00,574.2587,INITIAL_STOP,-1.253,0.0,True,False,False,2024-07,2024,7,Q3
BNB/USDT,2024-07-20 11:15:00,2024-07-20 11:30:00,LONG,2024-07-20 11:52:00,590.3,589.1146,591.4854,592.2181,2024-07-20 12:15:00,590.7722,BE_STOP,0.102,0.5,False,False,False,2024-07,2024,7,Q3
BNB/USDT,2024-07-23 19:25:00,2024-07-23 19:35:00,SHORT,2024-07-23 20:48:00,583.35,585.675,581.025,579.5881,2024-07-23 22:58:00,582.8833,BE_STOP,0.299,0.5,False,False,False,2024-07,2024,7,Q3
BNB/USDT,2024-07-29 14:00:00,2024-07-29 14:20:00,LONG,2024-07-29 14:25:00,588.7,586.817,590.5831,591.7468,2024-07-29 14:50:00,586.817,INITIAL_STOP,-1.25,0.0,False,False,False,2024-07,2024,7,Q3
BNB/USDT,2024-07-29 16:30:00,2024-07-29 17:10:00,LONG,2024-07-29 17:16:00,575.95,574.0361,577.8639,579.0467,2024-07-29 17:29:00,574.0361,INITIAL_STOP,-1.241,0.0,True,False,False,2024-07,2024,7,Q3
BNB/USDT,2024-08-08 19:55:00,2024-08-08 20:20:00,LONG,2024-08-08 20:51:00,503.65,500.8445,506.4555,508.1893,2024-08-08 21:42:00,508.1893,GRID_B_FULL_TP,1.165,1.309,True,False,False,2024-08,2024,8,Q3
BNB/USDT,2024-08-09 04:45:00,2024-08-09 05:15:00,LONG,2024-08-09 05:25:00,510.95,509.5336,512.3664,513.2418,2024-08-09 06:40:00,513.2418,GRID_B_FULL_TP,1.02,1.309,False,False,False,2024-08,2024,8,Q3
BNB/USDT,2024-08-09 08:10:00,2024-08-09 08:25:00,LONG,2024-08-09 08:40:00,508.6,505.9371,511.2629,512.9086,2024-08-09 10:21:00,505.9371,INITIAL_STOP,-1.153,0.0,True,False,False,2024-08,2024,8,Q3
BNB/USDT,2024-08-09 10:20:00,2024-08-09 10:55:00,LONG,2024-08-09 11:14:00,506.1,501.5409,510.6592,513.4767,2024-08-09 13:35:00,501.5409,INITIAL_STOP,-1.089,0.0,True,False,False,2024-08,2024,8,Q3
BNB/USDT,2024-08-09 13:30:00,2024-08-09 13:50:00,LONG,2024-08-09 14:22:00,503.4,501.8449,504.9551,505.9162,2024-08-09 14:23:00,505.9162,GRID_B_FULL_TP,1.05,1.309,True,False,False,2024-08,2024,8,Q3
BNB/USDT,2024-08-09 14:35:00,2024-08-09 14:50:00,LONG,2024-08-09 15:38:00,502.6,497.9461,507.2539,510.13,2024-08-10 00:19:00,510.13,GRID_B_FULL_TP,1.223,1.309,True,False,False,2024-08,2024,8,Q3
BNB/USDT,2024-08-11 09:50:00,2024-08-11 10:15:00,LONG,2024-08-11 10:20:00,530.45,528.8043,532.0957,533.1127,2024-08-11 10:36:00,528.8043,INITIAL_STOP,-1.258,0.0,False,False,False,2024-08,2024,8,Q3
BNB/USDT,2024-08-11 13:10:00,2024-08-11 13:50:00,LONG,2024-08-11 14:53:00,521.45,517.6178,525.2822,527.6505,2024-08-11 15:08:00,517.6178,INITIAL_STOP,-1.109,0.0,True,False,False,2024-08,2024,8,Q3
BNB/USDT,2024-08-12 14:35:00,2024-08-12 15:25:00,SHORT,2024-08-12 15:40:00,518.3,523.1775,513.4225,510.4083,2024-08-12 18:47:00,510.4083,GRID_B_FULL_TP,1.224,1.309,True,False,False,2024-08,2024,8,Q3
BNB/USDT,2024-08-18 04:30:00,2024-08-18 04:40:00,LONG,2024-08-18 04:45:00,535.7,533.4964,537.9036,539.2653,2024-08-18 06:09:00,539.2653,GRID_B_FULL_TP,1.115,1.309,False,False,False,2024-08,2024,8,Q3
BNB/USDT,2024-08-20 15:00:00,2024-08-20 15:20:00,LONG,2024-08-20 15:28:00,563.65,560.2545,567.0455,569.1439,2024-08-20 15:34:00,560.2545,INITIAL_STOP,-1.133,0.0,False,False,False,2024-08,2024,8,Q3
BNB/USDT,2024-08-25 13:20:00,2024-08-25 13:45:00,SHORT,2024-08-25 14:16:00,576.65,578.065,575.235,574.3606,2024-08-25 14:32:00,576.1887,BE_STOP,0.174,0.5,True,False,False,2024-08,2024,8,Q3
BNB/USDT,2024-08-27 00:35:00,2024-08-27 00:55:00,SHORT,2024-08-27 01:02:00,551.35,553.027,549.673,548.6366,2024-08-27 01:05:00,553.027,INITIAL_STOP,-1.263,0.0,False,False,False,2024-08,2024,8,Q3
BNB/USDT,2024-08-27 13:35:00,2024-08-27 14:10:00,SHORT,2024-08-27 14:28:00,553.05,555.6296,550.4704,548.8762,2024-08-27 16:42:00,548.8762,GRID_B_FULL_TP,1.137,1.309,False,False,False,2024-08,2024,8,Q3
BNB/USDT,2024-08-29 06:00:00,2024-08-29 06:15:00,SHORT,2024-08-29 06:20:00,542.9,545.0144,540.7857,539.479,2024-08-29 09:01:00,542.4657,BE_STOP,0.295,0.5,True,False,False,2024-08,2024,8,Q3
BNB/USDT,2024-08-30 07:25:00,2024-08-30 07:40:00,SHORT,2024-08-30 08:17:00,534.35,536.3015,532.3985,531.1924,2024-08-30 09:09:00,536.3015,INITIAL_STOP,-1.219,0.0,False,False,False,2024-08,2024,8,Q3
BNB/USDT,2024-09-01 18:25:00,2024-09-01 19:15:00,SHORT,2024-09-01 20:11:00,521.55,524.7823,518.3177,516.3201,2024-09-01 22:14:00,516.3201,GRID_B_FULL_TP,1.18,1.309,False,False,False,2024-09,2024,9,Q3
BNB/USDT,2024-09-04 07:40:00,2024-09-04 07:55:00,SHORT,2024-09-04 08:20:00,510.8,513.8662,507.7338,505.8389,2024-09-04 09:08:00,505.8389,GRID_B_FULL_TP,1.176,1.309,False,False,False,2024-09,2024,9,Q3
BNB/USDT,2024-09-04 14:05:00,2024-09-04 14:20:00,SHORT,2024-09-04 14:30:00,502.25,503.8534,500.6466,499.6557,2024-09-04 14:34:00,503.8534,INITIAL_STOP,-1.251,0.0,True,False,False,2024-09,2024,9,Q3
BNB/USDT,2024-09-04 20:00:00,2024-09-04 20:20:00,SHORT,2024-09-04 20:31:00,510.15,511.4652,508.8348,508.022,2024-09-04 20:57:00,511.4652,INITIAL_STOP,-1.31,0.0,False,False,False,2024-09,2024,9,Q3
BNB/USDT,2024-09-05 07:20:00,2024-09-05 07:50:00,SHORT,2024-09-05 07:57:00,506.85,508.5603,505.1397,504.0828,2024-09-05 08:49:00,504.0828,GRID_B_FULL_TP,1.072,1.309,False,False,False,2024-09,2024,9,Q3
BNB/USDT,2024-09-05 23:45:00,2024-09-06 00:35:00,SHORT,2024-09-06 00:56:00,502.6,503.5539,501.6461,501.0566,2024-09-06 01:03:00,502.1979,BE_STOP,0.078,0.5,True,False,False,2024-09,2024,9,Q3
BNB/USDT,2024-09-07 07:30:00,2024-09-07 08:20:00,SHORT,2024-09-07 08:26:00,494.5,496.7418,492.2582,490.8728,2024-09-07 11:37:00,494.1044,BE_STOP,0.324,0.5,True,False,False,2024-09,2024,9,Q3
BNB/USDT,2024-09-09 12:25:00,2024-09-09 12:55:00,LONG,2024-09-09 13:01:00,505.15,502.2423,508.0577,509.8547,2024-09-09 14:31:00,502.2423,INITIAL_STOP,-1.139,0.0,False,False,False,2024-09,2024,9,Q3
BNB/USDT,2024-09-10 00:10:00,2024-09-10 01:05:00,LONG,2024-09-10 01:34:00,516.05,514.8259,517.2741,518.0306,2024-09-10 02:09:00,516.4628,BE_STOP,0.163,0.5,False,False,False,2024-09,2024,9,Q3
BNB/USDT,2024-09-10 21:35:00,2024-09-10 22:10:00,LONG,2024-09-10 23:30:00,519.25,508.4211,530.0789,536.7711,2024-09-11 05:12:00,508.4211,INITIAL_STOP,-1.038,0.0,True,False,False,2024-09,2024,9,Q3
BNB/USDT,2024-09-11 22:20:00,2024-09-11 22:55:00,LONG,2024-09-11 23:23:00,528.8,527.4068,530.1932,531.0542,2024-09-11 23:51:00,531.0542,GRID_B_FULL_TP,1.005,1.309,True,False,False,2024-09,2024,9,Q3
BNB/USDT,2024-09-12 12:40:00,2024-09-12 13:25:00,LONG,2024-09-12 13:49:00,543.4,538.9849,547.8151,550.5436,2024-09-12 14:47:00,543.8347,BE_STOP,0.402,0.5,False,False,False,2024-09,2024,9,Q3
BNB/USDT,2024-09-12 20:10:00,2024-09-12 20:35:00,LONG,2024-09-12 20:41:00,540.0,538.49,541.51,542.4432,2024-09-12 21:33:00,540.432,BE_STOP,0.214,0.5,False,False,False,2024-09,2024,9,Q3
BNB/USDT,2024-09-13 05:25:00,2024-09-13 05:40:00,LONG,2024-09-13 06:09:00,540.55,538.9892,542.1108,543.0754,2024-09-13 06:47:00,538.9892,INITIAL_STOP,-1.277,0.0,False,False,False,2024-09,2024,9,Q3
BNB/USDT,2024-09-17 12:55:00,2024-09-17 13:05:00,SHORT,2024-09-17 14:11:00,544.75,546.9171,542.5829,541.2436,2024-09-17 14:15:00,546.9171,INITIAL_STOP,-1.201,0.0,True,False,False,2024-09,2024,9,Q3
BNB/USDT,2024-09-18 18:00:00,2024-09-18 19:05:00,SHORT,2024-09-18 19:11:00,546.8,555.8202,537.7798,532.2053,2024-09-18 23:10:00,555.8202,INITIAL_STOP,-1.048,0.0,True,False,False,2024-09,2024,9,Q3
BNB/USDT,2024-09-20 08:25:00,2024-09-20 08:45:00,LONG,2024-09-20 10:31:00,570.5,568.8443,572.1557,573.179,2024-09-20 11:26:00,568.8443,INITIAL_STOP,-1.276,0.0,False,False,False,2024-09,2024,9,Q3
BNB/USDT,2024-09-22 02:45:00,2024-09-22 03:10:00,LONG,2024-09-22 05:06:00,582.45,580.0263,584.8737,586.3715,2024-09-22 06:52:00,582.916,BE_STOP,0.308,0.5,False,False,False,2024-09,2024,9,Q3
BNB/USDT,2024-09-22 09:40:00,2024-09-22 10:05:00,LONG,2024-09-22 10:21:00,582.35,580.1265,584.5735,585.9477,2024-09-22 10:42:00,580.1265,INITIAL_STOP,-1.21,0.0,True,False,False,2024-09,2024,9,Q3
BNB/USDT,2024-09-23 22:45:00,2024-09-23 23:15:00,LONG,2024-09-23 23:20:00,606.6,605.4901,607.7099,608.3958,2024-09-23 23:22:00,605.4901,INITIAL_STOP,-1.437,0.0,True,False,False,2024-09,2024,9,Q3
BNB/USDT,2024-09-24 02:10:00,2024-09-24 02:45:00,LONG,2024-09-24 04:44:00,601.9,599.3972,604.4029,605.9496,2024-09-24 08:57:00,605.9496,GRID_B_FULL_TP,1.117,1.309,False,False,False,2024-09,2024,9,Q3
BNB/USDT,2024-09-26 08:30:00,2024-09-26 08:45:00,SHORT,2024-09-26 08:50:00,596.25,597.6944,594.8056,593.913,2024-09-26 09:06:00,593.913,GRID_B_FULL_TP,0.979,1.309,True,False,False,2024-09,2024,9,Q3
BNB/USDT,2024-09-30 20:55:00,2024-09-30 21:40:00,SHORT,2024-09-30 22:04:00,573.85,576.2608,571.4392,569.9494,2024-09-30 23:00:00,569.9494,GRID_B_FULL_TP,1.119,1.309,False,False,False,2024-09,2024,9,Q3
BNB/USDT,2024-10-01 10:10:00,2024-10-01 10:50:00,LONG,2024-10-01 11:24:00,578.8,576.7318,580.8682,582.1463,2024-10-01 12:46:00,576.7318,INITIAL_STOP,-1.224,0.0,False,False,False,2024-10,2024,10,Q4
BNB/USDT,2024-10-02 00:35:00,2024-10-02 00:50:00,SHORT,2024-10-02 01:02:00,550.65,552.226,549.074,548.1001,2024-10-02 01:25:00,552.226,INITIAL_STOP,-1.28,0.0,False,False,False,2024-10,2024,10,Q4
BNB/USDT,2024-10-02 07:35:00,2024-10-02 07:55:00,SHORT,2024-10-02 08:00:00,556.75,559.1351,554.3649,552.8909,2024-10-02 09:26:00,552.8909,GRID_B_FULL_TP,1.122,1.309,True,False,False,2024-10,2024,10,Q4
BNB/USDT,2024-10-03 03:55:00,2024-10-03 04:55:00,SHORT,2024-10-03 05:02:00,549.8,550.7247,548.8753,548.3038,2024-10-03 05:31:00,548.3038,GRID_B_FULL_TP,0.833,1.309,False,False,False,2024-10,2024,10,Q4
BNB/USDT,2024-10-03 14:05:00,2024-10-03 14:25:00,SHORT,2024-10-03 14:35:00,541.35,545.812,536.888,534.1304,2024-10-03 15:52:00,540.9169,BE_STOP,0.403,0.5,False,False,False,2024-10,2024,10,Q4
BNB/USDT,2024-10-03 22:30:00,2024-10-03 22:40:00,SHORT,2024-10-03 22:51:00,544.55,546.7168,542.3832,541.0441,2024-10-04 01:10:00,544.1144,BE_STOP,0.299,0.5,False,False,False,2024-10,2024,10,Q4
BNB/USDT,2024-10-04 06:20:00,2024-10-04 06:45:00,SHORT,2024-10-04 07:23:00,549.05,551.2236,546.8764,545.5332,2024-10-04 08:10:00,551.2236,INITIAL_STOP,-1.202,0.0,True,False,False,2024-10,2024,10,Q4
BNB/USDT,2024-10-05 19:45:00,2024-10-05 20:30:00,LONG,2024-10-05 20:37:00,560.1,558.8599,561.3401,562.1066,2024-10-05 20:48:00,558.8599,INITIAL_STOP,-1.361,0.0,True,False,False,2024-10,2024,10,Q4
BNB/USDT,2024-10-10 05:45:00,2024-10-10 07:05:00,SHORT,2024-10-10 07:12:00,572.25,573.2584,571.2416,570.6184,2024-10-10 07:30:00,570.6184,GRID_B_FULL_TP,0.855,1.309,False,False,False,2024-10,2024,10,Q4
BNB/USDT,2024-10-10 16:00:00,2024-10-10 17:10:00,SHORT,2024-10-10 17:27:00,563.15,568.2447,558.0553,554.9067,2024-10-10 18:08:00,554.9067,GRID_B_FULL_TP,1.221,1.309,True,False,False,2024-10,2024,10,Q4
BNB/USDT,2024-10-12 15:55:00,2024-10-12 16:05:00,LONG,2024-10-12 16:26:00,576.5,574.5353,578.4647,579.679,2024-10-13 01:01:00,576.9612,BE_STOP,0.265,0.5,False,False,False,2024-10,2024,10,Q4
BNB/USDT,2024-10-13 08:15:00,2024-10-13 08:40:00,SHORT,2024-10-13 09:08:00,574.4,575.8616,572.9384,572.0351,2024-10-13 11:02:00,573.9405,BE_STOP,0.186,0.5,False,False,False,2024-10,2024,10,Q4
BNB/USDT,2024-10-14 00:00:00,2024-10-14 00:10:00,SHORT,2024-10-14 01:15:00,571.95,573.4579,570.4421,569.5102,2024-10-14 02:21:00,571.4924,BE_STOP,0.197,0.5,False,False,False,2024-10,2024,10,Q4
BNB/USDT,2024-10-21 09:30:00,2024-10-21 09:55:00,LONG,2024-10-21 10:01:00,606.3,603.8905,608.7094,610.1985,2024-10-21 12:37:00,606.785,BE_STOP,0.299,0.5,False,False,False,2024-10,2024,10,Q4
BNB/USDT,2024-10-21 22:25:00,2024-10-21 23:35:00,SHORT,2024-10-21 23:41:00,599.45,602.3992,596.5008,594.6782,2024-10-22 00:31:00,594.6782,GRID_B_FULL_TP,1.146,1.309,True,False,False,2024-10,2024,10,Q4
BNB/USDT,2024-10-28 17:05:00,2024-10-28 17:35:00,LONG,2024-10-28 17:48:00,591.8,588.0123,595.5877,597.9285,2024-10-28 20:39:00,597.9285,GRID_B_FULL_TP,1.184,1.309,True,False,False,2024-10,2024,10,Q4
BNB/USDT,2024-11-03 04:30:00,2024-11-03 04:45:00,SHORT,2024-11-03 05:03:00,564.05,565.3461,562.7539,561.953,2024-11-03 06:10:00,561.953,GRID_B_FULL_TP,0.961,1.309,False,False,False,2024-11,2024,11,Q4
BNB/USDT,2024-11-05 04:15:00,2024-11-05 04:55:00,SHORT,2024-11-05 05:02:00,557.46,559.0262,555.8938,554.9259,2024-11-05 05:52:00,559.0262,INITIAL_STOP,-1.285,0.0,False,False,False,2024-11,2024,11,Q4
BNB/USDT,2024-11-07 10:30:00,2024-11-07 10:50:00,LONG,2024-11-07 11:43:00,594.03,592.219,595.841,596.9603,2024-11-07 11:59:00,592.219,INITIAL_STOP,-1.262,0.0,False,False,False,2024-11,2024,11,Q4
BNB/USDT,2024-11-07 13:35:00,2024-11-07 14:25:00,LONG,2024-11-07 14:34:00,590.95,589.5136,592.3864,593.2741,2024-11-07 14:44:00,589.5136,INITIAL_STOP,-1.329,0.0,True,False,False,2024-11,2024,11,Q4
BNB/USDT,2024-11-12 05:35:00,2024-11-12 06:45:00,LONG,2024-11-12 06:58:00,648.225,644.4777,651.9723,654.2882,2024-11-12 07:34:00,648.7436,BE_STOP,0.362,0.5,False,False,False,2024-11,2024,11,Q4
BNB/USDT,2024-11-12 10:05:00,2024-11-12 11:20:00,LONG,2024-11-12 11:51:00,627.865,624.5682,631.1618,633.1992,2024-11-12 12:21:00,628.3673,BE_STOP,0.348,0.5,True,False,False,2024-11,2024,11,Q4
BNB/USDT,2024-11-16 06:15:00,2024-11-16 06:25:00,SHORT,2024-11-16 07:01:00,625.355,628.198,622.512,620.755,2024-11-16 09:16:00,624.8547,BE_STOP,0.324,0.5,True,False,False,2024-11,2024,11,Q4
BNB/USDT,2024-11-20 08:15:00,2024-11-20 09:30:00,SHORT,2024-11-20 09:40:00,613.06,615.2096,610.9104,609.582,2024-11-20 10:07:00,615.2096,INITIAL_STOP,-1.228,0.0,False,False,False,2024-11,2024,11,Q4
BNB/USDT,2024-11-22 06:20:00,2024-11-22 07:30:00,LONG,2024-11-22 07:42:00,629.585,627.1456,632.0244,633.5319,2024-11-22 07:58:00,627.1456,INITIAL_STOP,-1.206,0.0,False,False,False,2024-11,2024,11,Q4
BNB/USDT,2024-11-24 11:25:00,2024-11-24 12:05:00,LONG,2024-11-24 12:16:00,653.295,647.0201,659.5699,663.4479,2024-11-24 12:34:00,647.0201,INITIAL_STOP,-1.083,0.0,True,False,False,2024-11,2024,11,Q4
BNB/USDT,2024-11-24 12:35:00,2024-11-24 13:05:00,LONG,2024-11-24 13:10:00,647.38,643.0289,651.7311,654.42,2024-11-24 13:22:00,654.42,GRID_B_FULL_TP,1.19,1.309,True,False,False,2024-11,2024,11,Q4
BNB/USDT,2024-11-26 00:25:00,2024-11-26 00:55:00,SHORT,2024-11-26 01:06:00,642.015,644.163,639.867,638.5395,2024-11-26 01:31:00,644.163,INITIAL_STOP,-1.239,0.0,False,False,False,2024-11,2024,11,Q4
BNB/USDT,2024-11-27 10:40:00,2024-11-27 11:05:00,SHORT,2024-11-27 11:12:00,623.935,626.6659,621.2041,619.5164,2024-11-27 11:20:00,626.6659,INITIAL_STOP,-1.183,0.0,True,False,False,2024-11,2024,11,Q4
BNB/USDT,2024-11-28 03:05:00,2024-11-28 03:50:00,LONG,2024-11-28 04:01:00,650.095,647.9849,652.2051,653.5092,2024-11-28 04:12:00,650.6151,BE_STOP,0.254,0.5,False,False,False,2024-11,2024,11,Q4
BNB/USDT,2024-12-02 14:05:00,2024-12-02 14:15:00,SHORT,2024-12-02 14:27:00,639.66,641.8595,637.4605,636.1012,2024-12-02 14:33:00,641.8595,INITIAL_STOP,-1.233,0.0,True,False,False,2024-12,2024,12,Q4
BNB/USDT,2024-12-04 12:15:00,2024-12-04 12:50:00,LONG,2024-12-04 13:01:00,779.47,769.9508,788.9892,794.8721,2024-12-04 13:20:00,769.9508,INITIAL_STOP,-1.066,0.0,True,False,False,2024-12,2024,12,Q4
BNB/USDT,2024-12-04 14:05:00,2024-12-04 14:35:00,LONG,2024-12-04 14:45:00,771.535,763.5427,779.5273,784.4665,2024-12-04 15:14:00,763.5427,INITIAL_STOP,-1.077,0.0,False,False,False,2024-12,2024,12,Q4
BNB/USDT,2024-12-05 23:25:00,2024-12-05 23:35:00,SHORT,2024-12-05 23:46:00,716.98,721.8555,712.1045,709.0915,2024-12-06 00:40:00,721.8555,INITIAL_STOP,-1.118,0.0,False,False,False,2024-12,2024,12,Q4
BNB/USDT,2024-12-06 04:30:00,2024-12-06 05:05:00,SHORT,2024-12-06 05:16:00,732.295,735.6784,728.9116,726.8206,2024-12-06 05:42:00,726.8206,GRID_B_FULL_TP,1.136,1.309,False,False,False,2024-12,2024,12,Q4
BNB/USDT,2024-12-09 10:55:00,2024-12-09 11:05:00,SHORT,2024-12-09 12:10:00,720.795,723.7412,717.8488,716.0281,2024-12-09 12:19:00,723.7412,INITIAL_STOP,-1.196,0.0,False,False,False,2024-12,2024,12,Q4
BNB/USDT,2024-12-10 06:30:00,2024-12-10 07:05:00,SHORT,2024-12-10 09:01:00,696.175,697.7743,694.5757,693.5874,2024-12-10 09:05:00,695.6181,BE_STOP,0.152,0.5,False,False,False,2024-12,2024,12,Q4
BNB/USDT,2024-12-11 04:30:00,2024-12-11 05:10:00,SHORT,2024-12-11 06:15:00,679.945,682.8899,677.0001,675.1801,2024-12-11 07:08:00,682.8899,INITIAL_STOP,-1.185,0.0,False,False,False,2024-12,2024,12,Q4
BNB/USDT,2024-12-11 11:25:00,2024-12-11 11:40:00,SHORT,2024-12-11 12:00:00,689.6,691.7344,687.4656,686.1465,2024-12-11 12:17:00,689.0483,BE_STOP,0.242,0.5,True,False,False,2024-12,2024,12,Q4
BNB/USDT,2024-12-11 13:30:00,2024-12-11 14:10:00,SHORT,2024-12-11 14:24:00,688.57,696.2329,680.9071,676.1715,2024-12-11 15:12:00,696.2329,INITIAL_STOP,-1.072,0.0,True,False,False,2024-12,2024,12,Q4
BNB/USDT,2024-12-12 05:55:00,2024-12-12 06:25:00,LONG,2024-12-12 07:48:00,715.66,713.8265,717.4935,718.6266,2024-12-12 07:59:00,713.8265,INITIAL_STOP,-1.312,0.0,False,False,False,2024-12,2024,12,Q4
BNB/USDT,2024-12-13 08:55:00,2024-12-13 09:20:00,SHORT,2024-12-13 10:03:00,710.635,715.626,705.644,702.5596,2024-12-13 11:09:00,715.626,INITIAL_STOP,-1.114,0.0,True,False,False,2024-12,2024,12,Q4
BNB/USDT,2024-12-16 02:15:00,2024-12-16 02:35:00,LONG,2024-12-16 02:44:00,713.52,712.1297,714.9103,715.7695,2024-12-16 02:50:00,712.1297,INITIAL_STOP,-1.411,0.0,False,False,False,2024-12,2024,12,Q4
BNB/USDT,2024-12-20 13:30:00,2024-12-20 14:00:00,SHORT,2024-12-20 14:06:00,651.58,653.9774,649.1826,647.7011,2024-12-20 14:14:00,653.9774,INITIAL_STOP,-1.217,0.0,True,False,False,2024-12,2024,12,Q4
BNB/USDT,2024-12-24 06:55:00,2024-12-24 07:15:00,LONG,2024-12-24 08:27:00,689.44,682.3658,696.5142,700.886,2024-12-24 20:05:00,689.9916,BE_STOP,0.422,0.5,True,False,False,2024-12,2024,12,Q4
BNB/USDT,2024-12-25 16:35:00,2024-12-25 16:50:00,LONG,2024-12-25 17:05:00,700.345,697.8595,702.8305,704.3666,2024-12-25 19:22:00,704.3666,GRID_B_FULL_TP,1.084,1.309,False,False,False,2024-12,2024,12,Q4
BNB/USDT,2024-12-26 08:15:00,2024-12-26 08:50:00,LONG,2024-12-26 09:18:00,695.06,693.7574,696.3626,697.1676,2024-12-26 09:28:00,693.7574,INITIAL_STOP,-1.427,0.0,True,False,False,2024-12,2024,12,Q4
BNB/USDT,2024-12-26 08:20:00,2024-12-26 08:50:00,LONG,2024-12-26 09:18:00,695.06,691.2574,698.8626,701.2126,2024-12-26 12:01:00,695.616,BE_STOP,0.354,0.5,True,False,False,2024-12,2024,12,Q4
BNB/USDT,2024-12-28 22:10:00,2024-12-28 22:20:00,LONG,2024-12-28 22:43:00,724.19,721.7237,726.6563,728.1804,2024-12-28 23:37:00,721.7237,INITIAL_STOP,-1.235,0.0,True,False,False,2024-12,2024,12,Q4
BNB/USDT,2024-12-29 09:15:00,2024-12-29 09:50:00,LONG,2024-12-29 11:15:00,712.12,708.7318,715.5082,717.6021,2024-12-29 14:21:00,708.7318,INITIAL_STOP,-1.168,0.0,True,False,False,2024-12,2024,12,Q4
BNB/USDT,2024-12-29 20:05:00,2024-12-29 20:45:00,LONG,2024-12-29 21:12:00,695.69,693.6665,697.7135,698.9641,2024-12-29 21:49:00,693.6665,INITIAL_STOP,-1.275,0.0,True,False,False,2024-12,2024,12,Q4
BNB/USDT,2024-12-29 20:20:00,2024-12-29 20:45:00,LONG,2024-12-29 21:12:00,695.69,692.5665,698.8135,700.7439,2024-12-29 22:10:00,692.5665,INITIAL_STOP,-1.178,0.0,True,False,False,2024-12,2024,12,Q4
BNB/USDT,2025-01-07 11:45:00,2025-01-07 11:55:00,LONG,2025-01-07 12:23:00,724.705,720.8929,728.5171,730.8729,2025-01-07 14:57:00,720.8929,INITIAL_STOP,-1.152,0.0,True,False,False,2025-01,2025,1,Q1
BNB/USDT,2025-01-10 05:35:00,2025-01-10 05:50:00,SHORT,2025-01-10 06:00:00,691.67,693.2675,690.0725,689.0852,2025-01-10 06:55:00,693.2675,INITIAL_STOP,-1.346,0.0,False,False,False,2025-01,2025,1,Q1
BNB/USDT,2025-01-13 22:15:00,2025-01-13 22:30:00,SHORT,2025-01-13 22:59:00,686.34,688.3795,684.3005,683.0401,2025-01-13 23:54:00,688.3795,INITIAL_STOP,-1.269,0.0,False,False,False,2025-01,2025,1,Q1
BNB/USDT,2025-01-17 23:00:00,2025-01-17 23:25:00,LONG,2025-01-18 00:20:00,720.71,718.7989,722.6211,723.8021,2025-01-18 01:08:00,721.2866,BE_STOP,0.198,0.5,True,False,False,2025-01,2025,1,Q1
BNB/USDT,2025-01-18 13:40:00,2025-01-18 14:35:00,SHORT,2025-01-18 15:20:00,704.47,706.0967,702.8433,701.838,2025-01-18 16:15:00,701.838,GRID_B_FULL_TP,0.963,1.309,False,False,False,2025-01,2025,1,Q1
BNB/USDT,2025-01-18 19:50:00,2025-01-18 20:40:00,SHORT,2025-01-18 21:07:00,704.865,706.8873,702.8427,701.5929,2025-01-18 23:05:00,706.8873,INITIAL_STOP,-1.279,0.0,False,False,False,2025-01,2025,1,Q1
BNB/USDT,2025-01-18 20:10:00,2025-01-18 20:40:00,SHORT,2025-01-18 21:07:00,704.865,709.2873,700.4427,697.7097,2025-01-18 23:26:00,709.2873,INITIAL_STOP,-1.128,0.0,False,False,False,2025-01,2025,1,Q1
BNB/USDT,2025-01-19 03:25:00,2025-01-19 03:50:00,LONG,2025-01-19 03:57:00,710.4,708.0544,712.7456,714.1952,2025-01-19 04:17:00,708.0544,INITIAL_STOP,-1.242,0.0,False,False,False,2025-01,2025,1,Q1
BNB/USDT,2025-01-20 05:10:00,2025-01-20 05:35:00,SHORT,2025-01-20 05:41:00,689.48,693.1142,685.8458,683.5998,2025-01-20 06:40:00,693.1142,INITIAL_STOP,-1.152,0.0,False,False,False,2025-01,2025,1,Q1
BNB/USDT,2025-01-21 03:20:00,2025-01-21 03:35:00,SHORT,2025-01-21 03:58:00,682.975,685.8545,680.0955,678.316,2025-01-21 04:26:00,682.4286,BE_STOP,0.31,0.5,False,False,False,2025-01,2025,1,Q1
BNB/USDT,2025-01-23 14:35:00,2025-01-23 14:55:00,SHORT,2025-01-23 15:02:00,690.11,692.2352,687.9848,686.6715,2025-01-23 15:10:00,686.6715,GRID_B_FULL_TP,1.049,1.309,False,False,False,2025-01,2025,1,Q1
BNB/USDT,2025-01-27 09:15:00,2025-01-27 09:25:00,SHORT,2025-01-27 09:36:00,650.105,653.9052,646.3048,643.9563,2025-01-27 11:16:00,649.5849,BE_STOP,0.363,0.5,False,False,False,2025-01,2025,1,Q1
BNB/USDT,2025-01-29 04:05:00,2025-01-29 04:20:00,SHORT,2025-01-29 04:32:00,678.205,681.0273,675.3827,673.6385,2025-01-29 06:17:00,677.6624,BE_STOP,0.308,0.5,False,False,False,2025-01,2025,1,Q1
BNB/USDT,2025-02-05 05:55:00,2025-02-05 06:05:00,SHORT,2025-02-05 06:10:00,577.8,580.8667,574.7333,572.8381,2025-02-05 06:52:00,572.8381,GRID_B_FULL_TP,1.158,1.309,False,False,False,2025-02,2025,2,Q1
BNB/USDT,2025-02-05 12:15:00,2025-02-05 12:50:00,SHORT,2025-02-05 13:17:00,575.79,578.0637,573.5163,572.1112,2025-02-05 14:29:00,578.0637,INITIAL_STOP,-1.203,0.0,False,False,False,2025-02,2025,2,Q1
BNB/USDT,2025-02-09 18:15:00,2025-02-09 18:30:00,LONG,2025-02-09 19:01:00,621.5,619.1578,623.8422,625.2898,2025-02-09 19:07:00,619.1578,INITIAL_STOP,-1.212,0.0,True,False,False,2025-02,2025,2,Q1
BNB/USDT,2025-02-10 12:00:00,2025-02-10 12:15:00,SHORT,2025-02-10 12:23:00,605.84,609.7888,601.8912,599.4509,2025-02-10 13:56:00,609.7888,INITIAL_STOP,-1.123,0.0,False,False,False,2025-02,2025,2,Q1
BNB/USDT,2025-02-12 01:15:00,2025-02-12 01:50:00,LONG,2025-02-12 01:56:00,640.45,637.8793,643.0207,644.6094,2025-02-12 02:29:00,637.8793,INITIAL_STOP,-1.199,0.0,False,False,False,2025-02,2025,2,Q1
BNB/USDT,2025-02-12 13:30:00,2025-02-12 14:40:00,LONG,2025-02-12 15:11:00,641.81,636.8973,646.7227,649.7588,2025-02-12 15:20:00,649.7588,GRID_B_FULL_TP,1.204,1.309,True,False,False,2025-02,2025,2,Q1
BNB/USDT,2025-02-12 13:35:00,2025-02-12 14:40:00,LONG,2025-02-12 15:11:00,641.81,632.2873,651.3327,657.2178,2025-02-12 15:43:00,657.2178,GRID_B_FULL_TP,1.255,1.309,False,False,False,2025-02,2025,2,Q1
BNB/USDT,2025-02-13 14:35:00,2025-02-13 14:50:00,LONG,2025-02-13 16:12:00,696.35,682.9655,709.7345,718.0062,2025-02-13 16:16:00,682.9655,INITIAL_STOP,-1.042,0.0,True,False,False,2025-02,2025,2,Q1
BNB/USDT,2025-02-18 09:55:00,2025-02-18 10:10:00,SHORT,2025-02-18 10:34:00,652.49,655.9587,649.0213,646.8776,2025-02-18 10:49:00,655.9587,INITIAL_STOP,-1.15,0.0,True,False,False,2025-02,2025,2,Q1
BNB/USDT,2025-02-18 19:45:00,2025-02-18 20:00:00,SHORT,2025-02-18 20:12:00,641.26,644.9519,637.5681,635.2865,2025-02-18 21:05:00,644.9519,INITIAL_STOP,-1.139,0.0,True,False,False,2025-02,2025,2,Q1
BNB/USDT,2025-02-18 21:05:00,2025-02-18 21:50:00,SHORT,2025-02-18 22:00:00,643.685,646.8455,640.5245,638.5713,2025-02-18 22:31:00,646.8455,INITIAL_STOP,-1.163,0.0,True,False,False,2025-02,2025,2,Q1
BNB/USDT,2025-02-18 23:50:00,2025-02-19 01:00:00,SHORT,2025-02-19 02:40:00,646.735,649.1201,644.3499,642.8759,2025-02-19 03:46:00,649.1201,INITIAL_STOP,-1.217,0.0,True,False,False,2025-02,2025,2,Q1
BNB/USDT,2025-02-19 04:05:00,2025-02-19 05:00:00,SHORT,2025-02-19 05:09:00,648.19,651.9523,644.4277,642.1026,2025-02-19 05:35:00,651.9523,INITIAL_STOP,-1.138,0.0,False,False,False,2025-02,2025,2,Q1
BNB/USDT,2025-02-21 15:25:00,2025-02-21 16:15:00,LONG,2025-02-21 16:26:00,659.67,654.5605,664.7795,667.9372,2025-02-21 17:09:00,654.5605,INITIAL_STOP,-1.103,0.0,True,False,False,2025-02,2025,2,Q1
BNB/USDT,2025-02-21 15:35:00,2025-02-21 16:15:00,LONG,2025-02-21 16:26:00,659.67,650.5105,668.8295,674.4901,2025-02-21 17:31:00,650.5105,INITIAL_STOP,-1.058,0.0,True,False,False,2025-02,2025,2,Q1
BNB/USDT,2025-02-21 15:40:00,2025-02-21 16:15:00,LONG,2025-02-21 16:26:00,659.67,648.1305,671.2095,678.3409,2025-02-21 17:36:00,648.1305,INITIAL_STOP,-1.046,0.0,True,False,False,2025-02,2025,2,Q1
BNB/USDT,2025-02-21 22:25:00,2025-02-21 23:05:00,SHORT,2025-02-21 23:15:00,644.74,647.5371,641.9429,640.2143,2025-02-22 00:24:00,647.5371,INITIAL_STOP,-1.184,0.0,True,False,False,2025-02,2025,2,Q1
BNB/USDT,2025-02-23 01:40:00,2025-02-23 01:55:00,LONG,2025-02-23 03:05:00,666.975,664.8595,669.0905,670.3978,2025-02-23 04:08:00,664.8595,INITIAL_STOP,-1.252,0.0,False,False,False,2025-02,2025,2,Q1
BNB/USDT,2025-02-23 12:40:00,2025-02-23 13:05:00,LONG,2025-02-23 13:23:00,656.04,655.0159,657.0641,657.6969,2025-02-23 14:03:00,655.0159,INITIAL_STOP,-1.513,0.0,True,False,False,2025-02,2025,2,Q1
BNB/USDT,2025-02-25 20:25:00,2025-02-25 21:10:00,SHORT,2025-02-25 21:20:00,622.13,625.2932,618.9668,617.012,2025-02-25 22:02:00,625.2932,INITIAL_STOP,-1.157,0.0,True,False,False,2025-02,2025,2,Q1
BNB/USDT,2025-02-25 22:05:00,2025-02-25 22:15:00,SHORT,2025-02-25 22:56:00,625.835,629.0088,622.6612,620.6999,2025-02-26 01:16:00,629.0088,INITIAL_STOP,-1.158,0.0,True,False,False,2025-02,2025,2,Q1
BNB/USDT,2025-02-26 01:10:00,2025-02-26 01:20:00,SHORT,2025-02-26 01:28:00,626.845,629.9403,623.7497,621.8369,2025-02-26 03:01:00,629.9403,INITIAL_STOP,-1.162,0.0,False,False,False,2025-02,2025,2,Q1
BNB/USDT,2025-03-02 08:40:00,2025-03-02 09:35:00,LONG,2025-03-02 10:02:00,608.235,607.1776,609.2924,609.9458,2025-03-02 10:06:00,608.7216,BE_STOP,0.04,0.5,False,False,False,2025-03,2025,3,Q1
BNB/USDT,2025-03-03 03:40:00,2025-03-03 03:55:00,LONG,2025-03-03 04:04:00,610.25,606.7546,613.7454,615.9055,2025-03-03 06:03:00,610.7382,BE_STOP,0.36,0.5,False,False,False,2025-03,2025,3,Q1
BNB/USDT,2025-03-03 22:50:00,2025-03-03 23:05:00,SHORT,2025-03-03 23:10:00,577.61,580.4764,574.7436,572.9721,2025-03-04 00:06:00,577.1479,BE_STOP,0.339,0.5,True,False,False,2025-03,2025,3,Q1
BNB/USDT,2025-03-04 20:20:00,2025-03-04 20:35:00,SHORT,2025-03-04 20:44:00,583.485,587.8552,579.1148,576.414,2025-03-04 21:18:00,583.0182,BE_STOP,0.393,0.5,True,False,False,2025-03,2025,3,Q1
BNB/USDT,2025-03-05 07:00:00,2025-03-05 07:35:00,SHORT,2025-03-05 07:50:00,592.745,594.7291,590.7609,589.5347,2025-03-05 08:08:00,594.7291,INITIAL_STOP,-1.239,0.0,True,False,False,2025-03,2025,3,Q1
BNB/USDT,2025-03-11 16:30:00,2025-03-11 16:45:00,SHORT,2025-03-11 16:52:00,550.84,554.2263,547.4537,545.361,2025-03-11 17:36:00,545.361,GRID_B_FULL_TP,1.179,1.309,True,False,False,2025-03,2025,3,Q1
BNB/USDT,2025-03-15 07:20:00,2025-03-15 08:05:00,LONG,2025-03-15 08:18:00,591.27,589.7931,592.7469,593.6596,2025-03-15 08:39:00,593.6596,GRID_B_FULL_TP,0.989,1.309,False,False,False,2025-03,2025,3,Q1
BNB/USDT,2025-03-16 11:40:00,2025-03-16 12:05:00,LONG,2025-03-16 12:18:00,595.69,592.5965,598.7835,600.6953,2025-03-16 12:30:00,600.6953,GRID_B_FULL_TP,1.155,1.309,True,False,False,2025-03,2025,3,Q1
BNB/USDT,2025-03-16 19:10:00,2025-03-16 20:05:00,LONG,2025-03-16 20:27:00,599.51,598.5407,600.4793,601.0783,2025-03-16 20:37:00,601.0783,GRID_B_FULL_TP,0.814,1.309,True,False,False,2025-03,2025,3,Q1
BNB/USDT,2025-03-17 13:05:00,2025-03-17 13:35:00,LONG,2025-03-17 13:47:00,626.895,623.4497,630.3403,632.4696,2025-03-17 14:27:00,632.4696,GRID_B_FULL_TP,1.163,1.309,False,False,False,2025-03,2025,3,Q1
BNB/USDT,2025-03-19 08:15:00,2025-03-19 08:55:00,SHORT,2025-03-19 09:13:00,618.85,622.7083,614.9917,612.6073,2025-03-19 10:33:00,618.3549,BE_STOP,0.372,0.5,False,False,False,2025-03,2025,3,Q1
BNB/USDT,2025-03-19 16:50:00,2025-03-19 17:05:00,SHORT,2025-03-19 17:18:00,613.765,616.4606,611.0694,609.4034,2025-03-19 17:40:00,613.274,BE_STOP,0.318,0.5,False,False,False,2025-03,2025,3,Q1
BNB/USDT,2025-03-19 18:45:00,2025-03-19 19:55:00,SHORT,2025-03-19 21:08:00,616.85,619.0253,614.6747,613.3304,2025-03-19 22:45:00,619.0253,INITIAL_STOP,-1.227,0.0,False,False,False,2025-03,2025,3,Q1
BNB/USDT,2025-03-19 18:55:00,2025-03-19 19:55:00,SHORT,2025-03-19 21:08:00,616.85,623.4253,610.2747,606.2112,2025-03-20 00:55:00,623.4253,INITIAL_STOP,-1.075,0.0,False,False,False,2025-03,2025,3,Q1
BNB/USDT,2025-03-24 03:15:00,2025-03-24 03:45:00,SHORT,2025-03-24 04:00:00,623.58,624.6354,622.5246,621.8724,2025-03-24 04:14:00,624.6354,INITIAL_STOP,-1.473,0.0,False,False,False,2025-03,2025,3,Q1
BNB/USDT,2025-03-25 10:05:00,2025-03-25 10:25:00,LONG,2025-03-25 10:35:00,637.975,635.993,639.957,641.1818,2025-03-25 11:11:00,635.993,INITIAL_STOP,-1.258,0.0,False,False,False,2025-03,2025,3,Q1
BNB/USDT,2025-03-25 10:10:00,2025-03-25 10:25:00,LONG,2025-03-25 10:35:00,637.975,634.663,641.287,643.3338,2025-03-25 11:14:00,634.663,INITIAL_STOP,-1.154,0.0,False,False,False,2025-03,2025,3,Q1
BNB/USDT,2025-03-27 05:10:00,2025-03-27 05:20:00,SHORT,2025-03-27 05:30:00,627.705,629.3916,626.0184,624.9761,2025-03-27 06:03:00,627.2028,BE_STOP,0.202,0.5,False,False,False,2025-03,2025,3,Q1
BNB/USDT,2025-03-28 00:30:00,2025-03-28 01:35:00,LONG,2025-03-28 02:03:00,635.89,633.3862,638.3938,639.9412,2025-03-28 02:52:00,633.3862,INITIAL_STOP,-1.203,0.0,False,False,False,2025-03,2025,3,Q1
BNB/USDT,2025-03-28 08:50:00,2025-03-28 09:25:00,LONG,2025-03-28 11:13:00,628.245,626.3576,630.1324,631.2988,2025-03-28 11:25:00,628.7476,BE_STOP,0.234,0.5,True,False,False,2025-03,2025,3,Q1
BNB/USDT,2025-03-31 01:55:00,2025-03-31 02:25:00,SHORT,2025-03-31 02:35:00,603.55,605.6653,601.4347,600.1274,2025-03-31 02:43:00,605.6653,INITIAL_STOP,-1.228,0.0,False,False,False,2025-03,2025,3,Q1
BNB/USDT,2025-03-31 02:40:00,2025-03-31 02:55:00,SHORT,2025-03-31 03:06:00,604.935,607.2874,602.5826,601.1288,2025-03-31 03:19:00,601.1288,GRID_B_FULL_TP,1.103,1.309,False,False,False,2025-03,2025,3,Q1
BNB/USDT,2025-03-31 17:20:00,2025-03-31 17:40:00,SHORT,2025-03-31 18:12:00,607.525,608.6613,606.3887,605.6865,2025-03-31 19:26:00,605.6865,GRID_B_FULL_TP,0.881,1.309,True,False,False,2025-03,2025,3,Q1
BNB/USDT,2025-04-07 10:15:00,2025-04-07 10:55:00,SHORT,2025-04-07 11:02:00,543.53,548.3353,538.7247,535.755,2025-04-07 12:25:00,543.0952,BE_STOP,0.41,0.5,False,False,False,2025-04,2025,4,Q2
BNB/USDT,2025-04-09 07:25:00,2025-04-09 08:15:00,SHORT,2025-04-09 08:20:00,555.155,558.0027,552.3073,550.5474,2025-04-09 09:30:00,558.0027,INITIAL_STOP,-1.156,0.0,True,False,False,2025-04,2025,4,Q2
BNB/USDT,2025-04-09 09:45:00,2025-04-09 10:05:00,SHORT,2025-04-09 10:14:00,558.75,560.1381,557.3619,556.504,2025-04-09 10:33:00,556.504,GRID_B_FULL_TP,0.987,1.309,True,False,False,2025-04,2025,4,Q2
BNB/USDT,2025-04-11 14:25:00,2025-04-11 14:45:00,LONG,2025-04-11 14:50:00,583.52,579.4147,587.6253,590.1623,2025-04-11 18:05:00,590.1623,GRID_B_FULL_TP,1.195,1.309,True,False,False,2025-04,2025,4,Q2
BNB/USDT,2025-04-16 17:30:00,2025-04-16 17:45:00,SHORT,2025-04-16 18:26:00,582.99,587.8745,578.1055,575.0869,2025-04-17 12:54:00,587.8745,INITIAL_STOP,-1.095,0.0,True,False,False,2025-04,2025,4,Q2
BNB/USDT,2025-04-16 19:50:00,2025-04-16 20:45:00,SHORT,2025-04-16 21:04:00,584.805,586.2372,583.3728,582.4877,2025-04-17 00:00:00,582.4877,GRID_B_FULL_TP,0.982,1.309,True,False,False,2025-04,2025,4,Q2
BNB/USDT,2025-04-17 09:20:00,2025-04-17 10:15:00,SHORT,2025-04-17 10:23:00,585.64,586.6585,584.6215,583.9921,2025-04-17 10:31:00,586.6585,INITIAL_STOP,-1.46,0.0,True,False,False,2025-04,2025,4,Q2
BNB/USDT,2025-04-17 09:40:00,2025-04-17 10:15:00,SHORT,2025-04-17 10:23:00,585.64,587.5685,583.7115,582.5198,2025-04-17 12:27:00,587.5685,INITIAL_STOP,-1.243,0.0,True,False,False,2025-04,2025,4,Q2
BNB/USDT,2025-04-21 11:20:00,2025-04-21 12:15:00,LONG,2025-04-21 12:51:00,601.495,599.3178,603.6722,605.0178,2025-04-21 13:56:00,601.9762,BE_STOP,0.279,0.5,False,False,False,2025-04,2025,4,Q2
BNB/USDT,2025-04-24 10:55:00,2025-04-24 11:35:00,SHORT,2025-04-24 11:42:00,597.365,599.246,595.484,594.3215,2025-04-24 13:30:00,599.246,INITIAL_STOP,-1.254,0.0,True,False,False,2025-04,2025,4,Q2
BNB/USDT,2025-04-25 10:35:00,2025-04-25 11:05:00,LONG,2025-04-25 11:11:00,605.62,604.5316,606.7084,607.3811,2025-04-25 11:30:00,604.5316,INITIAL_STOP,-1.445,0.0,True,False,False,2025-04,2025,4,Q2
BNB/USDT,2025-04-27 18:25:00,2025-04-27 18:55:00,SHORT,2025-04-27 19:03:00,603.525,604.6553,602.3947,601.6962,2025-04-27 19:07:00,604.6553,INITIAL_STOP,-1.427,0.0,False,False,False,2025-04,2025,4,Q2
BNB/USDT,2025-04-30 12:45:00,2025-04-30 12:55:00,LONG,2025-04-30 13:00:00,600.0,597.6,602.4,603.8832,2025-04-30 13:13:00,597.6,INITIAL_STOP,-1.2,0.0,True,False,False,2025-04,2025,4,Q2
BNB/USDT,2025-05-01 22:30:00,2025-05-01 23:20:00,LONG,2025-05-01 23:37:00,598.905,597.8216,599.9884,600.6579,2025-05-02 00:07:00,599.3841,BE_STOP,0.058,0.5,True,False,False,2025-05,2025,5,Q2
BNB/USDT,2025-05-09 09:25:00,2025-05-09 10:10:00,LONG,2025-05-09 10:20:00,632.005,627.882,636.128,638.676,2025-05-09 11:10:00,638.676,GRID_B_FULL_TP,1.186,1.309,True,False,False,2025-05,2025,5,Q2
BNB/USDT,2025-05-10 10:55:00,2025-05-10 11:10:00,LONG,2025-05-10 11:17:00,656.05,654.5159,657.5841,658.5321,2025-05-10 11:33:00,654.5159,INITIAL_STOP,-1.342,0.0,True,False,False,2025-05,2025,5,Q2
BNB/USDT,2025-05-10 15:10:00,2025-05-10 15:30:00,LONG,2025-05-10 15:36:00,651.825,648.1823,655.4677,657.7189,2025-05-10 17:39:00,657.7189,GRID_B_FULL_TP,1.166,1.309,True,False,False,2025-05,2025,5,Q2
BNB/USDT,2025-05-11 07:05:00,2025-05-11 08:05:00,LONG,2025-05-11 08:30:00,656.47,653.7253,659.2147,660.9109,2025-05-11 12:44:00,656.9952,BE_STOP,0.309,0.5,True,False,False,2025-05,2025,5,Q2
BNB/USDT,2025-05-11 16:05:00,2025-05-11 16:25:00,LONG,2025-05-11 16:38:00,650.605,646.8541,654.3559,656.674,2025-05-11 20:08:00,651.1255,BE_STOP,0.361,0.5,True,False,False,2025-05,2025,5,Q2
BNB/USDT,2025-05-12 18:05:00,2025-05-12 19:05:00,LONG,2025-05-12 19:27:00,658.055,654.7129,661.3971,663.4625,2025-05-12 21:40:00,663.4625,GRID_B_FULL_TP,1.151,1.309,True,False,False,2025-05,2025,5,Q2
BNB/USDT,2025-05-13 07:15:00,2025-05-13 07:35:00,SHORT,2025-05-13 08:05:00,650.67,653.516,647.824,646.0652,2025-05-13 11:33:00,653.516,INITIAL_STOP,-1.183,0.0,False,False,False,2025-05,2025,5,Q2
BNB/USDT,2025-05-15 04:50:00,2025-05-15 06:00:00,SHORT,2025-05-15 06:06:00,649.505,652.3743,646.6357,644.8625,2025-05-15 07:26:00,644.8625,GRID_B_FULL_TP,1.128,1.309,False,False,False,2025-05,2025,5,Q2
BNB/USDT,2025-05-23 06:45:00,2025-05-23 07:00:00,LONG,2025-05-23 07:47:00,683.72,681.3944,686.0456,687.4828,2025-05-23 10:10:00,684.267,BE_STOP,0.265,0.5,True,False,False,2025-05,2025,5,Q2
BNB/USDT,2025-05-23 08:00:00,2025-05-23 08:40:00,LONG,2025-05-23 10:13:00,683.875,680.9142,686.8358,688.6656,2025-05-23 11:21:00,680.9142,INITIAL_STOP,-1.185,0.0,True,False,False,2025-05,2025,5,Q2
BNB/USDT,2025-05-24 06:00:00,2025-05-24 06:20:00,SHORT,2025-05-24 06:25:00,669.035,670.5936,667.4764,666.5133,2025-05-24 06:37:00,668.4998,BE_STOP,0.157,0.5,True,False,False,2025-05,2025,5,Q2
BNB/USDT,2025-05-24 07:05:00,2025-05-24 07:45:00,SHORT,2025-05-24 08:01:00,668.81,672.6232,664.9968,662.6402,2025-05-24 09:04:00,672.6232,INITIAL_STOP,-1.14,0.0,True,False,False,2025-05,2025,5,Q2
BNB/USDT,2025-05-24 10:40:00,2025-05-24 11:20:00,SHORT,2025-05-24 11:30:00,675.15,677.1727,673.1273,671.8772,2025-05-24 13:57:00,671.8772,GRID_B_FULL_TP,1.042,1.309,True,False,False,2025-05,2025,5,Q2
BNB/USDT,2025-05-24 18:10:00,2025-05-24 18:45:00,SHORT,2025-05-24 19:07:00,676.07,677.7541,674.3859,673.3451,2025-05-24 20:48:00,673.3451,GRID_B_FULL_TP,0.988,1.309,True,False,False,2025-05,2025,5,Q2
BNB/USDT,2025-05-25 11:05:00,2025-05-25 11:35:00,SHORT,2025-05-25 11:49:00,662.125,663.8132,660.4368,659.3935,2025-05-25 12:30:00,663.8132,INITIAL_STOP,-1.314,0.0,False,False,False,2025-05,2025,5,Q2
BNB/USDT,2025-05-26 16:00:00,2025-05-26 16:20:00,SHORT,2025-05-26 16:55:00,676.365,678.1145,674.6155,673.5342,2025-05-26 17:17:00,673.5342,GRID_B_FULL_TP,1.0,1.309,True,False,False,2025-05,2025,5,Q2
BNB/USDT,2025-05-27 10:40:00,2025-05-27 11:25:00,LONG,2025-05-27 11:35:00,680.87,678.7187,683.0213,684.3508,2025-05-27 13:04:00,684.3508,GRID_B_FULL_TP,1.056,1.309,True,False,False,2025-05,2025,5,Q2
BNB/USDT,2025-05-28 02:00:00,2025-05-28 02:35:00,LONG,2025-05-28 02:50:00,683.52,681.5747,685.4653,686.6675,2025-05-28 03:08:00,681.5747,INITIAL_STOP,-1.281,0.0,False,False,False,2025-05,2025,5,Q2
BNB/USDT,2025-05-28 03:05:00,2025-05-28 03:15:00,LONG,2025-05-28 03:25:00,682.52,680.4762,684.5638,685.8268,2025-05-28 04:03:00,683.066,BE_STOP,0.233,0.5,False,False,False,2025-05,2025,5,Q2
BNB/USDT,2025-05-31 13:00:00,2025-05-31 13:20:00,SHORT,2025-05-31 13:26:00,657.9,659.0268,656.7732,656.0768,2025-05-31 14:04:00,657.3737,BE_STOP,0.033,0.5,True,False,False,2025-05,2025,5,Q2
BNB/USDT,2025-06-03 12:05:00,2025-06-03 13:15:00,LONG,2025-06-03 13:31:00,664.575,661.6631,667.4869,669.2864,2025-06-03 16:56:00,665.1067,BE_STOP,0.317,0.5,True,False,False,2025-06,2025,6,Q2
BNB/USDT,2025-06-07 05:40:00,2025-06-07 06:05:00,SHORT,2025-06-07 06:36:00,647.53,648.7713,646.2887,645.5216,2025-06-07 06:51:00,648.7713,INITIAL_STOP,-1.417,0.0,False,False,False,2025-06,2025,6,Q2
BNB/USDT,2025-06-18 20:50:00,2025-06-18 21:10:00,SHORT,2025-06-18 21:19:00,643.705,645.7556,641.6544,640.3872,2025-06-19 00:32:00,645.7556,INITIAL_STOP,-1.251,0.0,True,False,False,2025-06,2025,6,Q2
BNB/USDT,2025-06-23 20:20:00,2025-06-23 20:35:00,SHORT,2025-06-23 20:41:00,633.7,635.4905,631.9095,630.8029,2025-06-23 21:15:00,633.193,BE_STOP,0.217,0.5,True,False,False,2025-06,2025,6,Q2
BNB/USDT,2025-06-25 14:25:00,2025-06-25 14:40:00,LONG,2025-06-25 14:56:00,646.09,643.5509,648.6291,650.1983,2025-06-25 15:27:00,643.5509,INITIAL_STOP,-1.204,0.0,False,False,False,2025-06,2025,6,Q2
BNB/USDT,2025-06-26 04:40:00,2025-06-26 05:00:00,LONG,2025-06-26 05:30:00,646.885,645.5497,648.2203,649.0456,2025-06-26 06:59:00,645.5497,INITIAL_STOP,-1.388,0.0,False,False,False,2025-06,2025,6,Q2
BNB/USDT,2025-07-11 15:55:00,2025-07-11 16:30:00,LONG,2025-07-11 16:36:00,690.195,685.1447,695.2453,698.3664,2025-07-11 21:09:00,690.7472,BE_STOP,0.391,0.5,False,False,False,2025-07,2025,7,Q3
BNB/USDT,2025-07-14 19:10:00,2025-07-14 19:25:00,LONG,2025-07-14 19:51:00,689.325,686.836,691.814,693.3522,2025-07-14 20:15:00,686.836,INITIAL_STOP,-1.222,0.0,True,False,False,2025-07,2025,7,Q3
BNB/USDT,2025-07-18 15:40:00,2025-07-18 15:50:00,LONG,2025-07-18 16:15:00,735.955,730.2161,741.6939,745.2406,2025-07-18 17:17:00,745.2406,GRID_B_FULL_TP,1.206,1.309,False,False,False,2025-07,2025,7,Q3
BNB/USDT,2025-07-18 19:00:00,2025-07-18 19:20:00,LONG,2025-07-18 19:31:00,732.985,730.2405,735.7295,737.4256,2025-07-18 20:01:00,730.2405,INITIAL_STOP,-1.214,0.0,False,False,False,2025-07,2025,7,Q3
BNB/USDT,2025-07-19 00:55:00,2025-07-19 01:25:00,LONG,2025-07-19 02:05:00,723.2,720.8752,725.5248,726.9615,2025-07-19 02:20:00,726.9615,GRID_B_FULL_TP,1.06,1.309,False,False,False,2025-07,2025,7,Q3
BNB/USDT,2025-07-23 17:15:00,2025-07-23 18:25:00,LONG,2025-07-23 18:30:00,771.745,759.8424,783.6476,791.0034,2025-07-23 20:34:00,759.8424,INITIAL_STOP,-1.052,0.0,True,False,False,2025-07,2025,7,Q3
BNB/USDT,2025-07-25 08:20:00,2025-07-25 08:35:00,SHORT,2025-07-25 08:48:00,765.68,768.8685,762.4915,760.521,2025-07-25 09:29:00,768.8685,INITIAL_STOP,-1.192,0.0,False,False,False,2025-07,2025,7,Q3
BNB/USDT,2025-07-25 10:00:00,2025-07-25 10:10:00,SHORT,2025-07-25 11:18:00,770.8,774.4062,767.1938,764.9652,2025-07-25 12:03:00,774.4062,INITIAL_STOP,-1.171,0.0,True,False,False,2025-07,2025,7,Q3
BNB/USDT,2025-07-25 12:00:00,2025-07-25 12:25:00,SHORT,2025-07-25 12:30:00,773.525,781.1603,765.8897,761.1711,2025-07-25 14:58:00,761.1711,GRID_B_FULL_TP,1.228,1.309,True,False,False,2025-07,2025,7,Q3
BNB/USDT,2025-07-28 18:00:00,2025-07-28 18:40:00,LONG,2025-07-28 18:46:00,828.99,827.1965,830.7835,831.8919,2025-07-28 18:52:00,829.6532,BE_STOP,0.13,0.5,True,False,False,2025-07,2025,7,Q3
BNB/USDT,2025-07-29 10:40:00,2025-07-29 11:25:00,LONG,2025-07-29 11:42:00,824.725,822.2729,827.1771,828.6925,2025-07-29 11:50:00,825.3848,BE_STOP,0.231,0.5,False,False,False,2025-07,2025,7,Q3
BNB/USDT,2025-07-29 21:55:00,2025-07-29 22:05:00,SHORT,2025-07-29 22:47:00,805.12,810.4677,799.7723,796.4675,2025-07-30 00:43:00,796.4675,GRID_B_FULL_TP,1.189,1.309,True,False,False,2025-07,2025,7,Q3
BNB/USDT,2025-08-01 12:05:00,2025-08-01 12:20:00,SHORT,2025-08-01 12:30:00,771.885,775.5878,768.1822,765.8938,2025-08-01 12:33:00,775.5878,INITIAL_STOP,-1.167,0.0,True,False,False,2025-08,2025,8,Q3
BNB/USDT,2025-08-03 00:55:00,2025-08-03 01:50:00,SHORT,2025-08-03 02:01:00,740.395,742.5106,738.2794,736.972,2025-08-03 02:11:00,742.5106,INITIAL_STOP,-1.28,0.0,False,False,False,2025-08,2025,8,Q3
BNB/USDT,2025-08-03 02:55:00,2025-08-03 03:30:00,SHORT,2025-08-03 03:38:00,742.95,745.3144,740.5856,739.1244,2025-08-03 06:01:00,745.3144,INITIAL_STOP,-1.251,0.0,False,False,False,2025-08,2025,8,Q3
BNB/USDT,2025-08-04 11:20:00,2025-08-04 12:10:00,LONG,2025-08-04 13:28:00,755.82,753.5663,758.0737,759.4665,2025-08-04 13:42:00,759.4665,GRID_B_FULL_TP,1.041,1.309,False,False,False,2025-08,2025,8,Q3
BNB/USDT,2025-08-05 01:45:00,2025-08-05 02:05:00,LONG,2025-08-05 02:14:00,764.105,762.7538,765.4562,766.2912,2025-08-05 02:51:00,766.2912,GRID_B_FULL_TP,0.857,1.309,False,False,False,2025-08,2025,8,Q3
BNB/USDT,2025-08-05 03:35:00,2025-08-05 04:10:00,LONG,2025-08-05 04:19:00,761.195,759.9082,762.4818,763.277,2025-08-05 05:05:00,763.277,GRID_B_FULL_TP,0.836,1.309,False,False,False,2025-08,2025,8,Q3
BNB/USDT,2025-08-05 07:35:00,2025-08-05 08:20:00,LONG,2025-08-05 08:36:00,757.825,754.0133,761.6367,763.9924,2025-08-05 10:28:00,763.9924,GRID_B_FULL_TP,1.15,1.309,True,False,False,2025-08,2025,8,Q3
BNB/USDT,2025-08-06 23:15:00,2025-08-06 23:35:00,LONG,2025-08-07 00:08:00,769.285,766.6861,771.8839,773.4901,2025-08-07 01:26:00,773.4901,GRID_B_FULL_TP,1.072,1.309,True,False,False,2025-08,2025,8,Q3
BNB/USDT,2025-08-10 06:15:00,2025-08-10 06:40:00,LONG,2025-08-10 06:49:00,807.355,805.839,808.871,809.8079,2025-08-10 07:05:00,809.8079,GRID_B_FULL_TP,0.883,1.309,False,False,False,2025-08,2025,8,Q3
BNB/USDT,2025-08-18 17:30:00,2025-08-18 18:05:00,SHORT,2025-08-18 18:32:00,845.06,849.0976,841.0224,838.5272,2025-08-18 22:05:00,849.0976,INITIAL_STOP,-1.167,0.0,False,False,False,2025-08,2025,8,Q3
BNB/USDT,2025-08-19 02:50:00,2025-08-19 03:40:00,SHORT,2025-08-19 04:48:00,848.16,853.2222,843.0978,839.9693,2025-08-19 05:29:00,847.4815,BE_STOP,0.366,0.5,False,False,False,2025-08,2025,8,Q3
BNB/USDT,2025-08-21 12:50:00,2025-08-21 13:05:00,LONG,2025-08-21 13:30:00,849.195,845.2362,853.1538,855.6003,2025-08-21 13:46:00,849.8744,BE_STOP,0.328,0.5,True,False,False,2025-08,2025,8,Q3
BNB/USDT,2025-08-23 14:40:00,2025-08-23 15:05:00,LONG,2025-08-23 15:11:00,889.515,887.2057,891.8243,893.2514,2025-08-23 16:20:00,887.2057,INITIAL_STOP,-1.308,0.0,False,False,False,2025-08,2025,8,Q3
BNB/USDT,2025-08-26 12:35:00,2025-08-26 12:55:00,SHORT,2025-08-26 13:31:00,847.64,850.8215,844.4585,842.4924,2025-08-26 13:49:00,842.4924,GRID_B_FULL_TP,1.096,1.309,True,False,False,2025-08,2025,8,Q3
BNB/USDT,2025-08-26 12:40:00,2025-08-26 12:55:00,SHORT,2025-08-26 13:31:00,847.64,852.1315,843.1485,840.3728,2025-08-26 13:50:00,840.3728,GRID_B_FULL_TP,1.158,1.309,True,False,False,2025-08,2025,8,Q3
BNB/USDT,2025-09-10 15:30:00,2025-09-10 16:50:00,LONG,2025-09-10 17:19:00,897.265,893.1841,901.3459,903.8679,2025-09-10 19:14:00,893.1841,INITIAL_STOP,-1.176,0.0,True,False,False,2025-09,2025,9,Q3
BNB/USDT,2025-09-11 12:30:00,2025-09-11 12:50:00,LONG,2025-09-11 13:01:00,899.995,891.54,908.45,913.6752,2025-09-11 15:45:00,891.54,INITIAL_STOP,-1.085,0.0,True,False,False,2025-09,2025,9,Q3
BNB/USDT,2025-09-13 13:50:00,2025-09-13 14:20:00,LONG,2025-09-13 14:32:00,936.53,930.7952,942.2648,945.8089,2025-09-13 15:54:00,937.2792,BE_STOP,0.369,0.5,True,False,False,2025-09,2025,9,Q3
BNB/USDT,2025-09-14 14:40:00,2025-09-14 15:15:00,LONG,2025-09-14 15:58:00,924.465,922.8533,926.0767,927.0727,2025-09-14 16:06:00,927.0727,GRID_B_FULL_TP,0.85,1.309,True,False,False,2025-09,2025,9,Q3
BNB/USDT,2025-09-17 12:40:00,2025-09-17 13:05:00,LONG,2025-09-17 13:33:00,952.2,949.0117,955.3883,957.3587,2025-09-17 14:26:00,949.0117,INITIAL_STOP,-1.239,0.0,False,False,False,2025-09,2025,9,Q3
BNB/USDT,2025-09-22 00:30:00,2025-09-22 01:30:00,LONG,2025-09-22 02:07:00,1034.485,1028.0583,1040.9117,1044.8834,2025-09-22 02:32:00,1028.0583,INITIAL_STOP,-1.129,0.0,False,False,False,2025-09,2025,9,Q3
BNB/USDT,2025-09-25 12:45:00,2025-09-25 13:00:00,SHORT,2025-09-25 13:15:00,990.855,995.0163,986.6937,984.122,2025-09-25 13:18:00,995.0163,INITIAL_STOP,-1.19,0.0,False,False,False,2025-09,2025,9,Q3
BNB/USDT,2025-09-26 08:05:00,2025-09-26 08:40:00,SHORT,2025-09-26 09:14:00,948.86,952.5433,945.1767,942.9004,2025-09-26 09:33:00,942.9004,GRID_B_FULL_TP,1.103,1.309,False,False,False,2025-09,2025,9,Q3
BNB/USDT,2025-10-08 02:05:00,2025-10-08 02:25:00,LONG,2025-10-08 02:30:00,1289.845,1284.9152,1294.7748,1297.8214,2025-10-08 02:45:00,1284.9152,INITIAL_STOP,-1.209,0.0,False,False,False,2025-10,2025,10,Q4
BNB/USDT,2025-10-08 03:20:00,2025-10-08 04:15:00,LONG,2025-10-08 05:20:00,1276.445,1273.4653,1279.4247,1281.2661,2025-10-08 05:26:00,1273.4653,INITIAL_STOP,-1.343,0.0,False,False,False,2025-10,2025,10,Q4
BNB/USDT,2025-10-08 13:45:00,2025-10-08 13:55:00,LONG,2025-10-08 14:15:00,1302.71,1290.4359,1314.9841,1322.5694,2025-10-08 15:20:00,1290.4359,INITIAL_STOP,-1.085,0.0,False,False,False,2025-10,2025,10,Q4
BNB/USDT,2025-10-08 21:50:00,2025-10-08 22:00:00,LONG,2025-10-08 22:46:00,1305.22,1298.9922,1311.4478,1315.2966,2025-10-08 23:06:00,1298.9922,INITIAL_STOP,-1.168,0.0,False,False,False,2025-10,2025,10,Q4
BNB/USDT,2025-10-10 19:55:00,2025-10-10 20:35:00,SHORT,2025-10-10 20:42:00,1232.2,1248.8883,1215.5117,1205.1983,2025-10-10 20:56:00,1205.1983,GRID_B_FULL_TP,1.25,1.309,True,False,False,2025-10,2025,10,Q4
BNB/USDT,2025-10-11 15:10:00,2025-10-11 15:35:00,SHORT,2025-10-11 15:54:00,1148.29,1160.0024,1136.5776,1129.3393,2025-10-11 16:17:00,1147.3714,BE_STOP,0.422,0.5,True,False,False,2025-10,2025,10,Q4
BNB/USDT,2025-10-12 03:20:00,2025-10-12 03:50:00,SHORT,2025-10-12 04:07:00,1125.025,1129.2475,1120.8025,1118.1929,2025-10-12 04:18:00,1129.2475,INITIAL_STOP,-1.213,0.0,False,False,False,2025-10,2025,10,Q4
BNB/USDT,2025-10-12 21:30:00,2025-10-12 22:00:00,LONG,2025-10-12 22:05:00,1289.98,1278.065,1301.895,1309.2584,2025-10-12 22:42:00,1278.065,INITIAL_STOP,-1.087,0.0,True,False,False,2025-10,2025,10,Q4
BNB/USDT,2025-10-13 11:25:00,2025-10-13 11:40:00,LONG,2025-10-13 11:46:00,1291.055,1266.0734,1316.0366,1331.4752,2025-10-13 14:27:00,1266.0734,INITIAL_STOP,-1.041,0.0,True,False,False,2025-10,2025,10,Q4
BNB/USDT,2025-10-14 16:10:00,2025-10-14 17:00:00,SHORT,2025-10-14 17:05:00,1218.575,1231.8279,1205.3221,1197.1319,2025-10-14 19:44:00,1197.1319,GRID_B_FULL_TP,1.235,1.309,True,False,False,2025-10,2025,10,Q4
BNB/USDT,2025-10-21 11:50:00,2025-10-21 12:00:00,SHORT,2025-10-21 12:06:00,1077.49,1081.2962,1073.6838,1071.3315,2025-10-21 12:21:00,1081.2962,INITIAL_STOP,-1.226,0.0,False,False,False,2025-10,2025,10,Q4
BNB/USDT,2025-10-21 14:20:00,2025-10-21 14:30:00,SHORT,2025-10-21 14:47:00,1087.615,1094.4014,1080.8286,1076.6346,2025-10-21 14:55:00,1094.4014,INITIAL_STOP,-1.128,0.0,False,False,False,2025-10,2025,10,Q4
BNB/USDT,2025-10-24 07:50:00,2025-10-24 08:40:00,LONG,2025-10-24 10:21:00,1124.77,1120.1128,1129.4272,1132.3053,2025-10-24 12:30:00,1132.3053,GRID_B_FULL_TP,1.116,1.309,True,False,False,2025-10,2025,10,Q4
BNB/USDT,2025-10-26 14:55:00,2025-10-26 15:10:00,LONG,2025-10-26 16:16:00,1129.205,1125.0762,1133.3338,1135.8854,2025-10-26 16:57:00,1125.0762,INITIAL_STOP,-1.219,0.0,True,False,False,2025-10,2025,10,Q4
BNB/USDT,2025-10-29 00:30:00,2025-10-29 00:50:00,SHORT,2025-10-29 01:35:00,1104.35,1110.0665,1098.6335,1095.1007,2025-10-29 04:52:00,1110.0665,INITIAL_STOP,-1.155,0.0,False,False,False,2025-10,2025,10,Q4
BNB/USDT,2025-10-30 23:55:00,2025-10-31 00:25:00,SHORT,2025-10-31 00:31:00,1077.98,1081.177,1074.783,1072.8073,2025-10-31 00:45:00,1081.177,INITIAL_STOP,-1.27,0.0,True,False,False,2025-10,2025,10,Q4
BNB/USDT,2025-10-31 01:10:00,2025-10-31 02:10:00,SHORT,2025-10-31 02:25:00,1082.525,1090.2738,1074.7762,1069.9875,2025-10-31 04:09:00,1090.2738,INITIAL_STOP,-1.112,0.0,False,False,False,2025-10,2025,10,Q4
BNB/USDT,2025-11-02 23:10:00,2025-11-02 23:25:00,SHORT,2025-11-02 23:30:00,1081.89,1085.5228,1078.2572,1076.0121,2025-11-02 23:42:00,1085.5228,INITIAL_STOP,-1.238,0.0,True,False,False,2025-11,2025,11,Q4
BNB/USDT,2025-11-04 00:40:00,2025-11-04 00:55:00,SHORT,2025-11-04 01:01:00,994.07,999.4611,988.6789,985.3472,2025-11-04 01:36:00,999.4611,INITIAL_STOP,-1.148,0.0,False,False,False,2025-11,2025,11,Q4
BNB/USDT,2025-11-04 11:15:00,2025-11-04 11:30:00,SHORT,2025-11-04 11:39:00,958.305,964.5175,952.0925,948.2532,2025-11-04 12:41:00,948.2532,GRID_B_FULL_TP,1.186,1.309,False,False,False,2025-11,2025,11,Q4
BNB/USDT,2025-11-04 23:05:00,2025-11-05 00:10:00,SHORT,2025-11-05 00:19:00,935.57,943.0134,928.1266,923.5267,2025-11-05 00:43:00,923.5267,GRID_B_FULL_TP,1.208,1.309,True,False,False,2025-11,2025,11,Q4
BNB/USDT,2025-11-08 05:10:00,2025-11-08 05:30:00,LONG,2025-11-08 05:35:00,992.93,989.6106,996.2494,998.3008,2025-11-08 05:48:00,989.6106,INITIAL_STOP,-1.239,0.0,False,False,False,2025-11,2025,11,Q4
BNB/USDT,2025-11-12 09:10:00,2025-11-12 09:30:00,SHORT,2025-11-12 09:38:00,967.38,970.4411,964.3189,962.4272,2025-11-12 10:30:00,970.4411,INITIAL_STOP,-1.253,0.0,True,False,False,2025-11,2025,11,Q4
BNB/USDT,2025-11-13 01:10:00,2025-11-13 01:50:00,SHORT,2025-11-13 03:25:00,958.05,960.4371,955.6629,954.1877,2025-11-13 03:30:00,960.4371,INITIAL_STOP,-1.321,0.0,False,False,False,2025-11,2025,11,Q4
BNB/USDT,2025-11-14 14:45:00,2025-11-14 16:00:00,SHORT,2025-11-14 16:24:00,926.465,929.1097,923.8203,922.1859,2025-11-14 16:27:00,929.1097,INITIAL_STOP,-1.28,0.0,False,False,False,2025-11,2025,11,Q4
BNB/USDT,2025-11-18 11:50:00,2025-11-18 12:40:00,LONG,2025-11-18 12:52:00,916.44,912.6253,920.2547,922.6121,2025-11-18 13:30:00,912.6253,INITIAL_STOP,-1.192,0.0,True,False,False,2025-11,2025,11,Q4
BNB/USDT,2025-11-20 00:20:00,2025-11-20 00:55:00,SHORT,2025-11-20 01:05:00,902.03,904.353,899.707,898.2713,2025-11-20 01:07:00,904.353,INITIAL_STOP,-1.311,0.0,False,False,False,2025-11,2025,11,Q4
BNB/USDT,2025-11-21 21:45:00,2025-11-21 22:25:00,SHORT,2025-11-21 23:45:00,832.17,836.3683,827.9717,825.3772,2025-11-22 00:08:00,836.3683,INITIAL_STOP,-1.159,0.0,True,False,False,2025-11,2025,11,Q4
BNB/USDT,2025-12-03 14:00:00,2025-12-03 14:45:00,LONG,2025-12-03 14:52:00,898.835,886.4417,911.2283,918.8873,2025-12-03 22:48:00,918.8873,GRID_B_FULL_TP,1.251,1.309,False,False,False,2025-12,2025,12,Q4
BNB/USDT,2025-12-06 01:15:00,2025-12-06 01:40:00,SHORT,2025-12-06 01:48:00,884.32,887.9265,880.7135,878.4847,2025-12-06 03:50:00,887.9265,INITIAL_STOP,-1.196,0.0,False,False,False,2025-12,2025,12,Q4
BNB/USDT,2025-12-06 07:05:00,2025-12-06 07:30:00,SHORT,2025-12-06 07:41:00,884.795,887.8572,881.7328,879.8404,2025-12-06 08:29:00,879.8404,GRID_B_FULL_TP,1.078,1.309,False,False,False,2025-12,2025,12,Q4
BNB/USDT,2025-12-11 15:20:00,2025-12-11 16:10:00,SHORT,2025-12-11 16:20:00,863.47,871.9452,854.9948,849.7571,2025-12-11 18:15:00,871.9452,INITIAL_STOP,-1.082,0.0,False,False,False,2025-12,2025,12,Q4
BNB/USDT,2025-12-15 00:55:00,2025-12-15 01:20:00,SHORT,2025-12-15 01:33:00,882.11,884.4732,879.7468,878.2864,2025-12-15 01:35:00,884.4732,INITIAL_STOP,-1.299,0.0,False,False,False,2025-12,2025,12,Q4
BNB/USDT,2025-12-20 10:20:00,2025-12-20 10:45:00,LONG,2025-12-20 11:05:00,851.81,849.6723,853.9477,855.2688,2025-12-20 22:05:00,852.4914,BE_STOP,0.181,0.5,True,False,False,2025-12,2025,12,Q4
BNB/USDT,2025-12-22 13:40:00,2025-12-22 13:50:00,LONG,2025-12-22 14:34:00,863.88,861.5442,866.2158,867.6594,2025-12-22 14:38:00,864.5711,BE_STOP,0.204,0.5,False,False,False,2025-12,2025,12,Q4
BNB/USDT,2025-12-24 12:55:00,2025-12-24 13:35:00,SHORT,2025-12-24 13:46:00,840.31,842.1605,838.4595,837.3159,2025-12-24 14:05:00,842.1605,INITIAL_STOP,-1.363,0.0,False,False,False,2025-12,2025,12,Q4
BNB/USDT,2025-12-24 14:05:00,2025-12-24 14:35:00,SHORT,2025-12-24 14:51:00,841.14,844.0117,838.2683,836.4936,2025-12-24 15:02:00,840.4671,BE_STOP,0.266,0.5,False,False,False,2025-12,2025,12,Q4
BNB/USDT,2025-12-29 14:35:00,2025-12-29 14:55:00,SHORT,2025-12-29 15:13:00,853.135,856.6797,849.5903,847.3997,2025-12-30 03:47:00,852.4525,BE_STOP,0.307,0.5,True,False,False,2025-12,2025,12,Q4
BNB/USDT,2025-12-31 15:10:00,2025-12-31 15:45:00,LONG,2025-12-31 15:59:00,863.37,861.7049,865.0351,866.0641,2025-12-31 16:24:00,861.7049,INITIAL_STOP,-1.415,0.0,True,False,False,2025-12,2025,12,Q4
BNB/USDT,2026-01-05 04:30:00,2026-01-05 04:50:00,LONG,2026-01-05 05:46:00,893.8,889.2493,898.3507,901.163,2026-01-05 10:13:00,901.163,GRID_B_FULL_TP,1.152,1.309,False,False,False,2026-01,2026,1,Q1
BNB/USDT,2026-01-08 22:05:00,2026-01-08 22:35:00,SHORT,2026-01-08 23:02:00,892.44,894.9187,889.9613,888.4295,2026-01-09 01:29:00,894.9187,INITIAL_STOP,-1.288,0.0,False,False,False,2026-01,2026,1,Q1
BNB/USDT,2026-01-12 02:50:00,2026-01-12 03:30:00,SHORT,2026-01-12 04:42:00,909.105,911.0037,907.2063,906.033,2026-01-12 06:14:00,908.3777,BE_STOP,0.117,0.5,False,False,False,2026-01,2026,1,Q1
BNB/USDT,2026-01-14 06:05:00,2026-01-14 06:40:00,LONG,2026-01-14 07:28:00,937.665,933.2635,942.0665,944.7866,2026-01-14 11:10:00,933.2635,INITIAL_STOP,-1.17,0.0,True,False,False,2026-01,2026,1,Q1
BNB/USDT,2026-01-15 00:45:00,2026-01-15 01:05:00,LONG,2026-01-15 01:12:00,941.28,938.3481,944.2119,946.0238,2026-01-15 01:21:00,938.3481,INITIAL_STOP,-1.257,0.0,False,False,False,2026-01,2026,1,Q1
BNB/USDT,2026-01-19 07:55:00,2026-01-19 08:05:00,SHORT,2026-01-19 08:10:00,926.41,929.2596,923.5604,921.7993,2026-01-19 10:15:00,929.2596,INITIAL_STOP,-1.26,0.0,False,False,False,2026-01,2026,1,Q1
BNB/USDT,2026-01-20 20:15:00,2026-01-20 20:35:00,SHORT,2026-01-20 20:46:00,896.045,899.3441,892.7459,890.7071,2026-01-20 22:33:00,890.7071,GRID_B_FULL_TP,1.092,1.309,True,False,False,2026-01,2026,1,Q1
BNB/USDT,2026-01-26 01:10:00,2026-01-26 02:05:00,SHORT,2026-01-26 02:22:00,872.95,874.6394,871.2606,870.2165,2026-01-26 02:31:00,874.6394,INITIAL_STOP,-1.413,0.0,False,False,False,2026-01,2026,1,Q1
BNB/USDT,2026-01-30 11:50:00,2026-01-30 12:10:00,SHORT,2026-01-30 13:00:00,841.855,844.5128,839.1972,837.5547,2026-01-30 13:16:00,844.5128,INITIAL_STOP,-1.253,0.0,False,False,False,2026-01,2026,1,Q1
BNB/USDT,2026-01-30 13:35:00,2026-01-30 13:50:00,SHORT,2026-01-30 14:00:00,846.525,853.3598,839.6902,835.4663,2026-01-30 14:40:00,853.3598,INITIAL_STOP,-1.099,0.0,False,False,False,2026-01,2026,1,Q1
BNB/USDT,2026-02-01 23:35:00,2026-02-01 23:50:00,SHORT,2026-02-02 00:08:00,760.99,767.5315,754.4485,750.4059,2026-02-02 00:17:00,767.5315,INITIAL_STOP,-1.093,0.0,True,False,False,2026-02,2026,2,Q1
BNB/USDT,2026-02-02 00:30:00,2026-02-02 01:10:00,SHORT,2026-02-02 01:18:00,762.035,771.3031,752.7669,747.0393,2026-02-02 03:15:00,747.0393,GRID_B_FULL_TP,1.243,1.309,False,False,False,2026-02,2026,2,Q1
BNB/USDT,2026-02-02 09:30:00,2026-02-02 10:40:00,SHORT,2026-02-02 11:07:00,763.035,764.3246,761.7454,760.9485,2026-02-02 11:08:00,764.3246,INITIAL_STOP,-1.473,0.0,False,False,False,2026-02,2026,2,Q1
BNB/USDT,2026-02-02 17:40:00,2026-02-02 18:35:00,LONG,2026-02-02 18:46:00,774.675,771.368,777.982,780.0257,2026-02-02 19:36:00,771.368,INITIAL_STOP,-1.187,0.0,True,False,False,2026-02,2026,2,Q1
BNB/USDT,2026-02-03 02:55:00,2026-02-03 03:10:00,LONG,2026-02-03 03:17:00,765.71,762.5514,768.8686,770.8206,2026-02-03 03:41:00,770.8206,GRID_B_FULL_TP,1.115,1.309,False,False,False,2026-02,2026,2,Q1
BNB/USDT,2026-02-10 17:40:00,2026-02-10 17:55:00,SHORT,2026-02-10 18:00:00,623.92,626.5159,621.3241,619.7199,2026-02-10 18:21:00,619.7199,GRID_B_FULL_TP,1.117,1.309,True,False,False,2026-02,2026,2,Q1
BNB/USDT,2026-02-11 14:10:00,2026-02-11 14:25:00,SHORT,2026-02-11 14:31:00,607.34,612.761,601.919,598.5688,2026-02-11 14:50:00,598.5688,GRID_B_FULL_TP,1.219,1.309,True,False,False,2026-02,2026,2,Q1
BNB/USDT,2026-02-15 08:30:00,2026-02-15 09:10:00,LONG,2026-02-15 09:15:00,632.27,627.2716,637.2684,640.3574,2026-02-15 10:16:00,627.2716,INITIAL_STOP,-1.101,0.0,False,False,False,2026-02,2026,2,Q1
BNB/USDT,2026-02-15 10:15:00,2026-02-15 10:25:00,LONG,2026-02-15 10:34:00,628.435,625.2673,631.6027,633.5603,2026-02-15 12:49:00,625.2673,INITIAL_STOP,-1.159,0.0,True,False,False,2026-02,2026,2,Q1
BNB/USDT,2026-02-16 01:10:00,2026-02-16 01:25:00,SHORT,2026-02-16 02:04:00,616.135,619.2942,612.9758,611.0234,2026-02-16 04:12:00,615.6421,BE_STOP,0.344,0.5,False,False,False,2026-02,2026,2,Q1
BNB/USDT,2026-02-16 09:35:00,2026-02-16 10:25:00,SHORT,2026-02-16 10:31:00,617.87,620.7368,615.0032,613.2315,2026-02-16 11:31:00,617.3757,BE_STOP,0.328,0.5,True,False,False,2026-02,2026,2,Q1
BNB/USDT,2026-02-25 23:40:00,2026-02-25 23:55:00,LONG,2026-02-26 00:41:00,627.555,623.3887,631.7213,634.2961,2026-02-26 01:44:00,628.057,BE_STOP,0.379,0.5,True,False,False,2026-02,2026,2,Q1
BNB/USDT,2026-02-26 14:45:00,2026-02-26 15:00:00,LONG,2026-02-26 15:12:00,623.4,620.1649,626.6351,628.6344,2026-02-26 15:21:00,620.1649,INITIAL_STOP,-1.154,0.0,True,False,False,2026-02,2026,2,Q1
BNB/USDT,2026-02-26 16:50:00,2026-02-26 17:05:00,LONG,2026-02-26 17:24:00,616.375,614.4254,618.3246,619.5294,2026-02-26 17:37:00,616.8681,BE_STOP,0.247,0.5,True,False,False,2026-02,2026,2,Q1
BNB/USDT,2026-02-27 07:35:00,2026-02-27 07:50:00,LONG,2026-02-27 09:44:00,626.235,624.0006,628.4694,629.8502,2026-02-27 10:00:00,624.0006,INITIAL_STOP,-1.224,0.0,False,False,False,2026-02,2026,2,Q1
BNB/USDT,2026-02-28 00:55:00,2026-02-28 01:30:00,SHORT,2026-02-28 02:25:00,613.83,616.2207,611.4393,609.9618,2026-02-28 06:14:00,609.9618,GRID_B_FULL_TP,1.104,1.309,False,False,False,2026-02,2026,2,Q1
BNB/USDT,2026-02-28 13:45:00,2026-02-28 14:50:00,SHORT,2026-02-28 15:28:00,603.735,604.6556,602.8144,602.2455,2026-02-28 15:31:00,603.252,BE_STOP,-0.025,0.5,True,False,False,2026-02,2026,2,Q1
BNB/USDT,2026-03-01 16:45:00,2026-03-01 18:05:00,LONG,2026-03-01 18:32:00,621.975,620.687,623.263,624.0589,2026-03-01 19:03:00,622.4726,BE_STOP,0.114,0.5,False,False,False,2026-03,2026,3,Q1
BNB/USDT,2026-03-01 17:15:00,2026-03-01 18:05:00,LONG,2026-03-01 18:32:00,621.975,617.567,626.383,629.1071,2026-03-01 20:10:00,617.567,INITIAL_STOP,-1.113,0.0,False,False,False,2026-03,2026,3,Q1
BNB/USDT,2026-03-01 17:20:00,2026-03-01 18:05:00,LONG,2026-03-01 18:32:00,621.975,616.457,627.493,630.9031,2026-03-01 20:23:00,616.457,INITIAL_STOP,-1.09,0.0,False,False,False,2026-03,2026,3,Q1
BNB/USDT,2026-03-05 01:40:00,2026-03-05 02:05:00,LONG,2026-03-05 02:31:00,654.295,652.8786,655.7114,656.5868,2026-03-05 02:39:00,652.8786,INITIAL_STOP,-1.37,0.0,False,False,False,2026-03,2026,3,Q1
BNB/USDT,2026-03-05 06:05:00,2026-03-05 06:20:00,LONG,2026-03-05 07:37:00,651.665,649.9525,653.3775,654.4358,2026-03-05 07:50:00,649.9525,INITIAL_STOP,-1.304,0.0,True,False,False,2026-03,2026,3,Q1
BNB/USDT,2026-03-05 16:10:00,2026-03-05 16:25:00,LONG,2026-03-05 17:19:00,649.615,645.2856,653.9444,656.62,2026-03-06 04:39:00,645.2856,INITIAL_STOP,-1.12,0.0,True,False,False,2026-03,2026,3,Q1
BNB/USDT,2026-03-07 08:15:00,2026-03-07 09:00:00,SHORT,2026-03-07 09:12:00,628.655,629.713,627.597,626.9432,2026-03-07 09:31:00,629.713,INITIAL_STOP,-1.475,0.0,False,False,False,2026-03,2026,3,Q1
BNB/USDT,2026-03-08 07:10:00,2026-03-08 07:25:00,SHORT,2026-03-08 09:17:00,621.175,622.6918,619.6582,618.7209,2026-03-08 10:23:00,622.6918,INITIAL_STOP,-1.328,0.0,True,False,False,2026-03,2026,3,Q1
BNB/USDT,2026-03-09 11:15:00,2026-03-09 11:35:00,LONG,2026-03-09 11:50:00,626.26,623.6306,628.8894,630.5144,2026-03-09 12:29:00,630.5144,GRID_B_FULL_TP,1.118,1.309,False,False,False,2026-03,2026,3,Q1
BNB/USDT,2026-03-11 02:35:00,2026-03-11 02:55:00,LONG,2026-03-11 03:28:00,639.755,637.8104,641.6996,642.9014,2026-03-11 04:26:00,642.9014,GRID_B_FULL_TP,1.046,1.309,False,False,False,2026-03,2026,3,Q1
BNB/USDT,2026-03-13 17:40:00,2026-03-13 18:30:00,LONG,2026-03-13 18:53:00,656.43,655.0154,657.8446,658.7189,2026-03-13 19:20:00,656.9551,BE_STOP,0.129,0.5,False,False,False,2026-03,2026,3,Q1
BNB/USDT,2026-03-14 00:40:00,2026-03-14 01:05:00,LONG,2026-03-14 01:38:00,653.625,651.5696,655.6804,656.9507,2026-03-14 03:18:00,656.9507,GRID_B_FULL_TP,1.055,1.309,False,False,False,2026-03,2026,3,Q1
BNB/USDT,2026-03-20 21:15:00,2026-03-20 21:45:00,SHORT,2026-03-20 21:53:00,641.81,643.3727,640.2473,639.2815,2026-03-20 22:03:00,643.3727,INITIAL_STOP,-1.329,0.0,False,False,False,2026-03,2026,3,Q1
BNB/USDT,2026-03-20 21:35:00,2026-03-20 21:45:00,SHORT,2026-03-20 21:53:00,641.81,644.1327,639.4873,638.0518,2026-03-20 22:04:00,644.1327,INITIAL_STOP,-1.221,0.0,False,False,False,2026-03,2026,3,Q1
BNB/USDT,2026-03-22 02:25:00,2026-03-22 03:05:00,SHORT,2026-03-22 03:11:00,633.81,636.0807,631.5393,630.136,2026-03-22 03:28:00,636.0807,INITIAL_STOP,-1.223,0.0,False,False,False,2026-03,2026,3,Q1
BNB/USDT,2026-03-24 00:35:00,2026-03-24 01:25:00,LONG,2026-03-24 01:32:00,635.64,633.8465,637.4335,638.5418,2026-03-24 01:39:00,633.8465,INITIAL_STOP,-1.284,0.0,False,False,False,2026-03,2026,3,Q1
BNB/USDT,2026-03-25 12:20:00,2026-03-25 13:00:00,LONG,2026-03-25 14:12:00,647.785,644.8583,650.7117,652.5204,2026-03-25 15:11:00,644.8583,INITIAL_STOP,-1.177,0.0,True,False,False,2026-03,2026,3,Q1
BNB/USDT,2026-03-25 18:40:00,2026-03-25 19:05:00,LONG,2026-03-25 19:36:00,645.85,643.5012,648.1988,649.6503,2026-03-25 21:32:00,646.3667,BE_STOP,0.28,0.5,False,False,False,2026-03,2026,3,Q1
BNB/USDT,2026-03-26 20:10:00,2026-03-26 20:55:00,SHORT,2026-03-26 21:23:00,630.33,632.3755,628.2845,627.0204,2026-03-26 23:00:00,629.8257,BE_STOP,0.253,0.5,True,False,False,2026-03,2026,3,Q1
BNB/USDT,2026-03-28 06:15:00,2026-03-28 07:35:00,SHORT,2026-03-28 07:50:00,613.7,614.7206,612.6795,612.0488,2026-03-28 09:04:00,612.0488,GRID_B_FULL_TP,0.828,1.309,True,False,False,2026-03,2026,3,Q1
BNB/USDT,2026-03-30 00:20:00,2026-03-30 00:40:00,SHORT,2026-03-30 00:46:00,610.025,615.415,604.635,601.3039,2026-03-30 02:07:00,615.415,INITIAL_STOP,-1.091,0.0,False,False,False,2026-03,2026,3,Q1
BNB/USDT,2026-03-31 20:45:00,2026-03-31 21:05:00,SHORT,2026-03-31 21:52:00,618.375,620.2476,616.5024,615.3452,2026-03-31 22:33:00,615.3452,GRID_B_FULL_TP,1.045,1.309,True,False,False,2026-03,2026,3,Q1
BNB/USDT,2026-04-01 06:30:00,2026-04-01 06:55:00,SHORT,2026-04-01 07:02:00,619.955,621.1299,618.7801,618.054,2026-04-01 07:32:00,618.054,GRID_B_FULL_TP,0.887,1.309,True,False,False,2026-04,2026,4,Q2
BNB/USDT,2026-04-03 00:20:00,2026-04-03 01:40:00,SHORT,2026-04-03 02:17:00,585.455,586.5282,584.3818,583.7186,2026-04-03 02:29:00,583.7186,GRID_B_FULL_TP,0.873,1.309,False,False,False,2026-04,2026,4,Q2
BNB/USDT,2026-04-03 05:30:00,2026-04-03 05:55:00,SHORT,2026-04-03 06:02:00,587.07,589.0106,585.1294,583.9301,2026-04-03 09:23:00,583.9301,GRID_B_FULL_TP,1.067,1.309,False,False,False,2026-04,2026,4,Q2
BNB/USDT,2026-04-05 01:00:00,2026-04-05 01:15:00,LONG,2026-04-05 01:32:00,592.635,591.071,594.199,595.1655,2026-04-05 06:05:00,591.071,INITIAL_STOP,-1.303,0.0,False,False,False,2026-04,2026,4,Q2
BNB/USDT,2026-04-06 17:10:00,2026-04-06 17:25:00,LONG,2026-04-06 17:46:00,604.06,602.0739,606.0461,607.2735,2026-04-06 20:14:00,607.2735,GRID_B_FULL_TP,1.066,1.309,False,False,False,2026-04,2026,4,Q2
BNB/USDT,2026-04-06 23:00:00,2026-04-06 23:40:00,LONG,2026-04-07 00:38:00,599.25,595.3511,603.1489,605.5584,2026-04-07 09:39:00,605.5584,GRID_B_FULL_TP,1.186,1.309,True,False,False,2026-04,2026,4,Q2
BNB/USDT,2026-04-08 03:15:00,2026-04-08 03:30:00,LONG,2026-04-08 03:39:00,615.21,613.0872,617.3328,618.6447,2026-04-08 03:52:00,613.0872,INITIAL_STOP,-1.232,0.0,False,False,False,2026-04,2026,4,Q2
BNB/USDT,2026-04-08 18:25:00,2026-04-08 18:35:00,LONG,2026-04-08 18:40:00,604.755,602.8929,606.6171,607.7679,2026-04-08 18:55:00,602.8929,INITIAL_STOP,-1.26,0.0,True,False,False,2026-04,2026,4,Q2
BNB/USDT,2026-04-15 14:15:00,2026-04-15 14:35:00,SHORT,2026-04-15 15:14:00,619.525,621.3193,617.7307,616.6218,2026-04-15 15:30:00,616.6218,GRID_B_FULL_TP,1.033,1.309,True,False,False,2026-04,2026,4,Q2
BNB/USDT,2026-04-17 01:40:00,2026-04-17 02:00:00,LONG,2026-04-17 02:07:00,630.72,629.6939,631.7461,632.3802,2026-04-17 02:14:00,629.6939,INITIAL_STOP,-1.492,0.0,False,False,False,2026-04,2026,4,Q2
BNB/USDT,2026-04-19 14:40:00,2026-04-19 15:35:00,SHORT,2026-04-19 15:54:00,625.45,627.9882,622.9118,621.3432,2026-04-19 17:22:00,624.9496,BE_STOP,0.303,0.5,False,False,False,2026-04,2026,4,Q2
BNB/USDT,2026-04-21 12:40:00,2026-04-21 12:55:00,LONG,2026-04-21 13:04:00,631.29,629.1231,633.4569,634.7961,2026-04-21 14:41:00,634.7961,GRID_B_FULL_TP,1.076,1.309,False,False,False,2026-04,2026,4,Q2
BNB/USDT,2026-04-21 17:15:00,2026-04-21 17:40:00,LONG,2026-04-21 18:11:00,629.325,626.576,632.074,633.7729,2026-04-21 19:40:00,626.576,INITIAL_STOP,-1.183,0.0,True,False,False,2026-04,2026,4,Q2
BNB/USDT,2026-04-26 08:20:00,2026-04-26 08:35:00,LONG,2026-04-26 08:42:00,630.76,628.9539,632.5661,633.6823,2026-04-26 12:29:00,631.2646,BE_STOP,0.221,0.5,False,False,False,2026-04,2026,4,Q2
BNB/USDT,2026-04-26 21:30:00,2026-04-26 21:55:00,LONG,2026-04-26 22:33:00,634.44,633.0483,635.8317,636.6917,2026-04-26 23:49:00,636.6917,GRID_B_FULL_TP,0.944,1.309,True,False,False,2026-04,2026,4,Q2
BNB/USDT,2026-04-28 12:45:00,2026-04-28 13:05:00,SHORT,2026-04-28 13:44:00,622.825,624.4742,621.1758,620.1565,2026-04-28 14:25:00,620.1565,GRID_B_FULL_TP,1.007,1.309,True,False,False,2026-04,2026,4,Q2
BNB/USDT,2026-05-01 08:20:00,2026-05-01 08:35:00,SHORT,2026-05-01 09:00:00,618.675,620.488,616.862,615.7415,2026-05-01 11:17:00,618.1801,BE_STOP,0.227,0.5,False,False,False,2026-05,2026,5,Q2
BNB/USDT,2026-05-06 20:50:00,2026-05-06 21:00:00,LONG,2026-05-06 21:12:00,648.395,646.6874,650.1026,651.1579,2026-05-06 22:07:00,648.9137,BE_STOP,0.196,0.5,True,False,False,2026-05,2026,5,Q2
BNB/USDT,2026-05-06 23:00:00,2026-05-06 23:20:00,LONG,2026-05-07 00:30:00,646.425,643.4904,649.3596,651.1732,2026-05-07 01:04:00,643.4904,INITIAL_STOP,-1.176,0.0,True,False,False,2026-05,2026,5,Q2
BNB/USDT,2026-05-07 14:35:00,2026-05-07 14:50:00,LONG,2026-05-07 14:58:00,642.345,639.7965,644.8935,646.4685,2026-05-07 15:26:00,639.7965,INITIAL_STOP,-1.202,0.0,True,False,False,2026-05,2026,5,Q2
BNB/USDT,2026-05-09 07:05:00,2026-05-09 07:20:00,LONG,2026-05-09 07:33:00,650.73,647.9739,653.4861,655.1894,2026-05-09 14:23:00,647.9739,INITIAL_STOP,-1.189,0.0,True,False,False,2026-05,2026,5,Q2
BNB/USDT,2026-05-13 12:30:00,2026-05-13 13:05:00,LONG,2026-05-13 13:25:00,673.425,669.7999,677.0501,679.2905,2026-05-13 13:46:00,669.7999,INITIAL_STOP,-1.149,0.0,False,False,False,2026-05,2026,5,Q2
BNB/USDT,2026-05-17 19:40:00,2026-05-17 20:05:00,SHORT,2026-05-17 21:24:00,655.39,656.7931,653.9869,653.1198,2026-05-17 21:26:00,656.7931,INITIAL_STOP,-1.374,0.0,False,False,False,2026-05,2026,5,Q2
BNB/USDT,2026-05-21 13:40:00,2026-05-21 13:55:00,LONG,2026-05-21 14:20:00,648.215,645.3877,651.0423,652.7896,2026-05-21 14:48:00,648.7336,BE_STOP,0.317,0.5,True,False,False,2026-05,2026,5,Q2
BNB/USDT,2026-05-24 02:15:00,2026-05-24 02:25:00,SHORT,2026-05-24 02:41:00,657.44,659.7362,655.1438,653.7248,2026-05-24 06:49:00,656.914,BE_STOP,0.271,0.5,False,False,False,2026-05,2026,5,Q2
BNB/USDT,2026-05-26 07:15:00,2026-05-26 07:45:00,LONG,2026-05-26 08:28:00,656.7,655.0149,658.3851,659.4264,2026-05-26 10:21:00,659.4264,GRID_B_FULL_TP,0.997,1.309,True,False,False,2026-05,2026,5,Q2
BNB/USDT,2026-05-29 06:10:00,2026-05-29 06:30:00,SHORT,2026-05-29 07:22:00,638.475,639.5777,637.3723,636.6908,2026-05-29 07:35:00,636.6908,GRID_B_FULL_TP,0.846,1.309,False,False,False,2026-05,2026,5,Q2
BNB/USDT,2026-06-04 18:30:00,2026-06-04 19:05:00,SHORT,2026-06-04 19:15:00,608.665,610.783,606.547,605.2381,2026-06-04 19:56:00,605.2381,GRID_B_FULL_TP,1.079,1.309,False,False,False,2026-06,2026,6,Q2
BNB/USDT,2026-06-06 01:30:00,2026-06-06 01:40:00,SHORT,2026-06-06 01:48:00,577.72,580.5666,574.8734,573.1142,2026-06-06 02:40:00,577.2578,BE_STOP,0.338,0.5,False,False,False,2026-06,2026,6,Q2
BNB/USDT,2026-06-08 22:15:00,2026-06-08 23:00:00,LONG,2026-06-08 23:16:00,605.84,603.5912,608.0888,609.4785,2026-06-08 23:19:00,603.5912,INITIAL_STOP,-1.216,0.0,False,False,False,2026-06,2026,6,Q2
BNB/USDT,2026-06-09 20:15:00,2026-06-09 21:20:00,SHORT,2026-06-09 22:20:00,595.96,599.5139,592.4061,590.2097,2026-06-10 00:43:00,590.2097,GRID_B_FULL_TP,1.175,1.309,False,False,False,2026-06,2026,6,Q2
BNB/USDT,2026-06-10 13:40:00,2026-06-10 13:55:00,SHORT,2026-06-10 14:08:00,594.33,597.3815,591.2785,589.3927,2026-06-10 15:01:00,593.8545,BE_STOP,0.344,0.5,True,False,False,2026-06,2026,6,Q2
BNB/USDT,2026-06-10 15:45:00,2026-06-10 16:45:00,SHORT,2026-06-10 17:02:00,593.685,598.5805,588.7895,585.764,2026-06-10 21:10:00,585.764,GRID_B_FULL_TP,1.212,1.309,True,False,False,2026-06,2026,6,Q2
BNB/USDT,2026-06-20 13:45:00,2026-06-20 14:10:00,SHORT,2026-06-20 14:44:00,583.5,585.5753,581.4247,580.1422,2026-06-20 14:46:00,585.5753,INITIAL_STOP,-1.225,0.0,True,False,False,2026-06,2026,6,Q2
BNB/USDT,2026-07-17 00:35:00,2026-07-17 00:45:00,LONG,2026-07-17 01:47:00,572.1,569.8419,574.3581,575.7537,2026-07-17 15:08:00,569.8419,INITIAL_STOP,-1.203,0.0,False,False,False,2026-07,2026,7,Q3
BNB/USDT,2026-07-19 20:00:00,2026-07-20 09:45:00,SHORT,2026-07-20 11:06:00,567.65,569.4515,565.8485,564.7352,2026-07-20 11:32:00,569.4515,INITIAL_STOP,-1.252,0.0,True,False,False,2026-07,2026,7,Q3
BNB/USDT,2026-07-31 12:30:00,2026-07-31 12:55:00,LONG,2026-07-31 13:46:00,591.0,589.1135,592.8865,594.0524,2026-07-31 13:47:00,589.1135,INITIAL_STOP,-1.251,0.0,False,False,False,2026-07,2026,7,Q3
BNB/USDT,2026-08-06 02:35:00,2026-08-06 02:45:00,LONG,2026-08-06 02:52:00,592.9,591.2106,594.5894,595.6334,2026-08-06 04:22:00,595.6334,GRID_B_FULL_TP,1.028,1.309,False,False,False,2026-08,2026,8,Q3
BNB/USDT,2026-08-20 12:30:00,2026-08-20 12:55:00,LONG,2026-08-20 13:30:00,641.95,639.1371,644.7629,646.5013,2026-08-20 13:36:00,639.1371,INITIAL_STOP,-1.183,0.0,True,False,False,2026-08,2026,8,Q3
BNB/USDT,2026-08-21 11:30:00,2026-08-21 12:40:00,LONG,2026-08-21 13:24:00,676.7,670.2849,683.1151,687.0796,2026-08-21 22:03:00,687.0796,GRID_B_FULL_TP,1.225,1.309,True,False,False,2026-08,2026,8,Q3
BNB/USDT,2026-08-21 16:10:00,2026-08-21 16:30:00,LONG,2026-08-21 17:20:00,678.0,672.883,683.117,686.2793,2026-08-21 20:00:00,672.883,INITIAL_STOP,-1.106,0.0,True,False,False,2026-08,2026,8,Q3
BNB/USDT,2026-08-22 15:50:00,2026-08-22 16:05:00,LONG,2026-08-22 16:12:00,689.8,687.3653,692.2347,693.7393,2026-08-22 16:21:00,693.7393,GRID_B_FULL_TP,1.082,1.309,False,False,False,2026-08,2026,8,Q3
BNB/USDT,2026-08-25 15:55:00,2026-08-25 16:10:00,SHORT,2026-08-25 16:32:00,699.3,701.3489,697.251,695.9848,2026-08-25 17:15:00,698.7406,BE_STOP,0.227,0.5,True,False,False,2026-08,2026,8,Q3
BNB/USDT,2026-08-28 02:25:00,2026-08-28 03:15:00,LONG,2026-08-28 04:09:00,708.1,706.3379,709.8621,710.9512,2026-08-28 04:37:00,708.6665,BE_STOP,0.179,0.5,False,False,False,2026-08,2026,8,Q3
BNB/USDT,2026-08-29 10:20:00,2026-08-29 11:00:00,SHORT,2026-08-29 11:06:00,689.25,690.5339,687.9661,687.1727,2026-08-29 13:57:00,688.6986,BE_STOP,0.071,0.5,False,False,False,2026-08,2026,8,Q3
BNB/USDT,2026-08-29 14:45:00,2026-08-29 15:05:00,SHORT,2026-08-29 15:49:00,691.4,693.6371,689.1629,687.7804,2026-08-29 18:48:00,693.6371,INITIAL_STOP,-1.247,0.0,True,False,False,2026-08,2026,8,Q3
BNB/USDT,2026-08-30 21:00:00,2026-08-30 21:30:00,LONG,2026-08-30 21:43:00,696.35,692.3555,700.3445,702.8131,2026-08-30 23:17:00,692.3555,INITIAL_STOP,-1.139,0.0,True,False,False,2026-08,2026,8,Q3
BNB/USDT,2026-09-02 03:25:00,2026-09-02 03:55:00,SHORT,2026-09-02 05:13:00,687.75,690.5316,684.9684,683.2493,2026-09-02 08:53:00,683.2493,GRID_B_FULL_TP,1.111,1.309,False,False,False,2026-09,2026,9,Q3
BNB/USDT,2026-09-02 12:20:00,2026-09-02 12:35:00,SHORT,2026-09-02 13:27:00,684.95,686.5274,683.3726,682.3977,2026-09-02 13:42:00,686.5274,INITIAL_STOP,-1.347,0.0,False,False,False,2026-09,2026,9,Q3
BNB/USDT,2026-09-04 01:25:00,2026-09-04 01:50:00,LONG,2026-09-04 02:26:00,720.55,718.9192,722.1808,723.1887,2026-09-04 02:39:00,723.1887,GRID_B_FULL_TP,0.956,1.309,False,False,False,2026-09,2026,9,Q3
BNB/USDT,2026-09-06 02:00:00,2026-09-06 02:35:00,LONG,2026-09-06 04:24:00,762.65,760.256,765.044,766.5235,2026-09-06 06:18:00,760.256,INITIAL_STOP,-1.255,0.0,False,False,False,2026-09,2026,9,Q3
BNB/USDT,2026-09-07 01:40:00,2026-09-07 01:55:00,LONG,2026-09-07 03:36:00,747.35,744.879,749.821,751.3481,2026-09-07 06:20:00,747.9479,BE_STOP,0.258,0.5,False,False,False,2026-09,2026,9,Q3
BNB/USDT,2026-09-10 17:30:00,2026-09-10 18:05:00,SHORT,2026-09-10 18:38:00,712.3,714.4684,710.1315,708.7914,2026-09-10 19:28:00,714.4684,INITIAL_STOP,-1.263,0.0,True,False,False,2026-09,2026,9,Q3
DOGE/USDT,2024-06-13 00:15:00,2024-06-13 00:25:00,LONG,2024-06-13 01:06:00,0.1458,0.1447,0.1468,0.1475,2024-06-13 01:34:00,0.1447,INITIAL_STOP,-1.111,0.0,False,False,False,2024-06,2024,6,Q2
DOGE/USDT,2024-06-13 07:45:00,2024-06-13 08:20:00,SHORT,2024-06-13 09:03:00,0.1439,0.1443,0.1435,0.1432,2024-06-13 09:15:00,0.1443,INITIAL_STOP,-1.284,0.0,False,False,False,2024-06,2024,6,Q2
DOGE/USDT,2024-06-13 10:50:00,2024-06-13 11:05:00,SHORT,2024-06-13 11:16:00,0.1443,0.1449,0.1438,0.1434,2024-06-13 11:50:00,0.1434,GRID_B_FULL_TP,1.1,1.309,False,False,False,2024-06,2024,6,Q2
DOGE/USDT,2024-06-13 12:30:00,2024-06-13 12:55:00,SHORT,2024-06-13 13:00:00,0.1435,0.1458,0.1412,0.1398,2024-06-14 08:37:00,0.1434,BE_STOP,0.45,0.5,False,False,False,2024-06,2024,6,Q2
DOGE/USDT,2024-06-14 21:30:00,2024-06-14 22:05:00,SHORT,2024-06-14 22:15:00,0.1354,0.1359,0.1349,0.1346,2024-06-14 22:25:00,0.1346,GRID_B_FULL_TP,1.08,1.309,True,False,False,2024-06,2024,6,Q2
DOGE/USDT,2024-06-15 11:00:00,2024-06-15 11:40:00,SHORT,2024-06-15 11:46:00,0.1368,0.1373,0.1362,0.1359,2024-06-15 11:55:00,0.1373,INITIAL_STOP,-1.204,0.0,True,False,False,2024-06,2024,6,Q2
DOGE/USDT,2024-06-15 11:25:00,2024-06-15 11:40:00,SHORT,2024-06-15 11:46:00,0.1368,0.1381,0.1355,0.1347,2024-06-16 04:22:00,0.1347,GRID_B_FULL_TP,1.224,1.309,True,False,False,2024-06,2024,6,Q2
DOGE/USDT,2024-06-18 05:10:00,2024-06-18 05:35:00,SHORT,2024-06-18 05:41:00,0.1224,0.1228,0.1219,0.1216,2024-06-18 06:02:00,0.1216,GRID_B_FULL_TP,1.1,1.309,False,False,False,2024-06,2024,6,Q2
DOGE/USDT,2024-06-19 05:15:00,2024-06-19 05:30:00,LONG,2024-06-19 05:40:00,0.1257,0.125,0.1265,0.1269,2024-06-19 08:19:00,0.125,INITIAL_STOP,-1.133,0.0,False,False,False,2024-06,2024,6,Q2
DOGE/USDT,2024-06-19 11:20:00,2024-06-19 12:05:00,LONG,2024-06-19 12:11:00,0.124,0.1236,0.1243,0.1245,2024-06-19 12:32:00,0.1241,BE_STOP,0.205,0.5,False,False,False,2024-06,2024,6,Q2
DOGE/USDT,2024-06-24 12:25:00,2024-06-24 12:40:00,SHORT,2024-06-24 12:45:00,0.1179,0.1185,0.1173,0.117,2024-06-24 13:29:00,0.1185,INITIAL_STOP,-1.162,0.0,False,False,False,2024-06,2024,6,Q2
DOGE/USDT,2024-06-24 21:30:00,2024-06-24 21:45:00,SHORT,2024-06-24 21:53:00,0.1179,0.1185,0.1173,0.117,2024-06-24 22:40:00,0.1185,INITIAL_STOP,-1.168,0.0,True,False,False,2024-06,2024,6,Q2
DOGE/USDT,2024-06-25 07:25:00,2024-06-25 08:05:00,LONG,2024-06-25 08:19:00,0.1222,0.1218,0.1225,0.1227,2024-06-25 08:23:00,0.1218,INITIAL_STOP,-1.281,0.0,False,False,False,2024-06,2024,6,Q2
DOGE/USDT,2024-06-28 15:10:00,2024-06-28 15:55:00,LONG,2024-06-28 16:21:00,0.1253,0.1238,0.1268,0.1278,2024-06-28 17:38:00,0.1238,INITIAL_STOP,-1.066,0.0,True,False,False,2024-06,2024,6,Q2
DOGE/USDT,2024-07-01 13:20:00,2024-07-01 13:30:00,LONG,2024-07-01 13:36:00,0.1245,0.1241,0.1249,0.1252,2024-07-01 13:46:00,0.1241,INITIAL_STOP,-1.242,0.0,False,False,False,2024-07,2024,7,Q3
DOGE/USDT,2024-07-03 21:50:00,2024-07-03 22:05:00,SHORT,2024-07-03 22:39:00,0.1184,0.1186,0.1182,0.1181,2024-07-03 23:06:00,0.1181,GRID_B_FULL_TP,0.874,1.309,True,False,False,2024-07,2024,7,Q3
DOGE/USDT,2024-07-03 21:55:00,2024-07-03 22:05:00,SHORT,2024-07-03 22:39:00,0.1184,0.1189,0.1179,0.1176,2024-07-04 00:16:00,0.1189,INITIAL_STOP,-1.19,0.0,True,False,False,2024-07,2024,7,Q3
DOGE/USDT,2024-07-05 10:10:00,2024-07-05 10:50:00,SHORT,2024-07-05 11:00:00,0.0988,0.0995,0.0981,0.0977,2024-07-05 11:11:00,0.0995,INITIAL_STOP,-1.115,0.0,False,False,False,2024-07,2024,7,Q3
DOGE/USDT,2024-07-05 12:20:00,2024-07-05 12:35:00,SHORT,2024-07-05 13:12:00,0.1,0.1009,0.0991,0.0985,2024-07-05 13:29:00,0.1009,INITIAL_STOP,-1.089,0.0,False,False,False,2024-07,2024,7,Q3
DOGE/USDT,2024-07-05 22:25:00,2024-07-05 22:50:00,SHORT,2024-07-05 23:02:00,0.1051,0.1059,0.1043,0.1039,2024-07-05 23:13:00,0.1059,INITIAL_STOP,-1.111,0.0,True,False,False,2024-07,2024,7,Q3
DOGE/USDT,2024-07-08 06:25:00,2024-07-08 06:55:00,SHORT,2024-07-08 07:00:00,0.1046,0.1051,0.104,0.1036,2024-07-08 07:13:00,0.1036,GRID_B_FULL_TP,1.161,1.309,True,False,False,2024-07,2024,7,Q3
DOGE/USDT,2024-07-08 13:45:00,2024-07-08 14:00:00,LONG,2024-07-08 14:20:00,0.1086,0.108,0.1093,0.1097,2024-07-08 14:26:00,0.108,INITIAL_STOP,-1.134,0.0,True,False,False,2024-07,2024,7,Q3
DOGE/USDT,2024-07-12 13:55:00,2024-07-12 14:50:00,SHORT,2024-07-12 15:02:00,0.1068,0.1076,0.1061,0.1057,2024-07-12 16:26:00,0.1076,INITIAL_STOP,-1.121,0.0,False,False,False,2024-07,2024,7,Q3
DOGE/USDT,2024-07-14 14:25:00,2024-07-14 14:50:00,LONG,2024-07-14 15:24:00,0.1117,0.111,0.1125,0.113,2024-07-14 20:39:00,0.113,GRID_B_FULL_TP,1.193,1.309,True,False,False,2024-07,2024,7,Q3
DOGE/USDT,2024-07-15 10:55:00,2024-07-15 12:05:00,LONG,2024-07-15 12:14:00,0.1173,0.1166,0.118,0.1185,2024-07-15 12:50:00,0.1174,BE_STOP,0.367,0.5,False,False,False,2024-07,2024,7,Q3
DOGE/USDT,2024-07-16 06:50:00,2024-07-16 07:10:00,LONG,2024-07-16 07:17:00,0.1218,0.1207,0.1229,0.1236,2024-07-16 07:40:00,0.1207,INITIAL_STOP,-1.09,0.0,True,False,False,2024-07,2024,7,Q3
DOGE/USDT,2024-07-16 19:45:00,2024-07-16 19:55:00,LONG,2024-07-16 20:59:00,0.1254,0.1246,0.1261,0.1266,2024-07-16 21:11:00,0.1246,INITIAL_STOP,-1.129,0.0,False,False,False,2024-07,2024,7,Q3
DOGE/USDT,2024-07-16 22:05:00,2024-07-16 22:50:00,LONG,2024-07-16 23:05:00,0.1238,0.1234,0.1242,0.1244,2024-07-16 23:15:00,0.1244,GRID_B_FULL_TP,1.034,1.309,False,False,False,2024-07,2024,7,Q3
DOGE/USDT,2024-07-17 08:15:00,2024-07-17 08:30:00,LONG,2024-07-17 08:42:00,0.125,0.1239,0.1261,0.1268,2024-07-17 11:17:00,0.1239,INITIAL_STOP,-1.091,0.0,True,False,False,2024-07,2024,7,Q3
DOGE/USDT,2024-07-17 08:20:00,2024-07-17 08:30:00,LONG,2024-07-17 08:42:00,0.125,0.1237,0.1264,0.1273,2024-07-17 11:36:00,0.1237,INITIAL_STOP,-1.072,0.0,True,False,False,2024-07,2024,7,Q3
DOGE/USDT,2024-07-21 01:00:00,2024-07-21 01:20:00,LONG,2024-07-21 02:59:00,0.1327,0.132,0.1334,0.1338,2024-07-21 04:33:00,0.132,INITIAL_STOP,-1.154,0.0,False,False,False,2024-07,2024,7,Q3
DOGE/USDT,2024-07-21 13:40:00,2024-07-21 13:55:00,LONG,2024-07-21 14:02:00,0.1313,0.1305,0.132,0.1324,2024-07-21 14:05:00,0.1305,INITIAL_STOP,-1.145,0.0,False,False,False,2024-07,2024,7,Q3
DOGE/USDT,2024-07-21 16:25:00,2024-07-21 16:50:00,LONG,2024-07-21 17:19:00,0.131,0.1301,0.1319,0.1325,2024-07-21 17:50:00,0.1301,INITIAL_STOP,-1.114,0.0,True,False,False,2024-07,2024,7,Q3
DOGE/USDT,2024-07-24 03:45:00,2024-07-24 05:05:00,SHORT,2024-07-24 06:07:00,0.1311,0.1319,0.1302,0.1297,2024-07-24 07:19:00,0.1319,INITIAL_STOP,-1.124,0.0,False,False,False,2024-07,2024,7,Q3
DOGE/USDT,2024-07-27 15:45:00,2024-07-27 15:55:00,LONG,2024-07-27 16:10:00,0.1343,0.1334,0.1353,0.1358,2024-07-27 16:48:00,0.1334,INITIAL_STOP,-1.113,0.0,False,False,False,2024-07,2024,7,Q3
DOGE/USDT,2024-07-27 16:45:00,2024-07-27 17:05:00,LONG,2024-07-27 17:15:00,0.1333,0.1331,0.1336,0.1337,2024-07-27 17:16:00,0.1331,INITIAL_STOP,-1.444,0.0,False,False,False,2024-07,2024,7,Q3
DOGE/USDT,2024-07-27 20:25:00,2024-07-27 21:10:00,LONG,2024-07-27 21:17:00,0.1339,0.1299,0.1378,0.1403,2024-07-28 00:08:00,0.1299,INITIAL_STOP,-1.027,0.0,True,False,False,2024-07,2024,7,Q3
DOGE/USDT,2024-07-28 03:15:00,2024-07-28 03:30:00,LONG,2024-07-28 03:43:00,0.1299,0.1291,0.1306,0.1311,2024-07-28 04:07:00,0.1291,INITIAL_STOP,-1.138,0.0,False,False,False,2024-07,2024,7,Q3
DOGE/USDT,2024-07-29 16:30:00,2024-07-29 17:05:00,LONG,2024-07-29 17:29:00,0.1289,0.1278,0.1301,0.1308,2024-07-29 21:28:00,0.1278,INITIAL_STOP,-1.091,0.0,True,False,False,2024-07,2024,7,Q3
DOGE/USDT,2024-07-30 01:20:00,2024-07-30 01:35:00,SHORT,2024-07-30 03:11:00,0.1298,0.1306,0.129,0.1285,2024-07-30 07:16:00,0.1297,BE_STOP,0.368,0.5,False,False,False,2024-07,2024,7,Q3
DOGE/USDT,2024-07-30 21:55:00,2024-07-30 23:10:00,SHORT,2024-07-31 00:44:00,0.1259,0.1262,0.1256,0.1254,2024-07-31 00:49:00,0.1258,BE_STOP,0.179,0.5,True,False,False,2024-07,2024,7,Q3
DOGE/USDT,2024-07-31 13:30:00,2024-07-31 14:15:00,SHORT,2024-07-31 14:48:00,0.127,0.1273,0.1268,0.1267,2024-07-31 14:50:00,0.1267,GRID_B_FULL_TP,0.858,1.309,True,False,False,2024-07,2024,7,Q3
DOGE/USDT,2024-08-02 11:25:00,2024-08-02 11:40:00,SHORT,2024-08-02 11:49:00,0.1174,0.1182,0.1166,0.1161,2024-08-02 12:31:00,0.1173,BE_STOP,0.379,0.5,False,False,False,2024-08,2024,8,Q3
DOGE/USDT,2024-08-02 13:40:00,2024-08-02 14:10:00,SHORT,2024-08-02 14:30:00,0.1179,0.1194,0.1164,0.1155,2024-08-02 14:44:00,0.1155,GRID_B_FULL_TP,1.246,1.309,False,False,False,2024-08,2024,8,Q3
DOGE/USDT,2024-08-03 06:00:00,2024-08-03 06:25:00,SHORT,2024-08-03 06:39:00,0.1135,0.1138,0.1132,0.1131,2024-08-03 06:42:00,0.1138,INITIAL_STOP,-1.33,0.0,True,False,False,2024-08,2024,8,Q3
DOGE/USDT,2024-08-03 12:20:00,2024-08-03 12:50:00,SHORT,2024-08-03 13:00:00,0.1132,0.1138,0.1126,0.1123,2024-08-03 14:00:00,0.1138,INITIAL_STOP,-1.156,0.0,True,False,False,2024-08,2024,8,Q3
DOGE/USDT,2024-08-03 21:35:00,2024-08-03 22:20:00,SHORT,2024-08-03 22:27:00,0.1076,0.1079,0.1073,0.1072,2024-08-03 22:32:00,0.1079,INITIAL_STOP,-1.29,0.0,True,False,False,2024-08,2024,8,Q3
DOGE/USDT,2024-08-03 23:15:00,2024-08-03 23:35:00,SHORT,2024-08-03 23:45:00,0.1082,0.1088,0.1076,0.1073,2024-08-04 01:20:00,0.1081,BE_STOP,0.345,0.5,True,False,False,2024-08,2024,8,Q3
DOGE/USDT,2024-08-04 02:30:00,2024-08-04 02:45:00,SHORT,2024-08-04 02:50:00,0.1088,0.1096,0.108,0.1076,2024-08-04 04:39:00,0.1076,GRID_B_FULL_TP,1.198,1.309,False,False,False,2024-08,2024,8,Q3
DOGE/USDT,2024-08-09 02:00:00,2024-08-09 02:45:00,LONG,2024-08-09 02:52:00,0.1057,0.1053,0.1062,0.1064,2024-08-09 02:59:00,0.1053,INITIAL_STOP,-1.202,0.0,False,False,False,2024-08,2024,8,Q3
DOGE/USDT,2024-08-09 14:35:00,2024-08-09 14:50:00,LONG,2024-08-09 15:29:00,0.1026,0.1014,0.1037,0.1044,2024-08-09 22:01:00,0.1044,GRID_B_FULL_TP,1.236,1.309,True,False,False,2024-08,2024,8,Q3
DOGE/USDT,2024-08-12 02:55:00,2024-08-12 03:10:00,SHORT,2024-08-12 03:31:00,0.102,0.1025,0.1014,0.1011,2024-08-12 04:35:00,0.1019,BE_STOP,0.35,0.5,False,False,False,2024-08,2024,8,Q3
DOGE/USDT,2024-08-15 22:35:00,2024-08-15 22:50:00,SHORT,2024-08-15 23:00:00,0.1001,0.1007,0.0995,0.0991,2024-08-16 01:57:00,0.1,BE_STOP,0.369,0.5,True,False,False,2024-08,2024,8,Q3
DOGE/USDT,2024-08-16 02:30:00,2024-08-16 03:40:00,SHORT,2024-08-16 03:45:00,0.1005,0.1017,0.0993,0.0986,2024-08-16 06:42:00,0.1017,INITIAL_STOP,-1.068,0.0,False,False,False,2024-08,2024,8,Q3
DOGE/USDT,2024-08-16 06:50:00,2024-08-16 07:05:00,SHORT,2024-08-16 07:11:00,0.1017,0.1022,0.1012,0.1009,2024-08-16 11:11:00,0.1009,GRID_B_FULL_TP,1.15,1.309,True,False,False,2024-08,2024,8,Q3
DOGE/USDT,2024-08-18 14:20:00,2024-08-18 15:20:00,LONG,2024-08-18 17:09:00,0.103,0.1026,0.1033,0.1035,2024-08-18 17:24:00,0.1026,INITIAL_STOP,-1.258,0.0,True,False,False,2024-08,2024,8,Q3
DOGE/USDT,2024-08-18 17:25:00,2024-08-18 18:35:00,LONG,2024-08-18 18:49:00,0.1022,0.1019,0.1025,0.1027,2024-08-18 19:38:00,0.1027,GRID_B_FULL_TP,1.015,1.309,False,False,False,2024-08,2024,8,Q3
DOGE/USDT,2024-08-20 13:10:00,2024-08-20 13:45:00,LONG,2024-08-20 14:11:00,0.1044,0.1039,0.105,0.1053,2024-08-20 14:17:00,0.1039,INITIAL_STOP,-1.149,0.0,False,False,False,2024-08,2024,8,Q3
DOGE/USDT,2024-08-20 15:00:00,2024-08-20 15:20:00,LONG,2024-08-20 15:50:00,0.102,0.1014,0.1025,0.1028,2024-08-20 16:17:00,0.1028,GRID_B_FULL_TP,1.154,1.309,False,False,False,2024-08,2024,8,Q3
DOGE/USDT,2024-08-25 21:20:00,2024-08-25 22:25:00,SHORT,2024-08-25 23:00:00,0.1106,0.111,0.1103,0.1101,2024-08-25 23:05:00,0.111,INITIAL_STOP,-1.256,0.0,False,False,False,2024-08,2024,8,Q3
DOGE/USDT,2024-08-25 23:10:00,2024-08-25 23:20:00,SHORT,2024-08-25 23:26:00,0.1107,0.1114,0.1101,0.1097,2024-08-25 23:47:00,0.1097,GRID_B_FULL_TP,1.166,1.309,False,False,False,2024-08,2024,8,Q3
DOGE/USDT,2024-08-26 10:00:00,2024-08-26 10:50:00,SHORT,2024-08-26 11:27:00,0.1092,0.1098,0.1085,0.1081,2024-08-26 12:25:00,0.1081,GRID_B_FULL_TP,1.173,1.309,False,False,False,2024-08,2024,8,Q3
DOGE/USDT,2024-09-04 14:05:00,2024-09-04 14:20:00,SHORT,2024-09-04 14:30:00,0.0961,0.0964,0.0957,0.0955,2024-09-04 14:38:00,0.0964,INITIAL_STOP,-1.23,0.0,False,False,False,2024-09,2024,9,Q3
DOGE/USDT,2024-09-04 15:00:00,2024-09-04 15:30:00,SHORT,2024-09-04 15:37:00,0.0974,0.0978,0.0969,0.0967,2024-09-04 15:52:00,0.0978,INITIAL_STOP,-1.171,0.0,True,False,False,2024-09,2024,9,Q3
DOGE/USDT,2024-09-04 16:00:00,2024-09-04 16:40:00,SHORT,2024-09-04 16:54:00,0.099,0.0992,0.0988,0.0987,2024-09-04 16:55:00,0.0992,INITIAL_STOP,-1.42,0.0,True,False,False,2024-09,2024,9,Q3
DOGE/USDT,2024-09-06 12:10:00,2024-09-06 12:35:00,LONG,2024-09-06 12:42:00,0.0969,0.0962,0.0975,0.098,2024-09-06 13:32:00,0.0969,BE_STOP,0.385,0.5,True,False,False,2024-09,2024,9,Q3
DOGE/USDT,2024-09-06 12:30:00,2024-09-06 12:50:00,LONG,2024-09-06 13:00:00,0.0976,0.0958,0.0995,0.1006,2024-09-06 13:40:00,0.0958,INITIAL_STOP,-1.042,0.0,True,False,False,2024-09,2024,9,Q3
DOGE/USDT,2024-09-07 05:05:00,2024-09-07 05:50:00,SHORT,2024-09-07 06:30:00,0.0932,0.0935,0.0929,0.0927,2024-09-07 07:26:00,0.0935,INITIAL_STOP,-1.241,0.0,False,False,False,2024-09,2024,9,Q3
DOGE/USDT,2024-09-07 13:05:00,2024-09-07 13:45:00,SHORT,2024-09-07 13:54:00,0.0951,0.0953,0.0948,0.0947,2024-09-07 14:26:00,0.095,BE_STOP,0.186,0.5,True,False,False,2024-09,2024,9,Q3
DOGE/USDT,2024-09-10 00:10:00,2024-09-10 00:50:00,LONG,2024-09-10 01:07:00,0.1031,0.1027,0.1036,0.1038,2024-09-10 01:31:00,0.1027,INITIAL_STOP,-1.192,0.0,False,False,False,2024-09,2024,9,Q3
DOGE/USDT,2024-09-10 00:25:00,2024-09-10 00:50:00,LONG,2024-09-10 01:07:00,0.1031,0.1019,0.1043,0.1051,2024-09-10 12:50:00,0.1032,BE_STOP,0.431,0.5,False,False,False,2024-09,2024,9,Q3
DOGE/USDT,2024-09-10 14:05:00,2024-09-10 14:25:00,LONG,2024-09-10 14:51:00,0.102,0.1016,0.1024,0.1026,2024-09-10 15:12:00,0.1021,BE_STOP,0.292,0.5,True,False,False,2024-09,2024,9,Q3
DOGE/USDT,2024-09-14 05:30:00,2024-09-14 05:40:00,LONG,2024-09-14 05:53:00,0.1067,0.1063,0.1071,0.1074,2024-09-14 05:59:00,0.1063,INITIAL_STOP,-1.213,0.0,False,False,False,2024-09,2024,9,Q3
DOGE/USDT,2024-09-16 05:55:00,2024-09-16 06:40:00,SHORT,2024-09-16 07:06:00,0.1018,0.1021,0.1015,0.1013,2024-09-16 07:23:00,0.1021,INITIAL_STOP,-1.26,0.0,False,False,False,2024-09,2024,9,Q3
DOGE/USDT,2024-09-16 08:25:00,2024-09-16 08:35:00,SHORT,2024-09-16 09:07:00,0.1027,0.1031,0.1022,0.102,2024-09-16 09:46:00,0.102,GRID_B_FULL_TP,1.128,1.309,False,False,False,2024-09,2024,9,Q3
DOGE/USDT,2024-09-17 14:15:00,2024-09-17 14:55:00,SHORT,2024-09-17 15:02:00,0.1011,0.1014,0.1008,0.1006,2024-09-17 15:03:00,0.1014,INITIAL_STOP,-1.287,0.0,True,False,False,2024-09,2024,9,Q3
DOGE/USDT,2024-09-17 14:20:00,2024-09-17 14:55:00,SHORT,2024-09-17 15:02:00,0.1011,0.1019,0.1002,0.0997,2024-09-17 15:15:00,0.1019,INITIAL_STOP,-1.095,0.0,True,False,False,2024-09,2024,9,Q3
DOGE/USDT,2024-09-22 09:25:00,2024-09-22 09:35:00,LONG,2024-09-22 09:42:00,0.1075,0.1072,0.1079,0.1081,2024-09-22 09:54:00,0.1072,INITIAL_STOP,-1.252,0.0,True,False,False,2024-09,2024,9,Q3
DOGE/USDT,2024-09-22 14:40:00,2024-09-22 15:20:00,LONG,2024-09-22 15:59:00,0.1057,0.1052,0.1062,0.1065,2024-09-22 16:17:00,0.1052,INITIAL_STOP,-1.163,0.0,True,False,False,2024-09,2024,9,Q3
DOGE/USDT,2024-09-22 22:00:00,2024-09-22 22:20:00,LONG,2024-09-23 00:15:00,0.1045,0.1038,0.1052,0.1056,2024-09-23 00:32:00,0.1056,GRID_B_FULL_TP,1.192,1.309,True,False,False,2024-09,2024,9,Q3
DOGE/USDT,2024-09-26 18:20:00,2024-09-26 18:55:00,LONG,2024-09-26 19:11:00,0.1181,0.1171,0.1191,0.1197,2024-09-26 20:20:00,0.1171,INITIAL_STOP,-1.095,0.0,True,False,False,2024-09,2024,9,Q3
DOGE/USDT,2024-09-30 05:25:00,2024-09-30 06:25:00,SHORT,2024-09-30 07:12:00,0.123,0.1233,0.1228,0.1227,2024-09-30 07:18:00,0.123,BE_STOP,0.041,0.5,False,False,False,2024-09,2024,9,Q3
DOGE/USDT,2024-10-02 02:50:00,2024-10-02 03:30:00,SHORT,2024-10-02 03:37:00,0.1084,0.1087,0.1082,0.108,2024-10-02 03:41:00,0.1087,INITIAL_STOP,-1.324,0.0,False,False,False,2024-10,2024,10,Q4
DOGE/USDT,2024-10-03 14:05:00,2024-10-03 14:25:00,SHORT,2024-10-03 14:34:00,0.1041,0.1055,0.1027,0.1018,2024-10-03 15:20:00,0.1018,GRID_B_FULL_TP,1.251,1.309,False,False,False,2024-10,2024,10,Q4
DOGE/USDT,2024-10-10 21:55:00,2024-10-10 22:55:00,SHORT,2024-10-10 23:18:00,0.1061,0.1065,0.1058,0.1056,2024-10-11 01:11:00,0.1061,BE_STOP,0.26,0.5,True,False,False,2024-10,2024,10,Q4
DOGE/USDT,2024-10-11 03:05:00,2024-10-11 03:20:00,SHORT,2024-10-11 03:41:00,0.1079,0.1084,0.1075,0.1073,2024-10-11 04:48:00,0.1073,GRID_B_FULL_TP,1.102,1.309,False,False,False,2024-10,2024,10,Q4
DOGE/USDT,2024-10-15 20:20:00,2024-10-15 20:45:00,LONG,2024-10-15 20:50:00,0.1132,0.1129,0.1135,0.1137,2024-10-15 20:56:00,0.1133,BE_STOP,0.23,0.5,True,False,False,2024-10,2024,10,Q4
DOGE/USDT,2024-10-21 12:35:00,2024-10-21 12:55:00,LONG,2024-10-21 13:14:00,0.1438,0.1429,0.1447,0.1453,2024-10-21 13:17:00,0.1429,INITIAL_STOP,-1.127,0.0,False,False,False,2024-10,2024,10,Q4
DOGE/USDT,2024-10-21 12:40:00,2024-10-21 12:55:00,LONG,2024-10-21 13:14:00,0.1438,0.1424,0.1452,0.1461,2024-10-21 13:18:00,0.1424,INITIAL_STOP,-1.081,0.0,False,False,False,2024-10,2024,10,Q4
DOGE/USDT,2024-10-28 06:10:00,2024-10-28 06:50:00,LONG,2024-10-28 08:39:00,0.1428,0.1419,0.1438,0.1443,2024-10-28 09:59:00,0.1443,GRID_B_FULL_TP,1.187,1.309,False,False,False,2024-10,2024,10,Q4
DOGE/USDT,2024-11-05 19:50:00,2024-11-05 20:30:00,LONG,2024-11-05 21:57:00,0.1679,0.1662,0.1695,0.1705,2024-11-05 22:17:00,0.1662,INITIAL_STOP,-1.082,0.0,True,False,False,2024-11,2024,11,Q4
DOGE/USDT,2024-11-06 16:20:00,2024-11-06 16:30:00,LONG,2024-11-06 17:22:00,0.1902,0.1867,0.1937,0.1959,2024-11-06 18:11:00,0.1959,GRID_B_FULL_TP,1.265,1.309,False,False,False,2024-11,2024,11,Q4
DOGE/USDT,2024-11-09 12:30:00,2024-11-09 13:10:00,LONG,2024-11-09 14:08:00,0.2054,0.2036,0.2072,0.2083,2024-11-09 14:44:00,0.2036,INITIAL_STOP,-1.091,0.0,True,False,False,2024-11,2024,11,Q4
DOGE/USDT,2024-11-11 03:20:00,2024-11-11 03:35:00,LONG,2024-11-11 05:16:00,0.289,0.2846,0.2934,0.2961,2024-11-11 05:25:00,0.2846,INITIAL_STOP,-1.052,0.0,False,False,False,2024-11,2024,11,Q4
DOGE/USDT,2024-11-11 05:25:00,2024-11-11 06:05:00,LONG,2024-11-11 06:11:00,0.2796,0.2779,0.2813,0.2824,2024-11-11 06:15:00,0.2798,BE_STOP,0.369,0.5,False,False,False,2024-11,2024,11,Q4
DOGE/USDT,2024-11-13 04:35:00,2024-11-13 05:20:00,LONG,2024-11-13 05:37:00,0.363,0.3595,0.3665,0.3686,2024-11-13 05:41:00,0.3632,BE_STOP,0.417,0.5,False,False,False,2024-11,2024,11,Q4
DOGE/USDT,2024-11-15 12:10:00,2024-11-15 12:35:00,SHORT,2024-11-15 12:50:00,0.3749,0.3822,0.3675,0.363,2024-11-15 14:34:00,0.363,GRID_B_FULL_TP,1.268,1.309,True,False,False,2024-11,2024,11,Q4
DOGE/USDT,2024-11-19 08:15:00,2024-11-19 08:50:00,LONG,2024-11-19 09:01:00,0.384,0.3801,0.3879,0.3903,2024-11-19 12:39:00,0.3903,GRID_B_FULL_TP,1.23,1.309,False,False,False,2024-11,2024,11,Q4
DOGE/USDT,2024-11-20 11:10:00,2024-11-20 11:50:00,LONG,2024-11-20 12:02:00,0.3885,0.3832,0.3938,0.3971,2024-11-20 12:46:00,0.3832,INITIAL_STOP,-1.059,0.0,False,False,False,2024-11,2024,11,Q4
DOGE/USDT,2024-11-24 08:50:00,2024-11-24 09:05:00,LONG,2024-11-24 09:10:00,0.4301,0.4262,0.4341,0.4366,2024-11-24 09:24:00,0.4262,INITIAL_STOP,-1.086,0.0,True,False,False,2024-11,2024,11,Q4
DOGE/USDT,2024-11-24 20:55:00,2024-11-24 21:10:00,SHORT,2024-11-24 21:15:00,0.4249,0.4283,0.4215,0.4194,2024-11-24 21:47:00,0.4245,BE_STOP,0.399,0.5,True,False,False,2024-11,2024,11,Q4
DOGE/USDT,2024-11-25 20:30:00,2024-11-25 20:45:00,SHORT,2024-11-25 21:02:00,0.4055,0.4091,0.4019,0.3997,2024-11-25 21:24:00,0.3997,GRID_B_FULL_TP,1.218,1.309,True,False,False,2024-11,2024,11,Q4
DOGE/USDT,2024-11-26 00:15:00,2024-11-26 00:55:00,SHORT,2024-11-26 01:03:00,0.402,0.4044,0.3996,0.3981,2024-11-26 01:20:00,0.4044,INITIAL_STOP,-1.135,0.0,False,False,False,2024-11,2024,11,Q4
DOGE/USDT,2024-11-26 20:00:00,2024-11-26 20:20:00,SHORT,2024-11-26 20:34:00,0.3814,0.3825,0.3804,0.3797,2024-11-26 20:35:00,0.3797,GRID_B_FULL_TP,1.016,1.309,True,False,False,2024-11,2024,11,Q4
DOGE/USDT,2024-11-28 07:50:00,2024-11-28 08:20:00,LONG,2024-11-28 09:59:00,0.4012,0.4002,0.4023,0.403,2024-11-28 10:00:00,0.403,GRID_B_FULL_TP,1.012,1.309,False,False,False,2024-11,2024,11,Q4
DOGE/USDT,2024-11-28 11:15:00,2024-11-28 11:45:00,LONG,2024-11-28 12:39:00,0.3992,0.396,0.4023,0.4043,2024-11-28 14:08:00,0.4043,GRID_B_FULL_TP,1.208,1.309,True,False,False,2024-11,2024,11,Q4
DOGE/USDT,2024-12-02 13:15:00,2024-12-02 14:15:00,SHORT,2024-12-02 14:25:00,0.4193,0.4213,0.4173,0.416,2024-12-02 14:30:00,0.4213,INITIAL_STOP,-1.165,0.0,True,False,False,2024-12,2024,12,Q4
DOGE/USDT,2024-12-04 07:15:00,2024-12-04 07:50:00,SHORT,2024-12-04 08:00:00,0.4213,0.4232,0.4193,0.4181,2024-12-04 08:35:00,0.421,BE_STOP,0.327,0.5,True,False,False,2024-12,2024,12,Q4
DOGE/USDT,2024-12-05 07:15:00,2024-12-05 07:25:00,LONG,2024-12-05 09:04:00,0.4354,0.4304,0.4403,0.4434,2024-12-05 10:09:00,0.4434,GRID_B_FULL_TP,1.239,1.309,False,False,False,2024-12,2024,12,Q4
DOGE/USDT,2024-12-07 23:00:00,2024-12-07 23:30:00,LONG,2024-12-07 23:53:00,0.4535,0.4513,0.4558,0.4571,2024-12-08 00:07:00,0.4513,INITIAL_STOP,-1.163,0.0,True,False,False,2024-12,2024,12,Q4
DOGE/USDT,2024-12-10 00:30:00,2024-12-10 00:45:00,SHORT,2024-12-10 00:59:00,0.419,0.4216,0.4163,0.4147,2024-12-10 01:12:00,0.4147,GRID_B_FULL_TP,1.183,1.309,False,False,False,2024-12,2024,12,Q4
DOGE/USDT,2024-12-10 09:10:00,2024-12-10 09:45:00,SHORT,2024-12-10 09:53:00,0.4098,0.4163,0.4032,0.3991,2024-12-10 12:34:00,0.3991,GRID_B_FULL_TP,1.259,1.309,False,False,False,2024-12,2024,12,Q4
DOGE/USDT,2024-12-15 04:20:00,2024-12-15 04:35:00,SHORT,2024-12-15 04:40:00,0.4001,0.403,0.3972,0.3954,2024-12-15 07:32:00,0.3954,GRID_B_FULL_TP,1.198,1.309,False,False,False,2024-12,2024,12,Q4
DOGE/USDT,2024-12-18 09:30:00,2024-12-18 10:20:00,SHORT,2024-12-18 10:44:00,0.3867,0.3883,0.385,0.384,2024-12-18 11:03:00,0.3883,INITIAL_STOP,-1.187,0.0,False,False,False,2024-12,2024,12,Q4
DOGE/USDT,2024-12-18 18:15:00,2024-12-18 18:40:00,SHORT,2024-12-18 18:54:00,0.3879,0.3893,0.3864,0.3856,2024-12-18 18:58:00,0.3893,INITIAL_STOP,-1.22,0.0,False,False,False,2024-12,2024,12,Q4
DOGE/USDT,2024-12-18 22:35:00,2024-12-18 22:45:00,SHORT,2024-12-18 23:26:00,0.3621,0.3672,0.3569,0.3537,2024-12-19 00:32:00,0.3618,BE_STOP,0.444,0.5,True,False,False,2024-12,2024,12,Q4
DOGE/USDT,2024-12-19 10:40:00,2024-12-19 11:00:00,SHORT,2024-12-19 11:21:00,0.3658,0.3668,0.3648,0.3642,2024-12-19 11:38:00,0.3642,GRID_B_FULL_TP,1.008,1.309,True,False,False,2024-12,2024,12,Q4
DOGE/USDT,2024-12-20 19:20:00,2024-12-20 20:05:00,SHORT,2024-12-20 20:12:00,0.3164,0.3194,0.3134,0.3115,2024-12-20 20:31:00,0.3115,GRID_B_FULL_TP,1.225,1.309,False,False,False,2024-12,2024,12,Q4
DOGE/USDT,2024-12-21 01:10:00,2024-12-21 01:40:00,SHORT,2024-12-21 01:45:00,0.325,0.3268,0.3232,0.3221,2024-12-21 01:49:00,0.3268,INITIAL_STOP,-1.145,0.0,False,False,False,2024-12,2024,12,Q4
DOGE/USDT,2024-12-25 02:10:00,2024-12-25 02:50:00,LONG,2024-12-25 03:01:00,0.3349,0.3315,0.3384,0.3405,2024-12-25 04:02:00,0.3315,INITIAL_STOP,-1.078,0.0,False,False,False,2024-12,2024,12,Q4
DOGE/USDT,2024-12-25 11:55:00,2024-12-25 12:20:00,LONG,2024-12-25 12:40:00,0.331,0.3295,0.3324,0.3333,2024-12-25 12:46:00,0.3312,BE_STOP,0.319,0.5,True,False,False,2024-12,2024,12,Q4
DOGE/USDT,2024-12-25 16:20:00,2024-12-25 16:50:00,LONG,2024-12-25 17:05:00,0.3279,0.325,0.3308,0.3326,2024-12-25 19:19:00,0.3326,GRID_B_FULL_TP,1.219,1.309,True,False,False,2024-12,2024,12,Q4
DOGE/USDT,2024-12-29 14:30:00,2024-12-29 14:55:00,LONG,2024-12-29 15:02:00,0.3212,0.3197,0.3226,0.3235,2024-12-29 15:59:00,0.3197,INITIAL_STOP,-1.176,0.0,True,False,False,2024-12,2024,12,Q4
DOGE/USDT,2024-12-31 12:05:00,2024-12-31 12:40:00,SHORT,2024-12-31 13:10:00,0.3215,0.3224,0.3206,0.3201,2024-12-31 13:15:00,0.3224,INITIAL_STOP,-1.297,0.0,True,False,False,2024-12,2024,12,Q4
DOGE/USDT,2024-12-31 17:35:00,2024-12-31 17:55:00,LONG,2024-12-31 18:21:00,0.3181,0.3147,0.3216,0.3237,2025-01-01 08:27:00,0.3147,INITIAL_STOP,-1.074,0.0,True,False,False,2024-12,2024,12,Q4
DOGE/USDT,2025-01-02 16:00:00,2025-01-02 16:15:00,LONG,2025-01-02 17:37:00,0.3367,0.3333,0.3401,0.3422,2025-01-02 21:06:00,0.337,BE_STOP,0.421,0.5,False,False,False,2025-01,2025,1,Q1
DOGE/USDT,2025-01-05 01:30:00,2025-01-05 02:00:00,LONG,2025-01-05 02:32:00,0.3909,0.3899,0.3919,0.3926,2025-01-05 02:50:00,0.3899,INITIAL_STOP,-1.306,0.0,False,False,False,2025-01,2025,1,Q1
DOGE/USDT,2025-01-10 05:35:00,2025-01-10 05:50:00,SHORT,2025-01-10 06:09:00,0.3301,0.3316,0.3285,0.3275,2025-01-10 06:46:00,0.3316,INITIAL_STOP,-1.166,0.0,False,False,False,2025-01,2025,1,Q1
DOGE/USDT,2025-01-10 07:40:00,2025-01-10 07:55:00,SHORT,2025-01-10 08:00:00,0.3367,0.34,0.3333,0.3313,2025-01-10 13:30:00,0.3313,GRID_B_FULL_TP,1.229,1.309,True,False,False,2025-01,2025,1,Q1
DOGE/USDT,2025-01-13 22:15:00,2025-01-13 22:35:00,SHORT,2025-01-13 22:45:00,0.3366,0.3382,0.3349,0.3339,2025-01-13 23:35:00,0.3382,INITIAL_STOP,-1.164,0.0,False,False,False,2025-01,2025,1,Q1
DOGE/USDT,2025-01-15 09:50:00,2025-01-15 10:05:00,LONG,2025-01-15 10:18:00,0.3541,0.3515,0.3566,0.3582,2025-01-15 11:09:00,0.3515,INITIAL_STOP,-1.111,0.0,True,False,False,2025-01,2025,1,Q1
DOGE/USDT,2025-01-15 11:25:00,2025-01-15 11:50:00,LONG,2025-01-15 12:01:00,0.3511,0.349,0.3533,0.3547,2025-01-15 12:22:00,0.349,INITIAL_STOP,-1.129,0.0,True,False,False,2025-01,2025,1,Q1
DOGE/USDT,2025-01-17 12:30:00,2025-01-17 13:05:00,LONG,2025-01-17 13:13:00,0.4107,0.4095,0.4118,0.4125,2025-01-17 13:18:00,0.4095,INITIAL_STOP,-1.283,0.0,True,False,False,2025-01,2025,1,Q1
DOGE/USDT,2025-01-18 13:55:00,2025-01-18 14:10:00,SHORT,2025-01-18 15:34:00,0.4019,0.405,0.3988,0.397,2025-01-18 16:02:00,0.397,GRID_B_FULL_TP,1.204,1.309,False,False,False,2025-01,2025,1,Q1
DOGE/USDT,2025-01-19 19:30:00,2025-01-19 19:45:00,SHORT,2025-01-19 19:58:00,0.395,0.3991,0.391,0.3885,2025-01-19 20:07:00,0.3991,INITIAL_STOP,-1.078,0.0,False,False,False,2025-01,2025,1,Q1
DOGE/USDT,2025-01-27 12:55:00,2025-01-27 13:50:00,SHORT,2025-01-27 14:31:00,0.322,0.3225,0.3215,0.3212,2025-01-27 14:32:00,0.3225,INITIAL_STOP,-1.507,0.0,True,False,False,2025-01,2025,1,Q1
DOGE/USDT,2025-01-27 21:05:00,2025-01-27 21:35:00,SHORT,2025-01-27 22:49:00,0.3323,0.3343,0.3303,0.3291,2025-01-27 23:57:00,0.3343,INITIAL_STOP,-1.133,0.0,False,False,False,2025-01,2025,1,Q1
DOGE/USDT,2025-02-03 10:45:00,2025-02-03 11:15:00,SHORT,2025-02-03 12:18:00,0.2577,0.2595,0.2559,0.2548,2025-02-03 12:45:00,0.2548,GRID_B_FULL_TP,1.193,1.309,False,False,False,2025-02,2025,2,Q1
DOGE/USDT,2025-02-04 12:35:00,2025-02-04 12:45:00,SHORT,2025-02-04 12:54:00,0.2725,0.2757,0.2694,0.2674,2025-02-04 14:11:00,0.2674,GRID_B_FULL_TP,1.24,1.309,False,False,False,2025-02,2025,2,Q1
DOGE/USDT,2025-02-07 01:50:00,2025-02-07 02:15:00,SHORT,2025-02-07 02:21:00,0.2531,0.2547,0.2516,0.2507,2025-02-07 03:36:00,0.2507,GRID_B_FULL_TP,1.177,1.309,False,False,False,2025-02,2025,2,Q1
DOGE/USDT,2025-02-11 13:55:00,2025-02-11 14:10:00,LONG,2025-02-11 14:31:00,0.2577,0.2549,0.2604,0.2621,2025-02-11 16:27:00,0.2579,BE_STOP,0.425,0.5,False,False,False,2025-02,2025,2,Q1
DOGE/USDT,2025-02-11 17:00:00,2025-02-11 17:20:00,LONG,2025-02-11 17:34:00,0.2556,0.2551,0.256,0.2563,2025-02-11 17:35:00,0.2551,INITIAL_STOP,-1.446,0.0,False,False,False,2025-02,2025,2,Q1
DOGE/USDT,2025-02-13 05:05:00,2025-02-13 05:25:00,LONG,2025-02-13 05:30:00,0.2618,0.2598,0.2639,0.2651,2025-02-13 06:34:00,0.2598,INITIAL_STOP,-1.103,0.0,False,False,False,2025-02,2025,2,Q1
DOGE/USDT,2025-02-14 22:35:00,2025-02-14 23:15:00,LONG,2025-02-15 00:35:00,0.2703,0.2673,0.2732,0.2751,2025-02-15 01:35:00,0.2751,GRID_B_FULL_TP,1.236,1.309,True,False,False,2025-02,2025,2,Q1
DOGE/USDT,2025-02-15 06:05:00,2025-02-15 06:20:00,LONG,2025-02-15 06:33:00,0.2775,0.2765,0.2785,0.2792,2025-02-15 06:47:00,0.2765,INITIAL_STOP,-1.218,0.0,False,False,False,2025-02,2025,2,Q1
DOGE/USDT,2025-02-15 14:35:00,2025-02-15 14:50:00,LONG,2025-02-15 16:44:00,0.273,0.2712,0.2748,0.2759,2025-02-15 17:20:00,0.2712,INITIAL_STOP,-1.121,0.0,False,False,False,2025-02,2025,2,Q1
DOGE/USDT,2025-02-17 10:05:00,2025-02-17 10:30:00,SHORT,2025-02-17 12:16:00,0.2648,0.266,0.2635,0.2627,2025-02-17 14:06:00,0.266,INITIAL_STOP,-1.168,0.0,False,False,False,2025-02,2025,2,Q1
DOGE/USDT,2025-02-17 14:10:00,2025-02-17 15:10:00,SHORT,2025-02-17 15:21:00,0.2669,0.2689,0.2649,0.2637,2025-02-17 15:33:00,0.2637,GRID_B_FULL_TP,1.2,1.309,False,False,False,2025-02,2025,2,Q1
DOGE/USDT,2025-02-19 02:05:00,2025-02-19 03:05:00,SHORT,2025-02-19 03:28:00,0.2527,0.2532,0.2522,0.2519,2025-02-19 03:31:00,0.2519,GRID_B_FULL_TP,0.904,1.309,False,False,False,2025-02,2025,2,Q1
DOGE/USDT,2025-02-25 02:45:00,2025-02-25 03:05:00,SHORT,2025-02-25 03:48:00,0.2124,0.2141,0.2108,0.2097,2025-02-25 04:01:00,0.2097,GRID_B_FULL_TP,1.207,1.309,False,False,False,2025-02,2025,2,Q1
DOGE/USDT,2025-02-25 12:05:00,2025-02-25 12:35:00,SHORT,2025-02-25 12:46:00,0.2075,0.209,0.2061,0.2052,2025-02-25 12:56:00,0.2074,BE_STOP,0.384,0.5,False,False,False,2025-02,2025,2,Q1
DOGE/USDT,2025-02-27 02:20:00,2025-02-27 02:35:00,SHORT,2025-02-27 03:11:00,0.2054,0.2066,0.2042,0.2034,2025-02-27 03:54:00,0.2066,INITIAL_STOP,-1.138,0.0,False,False,False,2025-02,2025,2,Q1
DOGE/USDT,2025-03-01 01:45:00,2025-03-01 02:05:00,SHORT,2025-03-01 02:10:00,0.2036,0.2047,0.2026,0.2019,2025-03-01 02:22:00,0.2047,INITIAL_STOP,-1.151,0.0,False,False,False,2025-03,2025,3,Q1
DOGE/USDT,2025-03-04 11:10:00,2025-03-04 12:00:00,SHORT,2025-03-04 12:45:00,0.1936,0.1956,0.1916,0.1904,2025-03-04 13:10:00,0.1904,GRID_B_FULL_TP,1.232,1.309,False,False,False,2025-03,2025,3,Q1
DOGE/USDT,2025-03-10 00:50:00,2025-03-10 01:15:00,SHORT,2025-03-10 01:31:00,0.1709,0.1715,0.1703,0.17,2025-03-10 01:33:00,0.1715,INITIAL_STOP,-1.237,0.0,False,False,False,2025-03,2025,3,Q1
DOGE/USDT,2025-03-13 01:20:00,2025-03-13 01:50:00,LONG,2025-03-13 03:07:00,0.1706,0.1698,0.1714,0.1719,2025-03-13 03:24:00,0.1719,GRID_B_FULL_TP,1.133,1.309,False,False,False,2025-03,2025,3,Q1
DOGE/USDT,2025-03-13 04:35:00,2025-03-13 05:25:00,LONG,2025-03-13 05:30:00,0.1693,0.1687,0.1699,0.1702,2025-03-13 05:32:00,0.1687,INITIAL_STOP,-1.236,0.0,False,False,False,2025-03,2025,3,Q1
DOGE/USDT,2025-03-14 17:30:00,2025-03-14 18:00:00,LONG,2025-03-14 18:08:00,0.1714,0.1711,0.1717,0.1719,2025-03-14 18:13:00,0.1711,INITIAL_STOP,-1.413,0.0,True,False,False,2025-03,2025,3,Q1
DOGE/USDT,2025-03-14 20:20:00,2025-03-14 21:00:00,LONG,2025-03-14 21:06:00,0.1703,0.169,0.1715,0.1722,2025-03-14 22:27:00,0.1722,GRID_B_FULL_TP,1.198,1.309,True,False,False,2025-03,2025,3,Q1
DOGE/USDT,2025-03-15 07:25:00,2025-03-15 07:40:00,LONG,2025-03-15 08:03:00,0.172,0.1715,0.1724,0.1727,2025-03-15 08:12:00,0.1715,INITIAL_STOP,-1.304,0.0,False,False,False,2025-03,2025,3,Q1
DOGE/USDT,2025-03-16 16:05:00,2025-03-16 16:50:00,SHORT,2025-03-16 17:09:00,0.1708,0.1724,0.1692,0.1682,2025-03-16 17:56:00,0.1707,BE_STOP,0.415,0.5,True,False,False,2025-03,2025,3,Q1
DOGE/USDT,2025-03-18 20:00:00,2025-03-18 20:15:00,SHORT,2025-03-18 20:50:00,0.1661,0.1668,0.1654,0.1649,2025-03-18 21:14:00,0.1668,INITIAL_STOP,-1.187,0.0,True,False,False,2025-03,2025,3,Q1
DOGE/USDT,2025-03-20 05:25:00,2025-03-20 05:55:00,LONG,2025-03-20 06:42:00,0.1742,0.1733,0.175,0.1755,2025-03-20 07:23:00,0.1743,BE_STOP,0.333,0.5,False,False,False,2025-03,2025,3,Q1
DOGE/USDT,2025-03-21 17:45:00,2025-03-21 18:05:00,SHORT,2025-03-21 18:17:00,0.1678,0.1687,0.1669,0.1663,2025-03-21 18:33:00,0.1687,INITIAL_STOP,-1.147,0.0,True,False,False,2025-03,2025,3,Q1
DOGE/USDT,2025-03-24 22:25:00,2025-03-24 22:40:00,LONG,2025-03-24 22:46:00,0.1841,0.1834,0.1847,0.1851,2025-03-24 22:55:00,0.1834,INITIAL_STOP,-1.221,0.0,True,False,False,2025-03,2025,3,Q1
DOGE/USDT,2025-03-25 20:45:00,2025-03-25 21:05:00,LONG,2025-03-25 22:23:00,0.1902,0.1893,0.1911,0.1916,2025-03-25 22:30:00,0.1893,INITIAL_STOP,-1.175,0.0,True,False,False,2025-03,2025,3,Q1
DOGE/USDT,2025-03-26 17:25:00,2025-03-26 18:15:00,LONG,2025-03-26 18:35:00,0.1946,0.1939,0.1952,0.1955,2025-03-26 18:44:00,0.1939,INITIAL_STOP,-1.259,0.0,False,False,False,2025-03,2025,3,Q1
DOGE/USDT,2025-03-26 19:05:00,2025-03-26 19:45:00,LONG,2025-03-26 21:37:00,0.1937,0.192,0.1953,0.1963,2025-03-26 22:11:00,0.1938,BE_STOP,0.406,0.5,False,False,False,2025-03,2025,3,Q1
DOGE/USDT,2025-03-28 23:00:00,2025-03-28 23:15:00,SHORT,2025-03-28 23:41:00,0.1808,0.1817,0.1798,0.1793,2025-03-29 00:17:00,0.1817,INITIAL_STOP,-1.152,0.0,True,False,False,2025-03,2025,3,Q1
DOGE/USDT,2025-03-30 00:05:00,2025-03-30 00:25:00,SHORT,2025-03-30 00:50:00,0.1697,0.1703,0.1692,0.1688,2025-03-30 01:00:00,0.1696,BE_STOP,0.253,0.5,False,False,False,2025-03,2025,3,Q1
DOGE/USDT,2025-03-30 01:05:00,2025-03-30 01:45:00,SHORT,2025-03-30 02:01:00,0.1708,0.1712,0.1704,0.1701,2025-03-30 02:06:00,0.1712,INITIAL_STOP,-1.31,0.0,False,False,False,2025-03,2025,3,Q1
DOGE/USDT,2025-03-31 15:45:00,2025-03-31 16:15:00,SHORT,2025-03-31 16:23:00,0.1672,0.1686,0.1658,0.165,2025-03-31 17:43:00,0.165,GRID_B_FULL_TP,1.213,1.309,True,False,False,2025-03,2025,3,Q1
DOGE/USDT,2025-04-01 00:05:00,2025-04-01 00:15:00,SHORT,2025-04-01 00:21:00,0.1673,0.1682,0.1665,0.1659,2025-04-01 00:52:00,0.1672,BE_STOP,0.345,0.5,False,False,False,2025-04,2025,4,Q2
DOGE/USDT,2025-04-04 23:20:00,2025-04-04 23:50:00,LONG,2025-04-05 00:04:00,0.1708,0.1702,0.1715,0.172,2025-04-05 00:10:00,0.1702,INITIAL_STOP,-1.198,0.0,True,False,False,2025-04,2025,4,Q2
DOGE/USDT,2025-04-05 00:40:00,2025-04-05 00:50:00,LONG,2025-04-05 02:14:00,0.1702,0.1694,0.1709,0.1714,2025-04-05 03:28:00,0.1694,INITIAL_STOP,-1.178,0.0,False,False,False,2025-04,2025,4,Q2
DOGE/USDT,2025-04-07 10:10:00,2025-04-07 10:55:00,SHORT,2025-04-07 11:01:00,0.1393,0.1402,0.1385,0.138,2025-04-07 11:09:00,0.1402,INITIAL_STOP,-1.132,0.0,True,False,False,2025-04,2025,4,Q2
DOGE/USDT,2025-04-09 06:10:00,2025-04-09 06:25:00,SHORT,2025-04-09 06:32:00,0.1445,0.1461,0.1429,0.1419,2025-04-09 07:02:00,0.1461,INITIAL_STOP,-1.073,0.0,True,False,False,2025-04,2025,4,Q2
DOGE/USDT,2025-04-11 14:25:00,2025-04-11 14:35:00,LONG,2025-04-11 15:01:00,0.1577,0.1566,0.1588,0.1595,2025-04-11 16:26:00,0.1578,BE_STOP,0.387,0.5,True,False,False,2025-04,2025,4,Q2
DOGE/USDT,2025-04-12 02:50:00,2025-04-12 03:10:00,LONG,2025-04-12 03:20:00,0.1583,0.1575,0.1591,0.1596,2025-04-12 04:30:00,0.1596,GRID_B_FULL_TP,1.15,1.309,False,False,False,2025-04,2025,4,Q2
DOGE/USDT,2025-04-12 12:00:00,2025-04-12 12:15:00,LONG,2025-04-12 12:38:00,0.1621,0.1613,0.1629,0.1635,2025-04-12 12:53:00,0.1622,BE_STOP,0.346,0.5,False,False,False,2025-04,2025,4,Q2
DOGE/USDT,2025-04-13 00:25:00,2025-04-13 00:40:00,LONG,2025-04-13 01:47:00,0.1669,0.1665,0.1673,0.1676,2025-04-13 01:48:00,0.1665,INITIAL_STOP,-1.334,0.0,False,False,False,2025-04,2025,4,Q2
DOGE/USDT,2025-04-13 13:40:00,2025-04-13 14:35:00,LONG,2025-04-13 15:03:00,0.1625,0.162,0.1631,0.1634,2025-04-13 15:09:00,0.162,INITIAL_STOP,-1.235,0.0,True,False,False,2025-04,2025,4,Q2
DOGE/USDT,2025-04-15 02:10:00,2025-04-15 02:25:00,SHORT,2025-04-15 03:01:00,0.1597,0.1607,0.1588,0.1582,2025-04-15 03:55:00,0.1607,INITIAL_STOP,-1.131,0.0,False,False,False,2025-04,2025,4,Q2
DOGE/USDT,2025-04-15 08:00:00,2025-04-15 08:25:00,SHORT,2025-04-15 08:31:00,0.1604,0.1609,0.1598,0.1595,2025-04-15 09:00:00,0.1595,GRID_B_FULL_TP,1.069,1.309,False,False,False,2025-04,2025,4,Q2
DOGE/USDT,2025-04-15 13:35:00,2025-04-15 13:55:00,SHORT,2025-04-15 14:12:00,0.1598,0.1609,0.1587,0.1581,2025-04-15 14:18:00,0.1581,GRID_B_FULL_TP,1.189,1.309,False,False,False,2025-04,2025,4,Q2
DOGE/USDT,2025-04-25 13:30:00,2025-04-25 14:10:00,LONG,2025-04-25 14:22:00,0.1816,0.1787,0.1846,0.1864,2025-04-25 15:42:00,0.1818,BE_STOP,0.45,0.5,False,False,False,2025-04,2025,4,Q2
DOGE/USDT,2025-04-28 23:40:00,2025-04-28 23:50:00,SHORT,2025-04-29 00:00:00,0.1791,0.1798,0.1785,0.1781,2025-04-29 00:17:00,0.1781,GRID_B_FULL_TP,1.09,1.309,False,False,False,2025-04,2025,4,Q2
DOGE/USDT,2025-04-30 18:10:00,2025-04-30 19:25:00,SHORT,2025-04-30 19:37:00,0.1711,0.1729,0.1693,0.1682,2025-04-30 20:02:00,0.1729,INITIAL_STOP,-1.076,0.0,True,False,False,2025-04,2025,4,Q2
DOGE/USDT,2025-05-01 02:25:00,2025-05-01 02:55:00,SHORT,2025-05-01 03:03:00,0.1748,0.1756,0.1739,0.1734,2025-05-01 05:08:00,0.1746,BE_STOP,0.339,0.5,False,False,False,2025-05,2025,5,Q2
DOGE/USDT,2025-05-04 11:20:00,2025-05-04 11:40:00,SHORT,2025-05-04 12:14:00,0.1746,0.1754,0.1738,0.1733,2025-05-04 13:17:00,0.1733,GRID_B_FULL_TP,1.128,1.309,False,False,False,2025-05,2025,5,Q2
DOGE/USDT,2025-05-05 05:55:00,2025-05-05 06:10:00,SHORT,2025-05-05 06:15:00,0.1733,0.174,0.1726,0.1722,2025-05-05 08:44:00,0.174,INITIAL_STOP,-1.195,0.0,False,False,False,2025-05,2025,5,Q2
DOGE/USDT,2025-05-06 18:55:00,2025-05-06 19:10:00,SHORT,2025-05-06 19:17:00,0.1691,0.1697,0.1684,0.168,2025-05-06 20:07:00,0.1697,INITIAL_STOP,-1.201,0.0,False,False,False,2025-05,2025,5,Q2
DOGE/USDT,2025-05-09 14:35:00,2025-05-09 15:55:00,LONG,2025-05-09 16:01:00,0.2035,0.2006,0.2063,0.2081,2025-05-10 00:18:00,0.2081,GRID_B_FULL_TP,1.252,1.309,True,False,False,2025-05,2025,5,Q2
DOGE/USDT,2025-05-10 00:55:00,2025-05-10 01:20:00,LONG,2025-05-10 01:50:00,0.2049,0.2031,0.2067,0.2078,2025-05-10 02:34:00,0.2078,GRID_B_FULL_TP,1.219,1.309,False,False,False,2025-05,2025,5,Q2
DOGE/USDT,2025-05-12 18:05:00,2025-05-12 19:05:00,LONG,2025-05-12 19:27:00,0.2262,0.2257,0.2267,0.2271,2025-05-12 19:29:00,0.2257,INITIAL_STOP,-1.348,0.0,True,False,False,2025-05,2025,5,Q2
DOGE/USDT,2025-05-12 18:45:00,2025-05-12 19:05:00,LONG,2025-05-12 19:27:00,0.2262,0.2198,0.2327,0.2367,2025-05-13 00:37:00,0.2264,BE_STOP,0.472,0.5,True,False,False,2025-05,2025,5,Q2
DOGE/USDT,2025-05-13 04:55:00,2025-05-13 05:35:00,SHORT,2025-05-13 05:48:00,0.2222,0.2239,0.2205,0.2195,2025-05-13 06:06:00,0.2239,INITIAL_STOP,-1.105,0.0,False,False,False,2025-05,2025,5,Q2
DOGE/USDT,2025-05-13 11:20:00,2025-05-13 11:55:00,SHORT,2025-05-13 12:30:00,0.2286,0.2292,0.2279,0.2275,2025-05-13 12:32:00,0.2284,BE_STOP,0.228,0.5,False,False,False,2025-05,2025,5,Q2
DOGE/USDT,2025-05-14 02:05:00,2025-05-14 02:20:00,LONG,2025-05-14 02:26:00,0.2363,0.2338,0.2388,0.2403,2025-05-14 04:36:00,0.2403,GRID_B_FULL_TP,1.233,1.309,False,False,False,2025-05,2025,5,Q2
DOGE/USDT,2025-05-14 02:00:00,2025-05-14 02:20:00,LONG,2025-05-14 02:26:00,0.2363,0.2359,0.2368,0.2371,2025-05-14 02:28:00,0.2359,INITIAL_STOP,-1.403,0.0,False,False,False,2025-05,2025,5,Q2
DOGE/USDT,2025-05-15 12:30:00,2025-05-15 12:55:00,SHORT,2025-05-15 13:01:00,0.2275,0.2298,0.2252,0.2239,2025-05-15 13:33:00,0.2239,GRID_B_FULL_TP,1.228,1.309,True,False,False,2025-05,2025,5,Q2
DOGE/USDT,2025-05-16 02:00:00,2025-05-16 02:40:00,SHORT,2025-05-16 02:53:00,0.2253,0.2262,0.2243,0.2238,2025-05-16 03:23:00,0.2262,INITIAL_STOP,-1.191,0.0,False,False,False,2025-05,2025,5,Q2
DOGE/USDT,2025-05-18 20:00:00,2025-05-18 20:35:00,LONG,2025-05-18 22:02:00,0.2213,0.2181,0.2245,0.2265,2025-05-18 22:48:00,0.2265,GRID_B_FULL_TP,1.254,1.309,True,False,False,2025-05,2025,5,Q2
DOGE/USDT,2025-05-22 05:55:00,2025-05-22 06:45:00,LONG,2025-05-22 06:52:00,0.2379,0.2375,0.2383,0.2386,2025-05-22 06:55:00,0.2381,BE_STOP,0.043,0.5,False,False,False,2025-05,2025,5,Q2
DOGE/USDT,2025-05-22 06:25:00,2025-05-22 06:45:00,LONG,2025-05-22 06:52:00,0.2379,0.2367,0.2392,0.24,2025-05-22 07:15:00,0.24,GRID_B_FULL_TP,1.158,1.309,False,False,False,2025-05,2025,5,Q2
DOGE/USDT,2025-05-23 06:35:00,2025-05-23 07:05:00,LONG,2025-05-23 07:50:00,0.2436,0.2427,0.2445,0.245,2025-05-23 08:12:00,0.2438,BE_STOP,0.28,0.5,True,False,False,2025-05,2025,5,Q2
DOGE/USDT,2025-05-25 12:15:00,2025-05-25 13:15:00,SHORT,2025-05-25 13:27:00,0.2199,0.2208,0.219,0.2185,2025-05-25 13:36:00,0.2208,INITIAL_STOP,-1.202,0.0,True,False,False,2025-05,2025,5,Q2
DOGE/USDT,2025-05-26 08:50:00,2025-05-26 09:10:00,LONG,2025-05-26 09:18:00,0.2273,0.2264,0.2283,0.2289,2025-05-26 09:40:00,0.2264,INITIAL_STOP,-1.187,0.0,False,False,False,2025-05,2025,5,Q2
DOGE/USDT,2025-05-31 15:25:00,2025-05-31 15:40:00,SHORT,2025-05-31 16:17:00,0.1932,0.1944,0.192,0.1913,2025-05-31 18:19:00,0.1931,BE_STOP,0.372,0.5,False,False,False,2025-05,2025,5,Q2
DOGE/USDT,2025-05-31 19:30:00,2025-05-31 20:15:00,SHORT,2025-05-31 20:22:00,0.1942,0.1947,0.1936,0.1933,2025-05-31 21:00:00,0.1947,INITIAL_STOP,-1.284,0.0,True,False,False,2025-05,2025,5,Q2
DOGE/USDT,2025-05-31 19:50:00,2025-05-31 20:15:00,SHORT,2025-05-31 20:22:00,0.1942,0.1954,0.193,0.1922,2025-05-31 21:03:00,0.1954,INITIAL_STOP,-1.13,0.0,True,False,False,2025-05,2025,5,Q2
DOGE/USDT,2025-06-03 08:10:00,2025-06-03 08:50:00,LONG,2025-06-03 09:05:00,0.1939,0.1934,0.1945,0.1948,2025-06-03 09:46:00,0.1948,GRID_B_FULL_TP,1.022,1.309,True,False,False,2025-06,2025,6,Q2
DOGE/USDT,2025-06-03 08:15:00,2025-06-03 08:50:00,LONG,2025-06-03 09:05:00,0.1939,0.193,0.1949,0.1955,2025-06-03 10:18:00,0.1955,GRID_B_FULL_TP,1.146,1.309,True,False,False,2025-06,2025,6,Q2
DOGE/USDT,2025-06-05 01:15:00,2025-06-05 01:50:00,SHORT,2025-06-05 01:56:00,0.1885,0.19,0.1869,0.186,2025-06-05 02:33:00,0.19,INITIAL_STOP,-1.099,0.0,False,False,False,2025-06,2025,6,Q2
DOGE/USDT,2025-06-05 14:15:00,2025-06-05 14:45:00,LONG,2025-06-05 15:08:00,0.1889,0.1868,0.191,0.1923,2025-06-05 16:17:00,0.1868,INITIAL_STOP,-1.072,0.0,True,False,False,2025-06,2025,6,Q2
DOGE/USDT,2025-06-06 11:15:00,2025-06-06 11:30:00,SHORT,2025-06-06 11:43:00,0.1775,0.178,0.1769,0.1766,2025-06-06 11:46:00,0.178,INITIAL_STOP,-1.262,0.0,True,False,False,2025-06,2025,6,Q2
DOGE/USDT,2025-06-07 00:55:00,2025-06-07 01:35:00,SHORT,2025-06-07 01:43:00,0.1796,0.1812,0.178,0.1771,2025-06-07 02:55:00,0.1812,INITIAL_STOP,-1.092,0.0,False,False,False,2025-06,2025,6,Q2
DOGE/USDT,2025-06-11 19:05:00,2025-06-11 20:15:00,LONG,2025-06-11 21:32:00,0.1948,0.1939,0.1957,0.1963,2025-06-11 21:38:00,0.1939,INITIAL_STOP,-1.169,0.0,True,False,False,2025-06,2025,6,Q2
DOGE/USDT,2025-06-12 03:20:00,2025-06-12 03:35:00,LONG,2025-06-12 03:53:00,0.1909,0.1899,0.1918,0.1924,2025-06-12 04:20:00,0.1899,INITIAL_STOP,-1.162,0.0,False,False,False,2025-06,2025,6,Q2
DOGE/USDT,2025-06-12 14:15:00,2025-06-12 15:20:00,SHORT,2025-06-12 17:17:00,0.1891,0.1899,0.1883,0.1878,2025-06-12 17:32:00,0.1899,INITIAL_STOP,-1.186,0.0,True,False,False,2025-06,2025,6,Q2
DOGE/USDT,2025-06-13 08:10:00,2025-06-13 08:25:00,SHORT,2025-06-13 08:30:00,0.1757,0.1765,0.1748,0.1742,2025-06-13 08:45:00,0.1742,GRID_B_FULL_TP,1.149,1.309,False,False,False,2025-06,2025,6,Q2
DOGE/USDT,2025-06-13 23:00:00,2025-06-13 23:15:00,SHORT,2025-06-13 23:35:00,0.1797,0.1802,0.1791,0.1788,2025-06-13 23:45:00,0.1802,INITIAL_STOP,-1.274,0.0,False,False,False,2025-06,2025,6,Q2
DOGE/USDT,2025-06-17 02:55:00,2025-06-17 03:20:00,SHORT,2025-06-17 03:47:00,0.1755,0.176,0.1749,0.1746,2025-06-17 04:12:00,0.1753,BE_STOP,0.237,0.5,False,False,False,2025-06,2025,6,Q2
DOGE/USDT,2025-06-18 01:05:00,2025-06-18 01:30:00,SHORT,2025-06-18 01:36:00,0.1711,0.1716,0.1706,0.1703,2025-06-18 01:47:00,0.1703,GRID_B_FULL_TP,1.039,1.309,False,False,False,2025-06,2025,6,Q2
DOGE/USDT,2025-06-21 00:25:00,2025-06-21 00:50:00,SHORT,2025-06-21 01:08:00,0.1627,0.1634,0.162,0.1616,2025-06-21 01:38:00,0.1634,INITIAL_STOP,-1.192,0.0,False,False,False,2025-06,2025,6,Q2
DOGE/USDT,2025-06-22 05:00:00,2025-06-22 05:35:00,SHORT,2025-06-22 05:47:00,0.1563,0.157,0.1556,0.1552,2025-06-22 06:00:00,0.157,INITIAL_STOP,-1.181,0.0,False,False,False,2025-06,2025,6,Q2
DOGE/USDT,2025-06-23 00:40:00,2025-06-23 00:55:00,SHORT,2025-06-23 01:50:00,0.1521,0.1531,0.1511,0.1505,2025-06-23 04:25:00,0.1531,INITIAL_STOP,-1.125,0.0,False,False,False,2025-06,2025,6,Q2
DOGE/USDT,2025-06-23 05:45:00,2025-06-23 06:25:00,SHORT,2025-06-23 06:31:00,0.1541,0.155,0.1533,0.1528,2025-06-23 07:07:00,0.155,INITIAL_STOP,-1.149,0.0,False,False,False,2025-06,2025,6,Q2
DOGE/USDT,2025-06-25 14:20:00,2025-06-25 14:40:00,LONG,2025-06-25 15:02:00,0.1645,0.163,0.166,0.1669,2025-06-25 15:33:00,0.163,INITIAL_STOP,-1.088,0.0,True,False,False,2025-06,2025,6,Q2
DOGE/USDT,2025-06-30 12:40:00,2025-06-30 13:25:00,LONG,2025-06-30 13:31:00,0.1648,0.1641,0.1655,0.1659,2025-06-30 13:50:00,0.1641,INITIAL_STOP,-1.186,0.0,True,False,False,2025-06,2025,6,Q2
DOGE/USDT,2025-07-02 06:00:00,2025-07-02 06:25:00,SHORT,2025-07-02 06:30:00,0.1607,0.1611,0.1603,0.1601,2025-07-02 06:38:00,0.1611,INITIAL_STOP,-1.333,0.0,True,False,False,2025-07,2025,7,Q3
DOGE/USDT,2025-07-03 00:20:00,2025-07-03 00:45:00,LONG,2025-07-03 00:53:00,0.1684,0.1671,0.1697,0.1705,2025-07-03 02:23:00,0.1686,BE_STOP,0.395,0.5,False,False,False,2025-07,2025,7,Q3
DOGE/USDT,2025-07-05 03:50:00,2025-07-05 04:00:00,SHORT,2025-07-05 04:29:00,0.1644,0.1649,0.164,0.1637,2025-07-05 04:48:00,0.1637,GRID_B_FULL_TP,1.03,1.309,False,False,False,2025-07,2025,7,Q3
DOGE/USDT,2025-07-07 14:35:00,2025-07-07 15:30:00,LONG,2025-07-07 15:47:00,0.1686,0.1679,0.1693,0.1698,2025-07-07 16:21:00,0.1679,INITIAL_STOP,-1.188,0.0,True,False,False,2025-07,2025,7,Q3
DOGE/USDT,2025-07-10 13:40:00,2025-07-10 14:15:00,LONG,2025-07-10 14:21:00,0.1799,0.1792,0.1807,0.1812,2025-07-10 14:25:00,0.1792,INITIAL_STOP,-1.188,0.0,False,False,False,2025-07,2025,7,Q3
DOGE/USDT,2025-07-11 06:45:00,2025-07-11 07:20:00,LONG,2025-07-11 07:59:00,0.1965,0.1955,0.1975,0.1981,2025-07-11 09:20:00,0.1981,GRID_B_FULL_TP,1.152,1.309,False,False,False,2025-07,2025,7,Q3
DOGE/USDT,2025-07-12 08:50:00,2025-07-12 09:40:00,LONG,2025-07-12 10:12:00,0.2016,0.1989,0.2042,0.2059,2025-07-12 12:15:00,0.1989,INITIAL_STOP,-1.06,0.0,False,False,False,2025-07,2025,7,Q3
DOGE/USDT,2025-07-12 12:45:00,2025-07-12 13:55:00,LONG,2025-07-12 14:07:00,0.196,0.1933,0.1987,0.2003,2025-07-12 15:32:00,0.1933,INITIAL_STOP,-1.059,0.0,True,False,False,2025-07,2025,7,Q3
DOGE/USDT,2025-07-14 12:20:00,2025-07-14 13:00:00,LONG,2025-07-14 13:12:00,0.2054,0.2039,0.2069,0.2078,2025-07-14 13:21:00,0.2039,INITIAL_STOP,-1.108,0.0,False,False,False,2025-07,2025,7,Q3
DOGE/USDT,2025-07-14 15:45:00,2025-07-14 16:20:00,LONG,2025-07-14 17:36:00,0.1991,0.1986,0.1997,0.2,2025-07-14 17:48:00,0.2,GRID_B_FULL_TP,1.008,1.309,False,False,False,2025-07,2025,7,Q3
DOGE/USDT,2025-07-16 02:20:00,2025-07-16 02:50:00,LONG,2025-07-16 03:09:00,0.1969,0.1959,0.1978,0.1984,2025-07-16 04:11:00,0.1959,INITIAL_STOP,-1.166,0.0,False,False,False,2025-07,2025,7,Q3
DOGE/USDT,2025-07-16 14:15:00,2025-07-16 14:30:00,LONG,2025-07-16 15:38:00,0.2006,0.199,0.2021,0.2031,2025-07-16 15:50:00,0.2031,GRID_B_FULL_TP,1.208,1.309,False,False,False,2025-07,2025,7,Q3
DOGE/USDT,2025-07-17 01:45:00,2025-07-17 02:00:00,LONG,2025-07-17 03:07:00,0.2109,0.2087,0.2132,0.2146,2025-07-17 03:26:00,0.2087,INITIAL_STOP,-1.075,0.0,False,False,False,2025-07,2025,7,Q3
DOGE/USDT,2025-07-17 11:30:00,2025-07-17 11:50:00,LONG,2025-07-17 12:06:00,0.215,0.2124,0.2175,0.2191,2025-07-17 13:08:00,0.2151,BE_STOP,0.434,0.5,False,False,False,2025-07,2025,7,Q3
DOGE/USDT,2025-07-17 13:45:00,2025-07-17 13:55:00,LONG,2025-07-17 14:13:00,0.213,0.209,0.217,0.2195,2025-07-17 16:33:00,0.209,INITIAL_STOP,-1.043,0.0,False,False,False,2025-07,2025,7,Q3
DOGE/USDT,2025-07-18 15:40:00,2025-07-18 16:45:00,LONG,2025-07-18 16:53:00,0.2371,0.2338,0.2403,0.2424,2025-07-18 18:10:00,0.2372,BE_STOP,0.442,0.5,False,False,False,2025-07,2025,7,Q3
DOGE/USDT,2025-07-18 18:15:00,2025-07-18 19:20:00,LONG,2025-07-18 19:38:00,0.2337,0.2322,0.2351,0.236,2025-07-18 20:07:00,0.2322,INITIAL_STOP,-1.13,0.0,False,False,False,2025-07,2025,7,Q3
DOGE/USDT,2025-07-18 19:00:00,2025-07-18 19:20:00,LONG,2025-07-18 19:38:00,0.2337,0.2318,0.2356,0.2368,2025-07-18 20:07:00,0.2318,INITIAL_STOP,-1.098,0.0,False,False,False,2025-07,2025,7,Q3
DOGE/USDT,2025-07-20 11:15:00,2025-07-20 11:25:00,LONG,2025-07-20 11:56:00,0.2513,0.2498,0.2528,0.2537,2025-07-20 12:28:00,0.2515,BE_STOP,0.366,0.5,False,False,False,2025-07,2025,7,Q3
DOGE/USDT,2025-07-23 06:20:00,2025-07-23 07:20:00,LONG,2025-07-23 07:32:00,0.2623,0.2608,0.2637,0.2646,2025-07-23 07:37:00,0.2608,INITIAL_STOP,-1.146,0.0,True,False,False,2025-07,2025,7,Q3
DOGE/USDT,2025-07-25 04:45:00,2025-07-25 05:30:00,SHORT,2025-07-25 06:50:00,0.2283,0.229,0.2276,0.2272,2025-07-25 06:57:00,0.2272,GRID_B_FULL_TP,1.043,1.309,False,False,False,2025-07,2025,7,Q3
DOGE/USDT,2025-07-25 09:30:00,2025-07-25 09:45:00,SHORT,2025-07-25 09:55:00,0.2301,0.2317,0.2285,0.2275,2025-07-25 09:59:00,0.2317,INITIAL_STOP,-1.115,0.0,False,False,False,2025-07,2025,7,Q3
DOGE/USDT,2025-07-26 11:40:00,2025-07-26 12:20:00,LONG,2025-07-26 12:31:00,0.2365,0.2356,0.2374,0.2379,2025-07-26 13:04:00,0.2379,GRID_B_FULL_TP,1.096,1.309,False,False,False,2025-07,2025,7,Q3
DOGE/USDT,2025-07-29 07:45:00,2025-07-29 08:10:00,SHORT,2025-07-29 08:16:00,0.2312,0.233,0.2294,0.2282,2025-07-29 10:06:00,0.2282,GRID_B_FULL_TP,1.208,1.309,True,False,False,2025-07,2025,7,Q3
DOGE/USDT,2025-07-30 16:15:00,2025-07-30 16:30:00,SHORT,2025-07-30 17:51:00,0.2225,0.2241,0.2209,0.2199,2025-07-30 18:00:00,0.2241,INITIAL_STOP,-1.111,0.0,False,False,False,2025-07,2025,7,Q3
DOGE/USDT,2025-08-01 02:15:00,2025-08-01 02:30:00,SHORT,2025-08-01 02:35:00,0.2088,0.2098,0.2078,0.2072,2025-08-01 02:47:00,0.2098,INITIAL_STOP,-1.165,0.0,False,False,False,2025-08,2025,8,Q3
DOGE/USDT,2025-08-03 01:40:00,2025-08-03 01:50:00,SHORT,2025-08-03 01:57:00,0.1948,0.1957,0.194,0.1934,2025-08-03 02:04:00,0.1957,INITIAL_STOP,-1.179,0.0,False,False,False,2025-08,2025,8,Q3
DOGE/USDT,2025-08-03 11:05:00,2025-08-03 11:30:00,SHORT,2025-08-03 11:48:00,0.1984,0.1988,0.198,0.1978,2025-08-03 11:58:00,0.1978,GRID_B_FULL_TP,0.905,1.309,True,False,False,2025-08,2025,8,Q3
DOGE/USDT,2025-08-05 01:50:00,2025-08-05 02:50:00,LONG,2025-08-05 03:03:00,0.2086,0.2081,0.2091,0.2094,2025-08-05 03:05:00,0.2081,INITIAL_STOP,-1.322,0.0,False,False,False,2025-08,2025,8,Q3
DOGE/USDT,2025-08-09 03:35:00,2025-08-09 04:15:00,LONG,2025-08-09 04:23:00,0.2301,0.2294,0.2308,0.2313,2025-08-09 04:35:00,0.2313,GRID_B_FULL_TP,1.044,1.309,False,False,False,2025-08,2025,8,Q3
DOGE/USDT,2025-08-09 22:45:00,2025-08-09 23:35:00,LONG,2025-08-09 23:55:00,0.2404,0.2391,0.2417,0.2425,2025-08-10 00:48:00,0.2425,GRID_B_FULL_TP,1.162,1.309,True,False,False,2025-08,2025,8,Q3
DOGE/USDT,2025-08-11 00:10:00,2025-08-11 00:20:00,LONG,2025-08-11 00:45:00,0.2334,0.2318,0.2349,0.2359,2025-08-11 01:31:00,0.2359,GRID_B_FULL_TP,1.189,1.309,False,False,False,2025-08,2025,8,Q3
DOGE/USDT,2025-08-12 12:30:00,2025-08-12 13:05:00,SHORT,2025-08-12 13:11:00,0.2255,0.2282,0.2227,0.221,2025-08-12 14:08:00,0.2253,BE_STOP,0.434,0.5,True,False,False,2025-08,2025,8,Q3
DOGE/USDT,2025-08-15 22:00:00,2025-08-15 22:10:00,SHORT,2025-08-15 22:23:00,0.2285,0.2302,0.2269,0.2258,2025-08-15 22:54:00,0.2302,INITIAL_STOP,-1.11,0.0,False,False,False,2025-08,2025,8,Q3
DOGE/USDT,2025-08-18 12:35:00,2025-08-18 13:10:00,SHORT,2025-08-18 13:19:00,0.2238,0.2243,0.2233,0.223,2025-08-18 13:22:00,0.2243,INITIAL_STOP,-1.354,0.0,False,False,False,2025-08,2025,8,Q3
DOGE/USDT,2025-08-18 17:35:00,2025-08-18 17:50:00,SHORT,2025-08-18 18:54:00,0.2243,0.2258,0.2227,0.2218,2025-08-18 20:56:00,0.2241,BE_STOP,0.384,0.5,False,False,False,2025-08,2025,8,Q3
DOGE/USDT,2025-08-19 09:05:00,2025-08-19 09:45:00,SHORT,2025-08-19 10:05:00,0.219,0.2197,0.2184,0.218,2025-08-19 10:22:00,0.2197,INITIAL_STOP,-1.281,0.0,False,False,False,2025-08,2025,8,Q3
DOGE/USDT,2025-08-20 03:30:00,2025-08-20 03:40:00,SHORT,2025-08-20 04:02:00,0.2123,0.2136,0.211,0.2102,2025-08-20 04:33:00,0.2136,INITIAL_STOP,-1.132,0.0,False,False,False,2025-08,2025,8,Q3
DOGE/USDT,2025-08-20 15:05:00,2025-08-20 15:50:00,SHORT,2025-08-20 16:02:00,0.2161,0.2174,0.2148,0.214,2025-08-20 16:15:00,0.2174,INITIAL_STOP,-1.133,0.0,True,False,False,2025-08,2025,8,Q3
DOGE/USDT,2025-08-20 16:15:00,2025-08-20 16:35:00,SHORT,2025-08-20 16:47:00,0.2176,0.2186,0.2166,0.2159,2025-08-20 17:03:00,0.2186,INITIAL_STOP,-1.166,0.0,True,False,False,2025-08,2025,8,Q3
DOGE/USDT,2025-08-23 10:35:00,2025-08-23 11:05:00,LONG,2025-08-23 11:23:00,0.2365,0.2357,0.2373,0.2377,2025-08-23 11:57:00,0.2357,INITIAL_STOP,-1.237,0.0,False,False,False,2025-08,2025,8,Q3
DOGE/USDT,2025-08-23 12:00:00,2025-08-23 12:15:00,LONG,2025-08-23 13:00:00,0.2365,0.2347,0.2382,0.2393,2025-08-23 13:36:00,0.2347,INITIAL_STOP,-1.108,0.0,False,False,False,2025-08,2025,8,Q3
DOGE/USDT,2025-08-23 20:35:00,2025-08-23 20:50:00,LONG,2025-08-23 21:00:00,0.2361,0.2355,0.2368,0.2372,2025-08-23 21:01:00,0.2355,INITIAL_STOP,-1.289,0.0,False,False,False,2025-08,2025,8,Q3
DOGE/USDT,2025-08-24 13:30:00,2025-08-24 13:45:00,SHORT,2025-08-24 14:16:00,0.2308,0.2317,0.2299,0.2293,2025-08-24 14:54:00,0.2317,INITIAL_STOP,-1.199,0.0,True,False,False,2025-08,2025,8,Q3
DOGE/USDT,2025-08-24 15:10:00,2025-08-24 15:40:00,SHORT,2025-08-24 16:55:00,0.2325,0.2343,0.2307,0.2296,2025-08-24 17:15:00,0.2343,INITIAL_STOP,-1.103,0.0,True,False,False,2025-08,2025,8,Q3
DOGE/USDT,2025-08-24 19:35:00,2025-08-24 20:25:00,LONG,2025-08-24 20:32:00,0.2323,0.2289,0.2357,0.2379,2025-08-24 22:24:00,0.2289,INITIAL_STOP,-1.054,0.0,True,False,False,2025-08,2025,8,Q3
DOGE/USDT,2025-08-26 07:35:00,2025-08-26 08:25:00,SHORT,2025-08-26 08:45:00,0.2107,0.213,0.2085,0.2071,2025-08-26 12:35:00,0.213,INITIAL_STOP,-1.075,0.0,True,False,False,2025-08,2025,8,Q3
DOGE/USDT,2025-08-26 17:20:00,2025-08-26 17:35:00,SHORT,2025-08-26 17:51:00,0.2148,0.216,0.2137,0.213,2025-08-26 18:02:00,0.216,INITIAL_STOP,-1.149,0.0,True,False,False,2025-08,2025,8,Q3
DOGE/USDT,2025-08-26 19:55:00,2025-08-26 20:35:00,SHORT,2025-08-26 21:35:00,0.2187,0.2201,0.2172,0.2163,2025-08-27 01:04:00,0.2163,GRID_B_FULL_TP,1.191,1.309,True,False,False,2025-08,2025,8,Q3
DOGE/USDT,2025-08-29 12:30:00,2025-08-29 13:20:00,SHORT,2025-08-29 13:28:00,0.2178,0.2213,0.2142,0.212,2025-08-29 16:05:00,0.212,GRID_B_FULL_TP,1.26,1.309,True,False,False,2025-08,2025,8,Q3
DOGE/USDT,2025-09-13 17:10:00,2025-09-13 18:25:00,LONG,2025-09-13 18:33:00,0.2864,0.2806,0.2921,0.2957,2025-09-14 00:22:00,0.2866,BE_STOP,0.46,0.5,True,False,False,2025-09,2025,9,Q3
DOGE/USDT,2025-09-15 16:40:00,2025-09-15 16:55:00,SHORT,2025-09-15 17:06:00,0.2645,0.2672,0.2619,0.2603,2025-09-15 20:58:00,0.2672,INITIAL_STOP,-1.08,0.0,True,False,False,2025-09,2025,9,Q3
DOGE/USDT,2025-09-15 21:45:00,2025-09-15 22:35:00,SHORT,2025-09-15 22:57:00,0.2671,0.269,0.2652,0.264,2025-09-16 01:22:00,0.269,INITIAL_STOP,-1.11,0.0,True,False,False,2025-09,2025,9,Q3
DOGE/USDT,2025-09-16 17:15:00,2025-09-16 17:40:00,SHORT,2025-09-16 17:45:00,0.2676,0.2694,0.2659,0.2648,2025-09-16 21:52:00,0.2694,INITIAL_STOP,-1.122,0.0,False,False,False,2025-09,2025,9,Q3
DOGE/USDT,2025-09-19 21:55:00,2025-09-19 22:20:00,SHORT,2025-09-19 22:27:00,0.2669,0.2676,0.2663,0.2659,2025-09-19 23:13:00,0.2659,GRID_B_FULL_TP,0.965,1.309,True,False,False,2025-09,2025,9,Q3
DOGE/USDT,2025-09-20 05:30:00,2025-09-20 06:05:00,SHORT,2025-09-20 06:32:00,0.2666,0.2673,0.266,0.2656,2025-09-20 07:29:00,0.2656,GRID_B_FULL_TP,0.983,1.309,False,False,False,2025-09,2025,9,Q3
DOGE/USDT,2025-09-23 12:45:00,2025-09-23 12:55:00,SHORT,2025-09-23 13:35:00,0.2412,0.2424,0.24,0.2393,2025-09-23 13:43:00,0.2393,GRID_B_FULL_TP,1.148,1.309,False,False,False,2025-09,2025,9,Q3
DOGE/USDT,2025-09-24 19:40:00,2025-09-24 19:55:00,LONG,2025-09-24 20:00:00,0.2433,0.2416,0.2451,0.2461,2025-09-24 21:58:00,0.2416,INITIAL_STOP,-1.111,0.0,True,False,False,2025-09,2025,9,Q3
DOGE/USDT,2025-09-28 14:20:00,2025-09-28 14:35:00,SHORT,2025-09-28 14:44:00,0.2289,0.2294,0.2285,0.2282,2025-09-28 15:02:00,0.2294,INITIAL_STOP,-1.395,0.0,False,False,False,2025-09,2025,9,Q3
DOGE/USDT,2025-09-28 16:00:00,2025-09-28 16:35:00,SHORT,2025-09-28 16:43:00,0.2299,0.231,0.2288,0.2282,2025-09-28 17:06:00,0.231,INITIAL_STOP,-1.171,0.0,False,False,False,2025-09,2025,9,Q3
DOGE/USDT,2025-10-02 11:55:00,2025-10-02 12:40:00,LONG,2025-10-02 12:48:00,0.256,0.2552,0.2569,0.2574,2025-10-02 13:04:00,0.2562,BE_STOP,0.26,0.5,True,False,False,2025-10,2025,10,Q4
DOGE/USDT,2025-10-03 01:35:00,2025-10-03 02:15:00,LONG,2025-10-03 02:21:00,0.2577,0.257,0.2584,0.2588,2025-10-03 02:47:00,0.2579,BE_STOP,0.204,0.5,False,False,False,2025-10,2025,10,Q4
DOGE/USDT,2025-10-05 10:00:00,2025-10-05 10:20:00,LONG,2025-10-05 10:25:00,0.2592,0.2578,0.2606,0.2615,2025-10-05 10:33:00,0.2578,INITIAL_STOP,-1.147,0.0,False,False,False,2025-10,2025,10,Q4
DOGE/USDT,2025-10-05 13:20:00,2025-10-05 13:40:00,LONG,2025-10-05 13:54:00,0.2566,0.2549,0.2582,0.2593,2025-10-05 14:45:00,0.2549,INITIAL_STOP,-1.123,0.0,False,False,False,2025-10,2025,10,Q4
DOGE/USDT,2025-10-07 00:15:00,2025-10-07 01:00:00,LONG,2025-10-07 01:17:00,0.2656,0.2647,0.2666,0.2672,2025-10-07 01:20:00,0.2647,INITIAL_STOP,-1.218,0.0,False,False,False,2025-10,2025,10,Q4
DOGE/USDT,2025-10-08 14:00:00,2025-10-08 14:55:00,SHORT,2025-10-08 15:00:00,0.2524,0.2566,0.2483,0.2457,2025-10-08 16:57:00,0.2566,INITIAL_STOP,-1.049,0.0,True,False,False,2025-10,2025,10,Q4
DOGE/USDT,2025-10-12 06:25:00,2025-10-12 07:30:00,SHORT,2025-10-12 07:47:00,0.19,0.1915,0.1886,0.1877,2025-10-12 09:07:00,0.1877,GRID_B_FULL_TP,1.202,1.309,True,False,False,2025-10,2025,10,Q4
DOGE/USDT,2025-10-13 00:35:00,2025-10-13 00:50:00,LONG,2025-10-13 01:02:00,0.2058,0.2043,0.2073,0.2082,2025-10-13 01:32:00,0.2082,GRID_B_FULL_TP,1.197,1.309,False,False,False,2025-10,2025,10,Q4
DOGE/USDT,2025-10-13 11:25:00,2025-10-13 12:10:00,LONG,2025-10-13 12:17:00,0.2059,0.2016,0.2102,0.2128,2025-10-13 13:32:00,0.2128,GRID_B_FULL_TP,1.271,1.309,True,False,False,2025-10,2025,10,Q4
DOGE/USDT,2025-10-13 23:40:00,2025-10-14 00:20:00,LONG,2025-10-14 00:47:00,0.2141,0.2133,0.2149,0.2154,2025-10-14 00:48:00,0.2133,INITIAL_STOP,-1.224,0.0,True,False,False,2025-10,2025,10,Q4
DOGE/USDT,2025-10-14 04:50:00,2025-10-14 05:05:00,LONG,2025-10-14 05:32:00,0.2053,0.2037,0.2068,0.2078,2025-10-14 05:35:00,0.2037,INITIAL_STOP,-1.105,0.0,False,False,False,2025-10,2025,10,Q4
DOGE/USDT,2025-10-14 15:50:00,2025-10-14 17:00:00,SHORT,2025-10-14 17:05:00,0.2035,0.2042,0.2027,0.2023,2025-10-14 17:09:00,0.2042,INITIAL_STOP,-1.223,0.0,False,False,False,2025-10,2025,10,Q4
DOGE/USDT,2025-10-16 10:10:00,2025-10-16 11:25:00,SHORT,2025-10-16 11:42:00,0.1989,0.2003,0.1976,0.1967,2025-10-16 11:59:00,0.2003,INITIAL_STOP,-1.115,0.0,True,False,False,2025-10,2025,10,Q4
DOGE/USDT,2025-10-17 01:05:00,2025-10-17 01:35:00,SHORT,2025-10-17 02:56:00,0.1902,0.1914,0.189,0.1883,2025-10-17 05:46:00,0.1883,GRID_B_FULL_TP,1.183,1.309,False,False,False,2025-10,2025,10,Q4
DOGE/USDT,2025-10-17 16:00:00,2025-10-17 16:35:00,SHORT,2025-10-17 16:49:00,0.1849,0.1875,0.1822,0.1805,2025-10-17 21:16:00,0.1875,INITIAL_STOP,-1.055,0.0,True,False,False,2025-10,2025,10,Q4
DOGE/USDT,2025-10-20 16:00:00,2025-10-20 17:00:00,LONG,2025-10-20 17:10:00,0.1982,0.1955,0.2008,0.2025,2025-10-21 04:02:00,0.1955,INITIAL_STOP,-1.06,0.0,False,False,False,2025-10,2025,10,Q4
DOGE/USDT,2025-10-21 20:15:00,2025-10-21 21:05:00,LONG,2025-10-21 21:15:00,0.1999,0.1985,0.2014,0.2023,2025-10-21 21:21:00,0.1985,INITIAL_STOP,-1.108,0.0,True,False,False,2025-10,2025,10,Q4
DOGE/USDT,2025-10-21 21:20:00,2025-10-21 21:40:00,LONG,2025-10-21 22:05:00,0.1985,0.1951,0.2019,0.204,2025-10-21 22:38:00,0.1951,INITIAL_STOP,-1.047,0.0,False,False,False,2025-10,2025,10,Q4
DOGE/USDT,2025-10-21 23:35:00,2025-10-22 00:05:00,LONG,2025-10-22 00:11:00,0.1947,0.1934,0.1961,0.1969,2025-10-22 00:35:00,0.1934,INITIAL_STOP,-1.115,0.0,False,False,False,2025-10,2025,10,Q4
DOGE/USDT,2025-10-29 12:05:00,2025-10-29 12:25:00,SHORT,2025-10-29 12:35:00,0.1956,0.1962,0.1949,0.1945,2025-10-29 12:52:00,0.1962,INITIAL_STOP,-1.247,0.0,True,False,False,2025-10,2025,10,Q4
DOGE/USDT,2025-10-30 02:35:00,2025-10-30 03:45:00,SHORT,2025-10-30 03:57:00,0.1935,0.1948,0.1923,0.1916,2025-10-30 04:10:00,0.1916,GRID_B_FULL_TP,1.183,1.309,False,False,False,2025-10,2025,10,Q4
DOGE/USDT,2025-10-30 07:15:00,2025-10-30 08:15:00,SHORT,2025-10-30 08:37:00,0.192,0.1937,0.1902,0.1891,2025-10-30 10:00:00,0.1891,GRID_B_FULL_TP,1.222,1.309,False,False,False,2025-10,2025,10,Q4
DOGE/USDT,2025-10-31 00:50:00,2025-10-31 02:10:00,SHORT,2025-10-31 02:25:00,0.1849,0.1852,0.1846,0.1844,2025-10-31 02:36:00,0.1844,GRID_B_FULL_TP,0.835,1.309,False,False,False,2025-10,2025,10,Q4
DOGE/USDT,2025-11-03 09:05:00,2025-11-03 09:20:00,SHORT,2025-11-03 11:16:00,0.1746,0.1756,0.1736,0.173,2025-11-03 11:45:00,0.1745,BE_STOP,0.359,0.5,False,False,False,2025-11,2025,11,Q4
DOGE/USDT,2025-11-04 00:35:00,2025-11-04 00:55:00,SHORT,2025-11-04 01:01:00,0.1688,0.1693,0.1683,0.168,2025-11-04 01:05:00,0.168,GRID_B_FULL_TP,1.03,1.309,False,False,False,2025-11,2025,11,Q4
DOGE/USDT,2025-11-04 01:25:00,2025-11-04 02:30:00,SHORT,2025-11-04 03:14:00,0.17,0.1703,0.1697,0.1695,2025-11-04 03:15:00,0.1703,INITIAL_STOP,-1.432,0.0,False,False,False,2025-11,2025,11,Q4
DOGE/USDT,2025-11-04 11:05:00,2025-11-04 11:30:00,SHORT,2025-11-04 11:39:00,0.166,0.1669,0.1652,0.1647,2025-11-04 12:32:00,0.1647,GRID_B_FULL_TP,1.149,1.309,False,False,False,2025-11,2025,11,Q4
DOGE/USDT,2025-11-05 05:10:00,2025-11-05 05:25:00,SHORT,2025-11-05 05:31:00,0.1652,0.1664,0.1639,0.1631,2025-11-05 08:22:00,0.1631,GRID_B_FULL_TP,1.204,1.309,False,False,False,2025-11,2025,11,Q4
DOGE/USDT,2025-11-05 12:25:00,2025-11-05 13:15:00,SHORT,2025-11-05 13:21:00,0.1639,0.1654,0.1625,0.1616,2025-11-05 13:43:00,0.1654,INITIAL_STOP,-1.091,0.0,False,False,False,2025-11,2025,11,Q4
DOGE/USDT,2025-11-05 13:50:00,2025-11-05 14:15:00,SHORT,2025-11-05 14:50:00,0.1655,0.1664,0.1646,0.164,2025-11-05 14:53:00,0.1664,INITIAL_STOP,-1.142,0.0,True,False,False,2025-11,2025,11,Q4
DOGE/USDT,2025-11-05 21:35:00,2025-11-05 21:50:00,LONG,2025-11-05 22:04:00,0.1667,0.1658,0.1676,0.1682,2025-11-05 23:00:00,0.1682,GRID_B_FULL_TP,1.162,1.309,True,False,False,2025-11,2025,11,Q4
DOGE/USDT,2025-11-06 21:35:00,2025-11-06 22:30:00,SHORT,2025-11-06 22:58:00,0.1622,0.1624,0.1619,0.1618,2025-11-06 23:00:00,0.1618,GRID_B_FULL_TP,0.797,1.309,True,False,False,2025-11,2025,11,Q4
DOGE/USDT,2025-11-07 00:35:00,2025-11-07 01:10:00,SHORT,2025-11-07 01:17:00,0.1627,0.1633,0.1621,0.1617,2025-11-07 01:23:00,0.1633,INITIAL_STOP,-1.225,0.0,False,False,False,2025-11,2025,11,Q4
DOGE/USDT,2025-11-07 23:20:00,2025-11-08 00:15:00,LONG,2025-11-08 00:26:00,0.1796,0.1785,0.1807,0.1814,2025-11-08 00:36:00,0.1785,INITIAL_STOP,-1.129,0.0,True,False,False,2025-11,2025,11,Q4
DOGE/USDT,2025-11-08 18:50:00,2025-11-08 19:20:00,SHORT,2025-11-08 19:40:00,0.1749,0.176,0.1737,0.173,2025-11-08 20:46:00,0.176,INITIAL_STOP,-1.12,0.0,True,False,False,2025-11,2025,11,Q4
DOGE/USDT,2025-11-12 06:05:00,2025-11-12 07:00:00,SHORT,2025-11-12 07:09:00,0.1723,0.173,0.1717,0.1713,2025-11-12 07:56:00,0.1713,GRID_B_FULL_TP,1.088,1.309,False,False,False,2025-11,2025,11,Q4
DOGE/USDT,2025-11-12 09:10:00,2025-11-12 09:30:00,SHORT,2025-11-12 09:56:00,0.1751,0.1756,0.1746,0.1743,2025-11-12 10:02:00,0.1756,INITIAL_STOP,-1.3,0.0,True,False,False,2025-11,2025,11,Q4
DOGE/USDT,2025-11-12 21:10:00,2025-11-12 21:25:00,SHORT,2025-11-12 21:39:00,0.1708,0.1717,0.1699,0.1694,2025-11-12 22:46:00,0.1707,BE_STOP,0.346,0.5,True,False,False,2025-11,2025,11,Q4
DOGE/USDT,2025-11-13 01:10:00,2025-11-13 01:50:00,SHORT,2025-11-13 02:35:00,0.1715,0.1724,0.1707,0.1701,2025-11-13 03:14:00,0.1701,GRID_B_FULL_TP,1.153,1.309,False,False,False,2025-11,2025,11,Q4
DOGE/USDT,2025-11-14 06:55:00,2025-11-14 07:40:00,SHORT,2025-11-14 07:45:00,0.1649,0.1659,0.1638,0.1631,2025-11-14 07:47:00,0.1659,INITIAL_STOP,-1.123,0.0,True,False,False,2025-11,2025,11,Q4
DOGE/USDT,2025-11-14 07:45:00,2025-11-14 08:10:00,SHORT,2025-11-14 08:19:00,0.1649,0.1665,0.1632,0.1622,2025-11-14 09:34:00,0.1622,GRID_B_FULL_TP,1.229,1.309,True,False,False,2025-11,2025,11,Q4
DOGE/USDT,2025-11-14 14:40:00,2025-11-14 16:00:00,SHORT,2025-11-14 16:24:00,0.1632,0.1639,0.1625,0.1621,2025-11-14 16:27:00,0.1639,INITIAL_STOP,-1.195,0.0,False,False,False,2025-11,2025,11,Q4
DOGE/USDT,2025-11-15 06:35:00,2025-11-15 06:45:00,SHORT,2025-11-15 06:53:00,0.1634,0.1644,0.1624,0.1618,2025-11-15 08:23:00,0.1618,GRID_B_FULL_TP,1.179,1.309,True,False,False,2025-11,2025,11,Q4
DOGE/USDT,2025-11-16 22:50:00,2025-11-16 23:05:00,SHORT,2025-11-16 23:11:00,0.1576,0.1588,0.1563,0.1555,2025-11-16 23:24:00,0.1588,INITIAL_STOP,-1.1,0.0,True,False,False,2025-11,2025,11,Q4
DOGE/USDT,2025-11-18 08:35:00,2025-11-18 09:25:00,SHORT,2025-11-18 09:32:00,0.1567,0.1575,0.156,0.1555,2025-11-18 09:51:00,0.1575,INITIAL_STOP,-1.169,0.0,True,False,False,2025-11,2025,11,Q4
DOGE/USDT,2025-11-21 17:05:00,2025-11-21 17:55:00,SHORT,2025-11-21 18:48:00,0.1423,0.1435,0.141,0.1403,2025-11-21 19:43:00,0.1403,GRID_B_FULL_TP,1.216,1.309,True,False,False,2025-11,2025,11,Q4
DOGE/USDT,2025-11-23 02:40:00,2025-11-23 02:55:00,SHORT,2025-11-23 03:09:00,0.1428,0.1437,0.142,0.1415,2025-11-23 03:54:00,0.1427,BE_STOP,0.364,0.5,False,False,False,2025-11,2025,11,Q4
DOGE/USDT,2025-11-24 00:20:00,2025-11-24 00:40:00,LONG,2025-11-24 00:45:00,0.1452,0.1433,0.147,0.1482,2025-11-24 02:06:00,0.1482,GRID_B_FULL_TP,1.246,1.309,False,False,False,2025-11,2025,11,Q4
DOGE/USDT,2025-11-25 00:25:00,2025-11-25 00:35:00,LONG,2025-11-25 01:49:00,0.1514,0.1507,0.1521,0.1525,2025-11-25 02:23:00,0.1507,INITIAL_STOP,-1.179,0.0,False,False,False,2025-11,2025,11,Q4
DOGE/USDT,2025-12-01 18:10:00,2025-12-01 18:45:00,SHORT,2025-12-01 18:51:00,0.133,0.134,0.1319,0.1312,2025-12-01 20:05:00,0.134,INITIAL_STOP,-1.099,0.0,True,False,False,2025-12,2025,12,Q4
DOGE/USDT,2025-12-01 20:05:00,2025-12-01 20:20:00,SHORT,2025-12-01 21:01:00,0.1342,0.1349,0.1334,0.1329,2025-12-01 21:21:00,0.1349,INITIAL_STOP,-1.139,0.0,True,False,False,2025-12,2025,12,Q4
DOGE/USDT,2025-12-03 10:55:00,2025-12-03 11:20:00,LONG,2025-12-03 12:41:00,0.1496,0.1492,0.15,0.1502,2025-12-03 13:01:00,0.1497,BE_STOP,0.193,0.5,False,False,False,2025-12,2025,12,Q4
DOGE/USDT,2025-12-04 05:15:00,2025-12-04 05:30:00,LONG,2025-12-04 05:35:00,0.1504,0.15,0.1508,0.1511,2025-12-04 05:50:00,0.15,INITIAL_STOP,-1.3,0.0,False,False,False,2025-12,2025,12,Q4
DOGE/USDT,2025-12-04 05:50:00,2025-12-04 06:30:00,LONG,2025-12-04 07:02:00,0.1502,0.1495,0.1508,0.1511,2025-12-04 07:09:00,0.1495,INITIAL_STOP,-1.197,0.0,False,False,False,2025-12,2025,12,Q4
DOGE/USDT,2025-12-04 07:10:00,2025-12-04 07:40:00,LONG,2025-12-04 07:48:00,0.1498,0.149,0.1505,0.151,2025-12-04 12:20:00,0.149,INITIAL_STOP,-1.159,0.0,True,False,False,2025-12,2025,12,Q4
DOGE/USDT,2025-12-04 12:20:00,2025-12-04 12:35:00,LONG,2025-12-04 13:45:00,0.1491,0.1486,0.1495,0.1498,2025-12-04 14:31:00,0.1492,BE_STOP,0.234,0.5,True,False,False,2025-12,2025,12,Q4
DOGE/USDT,2025-12-04 14:50:00,2025-12-04 15:10:00,LONG,2025-12-04 15:25:00,0.1489,0.1479,0.1499,0.1505,2025-12-04 15:39:00,0.1505,GRID_B_FULL_TP,1.185,1.309,True,False,False,2025-12,2025,12,Q4
DOGE/USDT,2025-12-05 04:30:00,2025-12-05 04:55:00,LONG,2025-12-05 05:10:00,0.1468,0.1464,0.1471,0.1473,2025-12-05 05:24:00,0.1464,INITIAL_STOP,-1.34,0.0,False,False,False,2025-12,2025,12,Q4
DOGE/USDT,2025-12-06 14:15:00,2025-12-06 15:05:00,SHORT,2025-12-06 15:42:00,0.1399,0.141,0.1388,0.1382,2025-12-07 12:46:00,0.1398,BE_STOP,0.396,0.5,True,False,False,2025-12,2025,12,Q4
DOGE/USDT,2025-12-11 19:35:00,2025-12-11 19:55:00,SHORT,2025-12-11 20:08:00,0.139,0.1399,0.1381,0.1376,2025-12-11 20:56:00,0.1399,INITIAL_STOP,-1.129,0.0,False,False,False,2025-12,2025,12,Q4
DOGE/USDT,2025-12-15 00:15:00,2025-12-15 00:35:00,SHORT,2025-12-15 00:55:00,0.1349,0.1352,0.1346,0.1345,2025-12-15 01:02:00,0.1352,INITIAL_STOP,-1.419,0.0,False,False,False,2025-12,2025,12,Q4
DOGE/USDT,2025-12-15 00:25:00,2025-12-15 00:35:00,SHORT,2025-12-15 00:55:00,0.1349,0.1355,0.1343,0.1339,2025-12-15 01:13:00,0.1355,INITIAL_STOP,-1.178,0.0,False,False,False,2025-12,2025,12,Q4
DOGE/USDT,2025-12-19 14:15:00,2025-12-19 14:25:00,SHORT,2025-12-19 14:31:00,0.1286,0.1294,0.1277,0.1271,2025-12-19 14:44:00,0.1294,INITIAL_STOP,-1.116,0.0,True,False,False,2025-12,2025,12,Q4
DOGE/USDT,2025-12-20 13:05:00,2025-12-20 13:40:00,LONG,2025-12-20 14:02:00,0.1316,0.1312,0.1321,0.1324,2025-12-20 15:19:00,0.1317,BE_STOP,0.284,0.5,False,False,False,2025-12,2025,12,Q4
DOGE/USDT,2025-12-21 02:25:00,2025-12-21 03:05:00,LONG,2025-12-21 03:10:00,0.1309,0.1303,0.1316,0.1319,2025-12-21 04:02:00,0.131,BE_STOP,0.334,0.5,False,False,False,2025-12,2025,12,Q4
DOGE/USDT,2025-12-23 03:05:00,2025-12-23 03:15:00,LONG,2025-12-23 04:58:00,0.132,0.1311,0.1328,0.1333,2025-12-23 05:32:00,0.1311,INITIAL_STOP,-1.127,0.0,False,False,False,2025-12,2025,12,Q4
DOGE/USDT,2025-12-27 00:40:00,2025-12-27 00:55:00,SHORT,2025-12-27 01:07:00,0.1223,0.1227,0.1219,0.1217,2025-12-27 01:58:00,0.1227,INITIAL_STOP,-1.266,0.0,False,False,False,2025-12,2025,12,Q4
DOGE/USDT,2025-12-29 12:05:00,2025-12-29 12:25:00,LONG,2025-12-29 13:49:00,0.1233,0.123,0.1237,0.1239,2025-12-29 14:21:00,0.1234,BE_STOP,0.23,0.5,True,False,False,2025-12,2025,12,Q4
DOGE/USDT,2026-01-03 05:30:00,2026-01-03 05:50:00,LONG,2026-01-03 06:39:00,0.1427,0.1423,0.1431,0.1434,2026-01-03 06:41:00,0.1423,INITIAL_STOP,-1.266,0.0,False,False,False,2026-01,2026,1,Q1
DOGE/USDT,2026-01-09 13:30:00,2026-01-09 13:45:00,SHORT,2026-01-09 13:54:00,0.1406,0.1418,0.1394,0.1386,2026-01-09 15:01:00,0.1386,GRID_B_FULL_TP,1.218,1.309,True,False,False,2026-01,2026,1,Q1
DOGE/USDT,2026-01-11 05:45:00,2026-01-11 06:00:00,SHORT,2026-01-11 06:09:00,0.1396,0.14,0.1393,0.139,2026-01-11 06:52:00,0.1395,BE_STOP,0.185,0.5,False,False,False,2026-01,2026,1,Q1
DOGE/USDT,2026-01-12 01:00:00,2026-01-12 01:35:00,SHORT,2026-01-12 01:43:00,0.1389,0.1398,0.138,0.1375,2026-01-12 02:08:00,0.1398,INITIAL_STOP,-1.128,0.0,False,False,False,2026-01,2026,1,Q1
DOGE/USDT,2026-01-14 18:15:00,2026-01-14 18:55:00,LONG,2026-01-14 19:02:00,0.1473,0.1471,0.1475,0.1477,2026-01-14 19:04:00,0.1474,BE_STOP,-0.022,0.5,True,False,False,2026-01,2026,1,Q1
DOGE/USDT,2026-01-14 22:40:00,2026-01-14 23:05:00,LONG,2026-01-14 23:28:00,0.147,0.1461,0.148,0.1486,2026-01-15 00:46:00,0.1461,INITIAL_STOP,-1.122,0.0,True,False,False,2026-01,2026,1,Q1
DOGE/USDT,2026-01-19 14:20:00,2026-01-19 14:40:00,SHORT,2026-01-19 14:47:00,0.1286,0.1292,0.128,0.1277,2026-01-19 16:27:00,0.1285,BE_STOP,0.322,0.5,False,False,False,2026-01,2026,1,Q1
DOGE/USDT,2026-01-26 14:40:00,2026-01-26 15:25:00,SHORT,2026-01-26 16:22:00,0.1232,0.1235,0.123,0.1228,2026-01-26 16:28:00,0.1228,GRID_B_FULL_TP,0.914,1.309,True,False,False,2026-01,2026,1,Q1
DOGE/USDT,2026-01-28 15:10:00,2026-01-28 16:25:00,LONG,2026-01-28 16:41:00,0.1245,0.1241,0.1249,0.1252,2026-01-28 17:31:00,0.1241,INITIAL_STOP,-1.233,0.0,False,False,False,2026-01,2026,1,Q1
DOGE/USDT,2026-01-30 11:50:00,2026-01-30 12:25:00,SHORT,2026-01-30 13:01:00,0.1151,0.1161,0.1142,0.1136,2026-01-30 13:35:00,0.115,BE_STOP,0.403,0.5,False,False,False,2026-01,2026,1,Q1
DOGE/USDT,2026-01-30 16:35:00,2026-01-30 16:50:00,SHORT,2026-01-30 17:22:00,0.1166,0.1173,0.1158,0.1154,2026-01-30 18:15:00,0.1154,GRID_B_FULL_TP,1.182,1.309,False,False,False,2026-01,2026,1,Q1
DOGE/USDT,2026-02-01 06:20:00,2026-02-01 06:35:00,SHORT,2026-02-01 06:44:00,0.1052,0.1058,0.1046,0.1043,2026-02-01 07:35:00,0.1051,BE_STOP,0.354,0.5,True,False,False,2026-02,2026,2,Q1
DOGE/USDT,2026-02-02 09:35:00,2026-02-02 10:40:00,SHORT,2026-02-02 10:51:00,0.1047,0.1051,0.1043,0.104,2026-02-02 11:06:00,0.1051,INITIAL_STOP,-1.201,0.0,False,False,False,2026-02,2026,2,Q1
DOGE/USDT,2026-02-02 10:25:00,2026-02-02 10:40:00,SHORT,2026-02-02 10:51:00,0.1047,0.1064,0.103,0.102,2026-02-02 12:25:00,0.1064,INITIAL_STOP,-1.049,0.0,False,False,False,2026-02,2026,2,Q1
DOGE/USDT,2026-02-02 18:20:00,2026-02-02 18:35:00,LONG,2026-02-02 18:50:00,0.1083,0.1076,0.1091,0.1096,2026-02-02 19:59:00,0.1076,INITIAL_STOP,-1.111,0.0,True,False,False,2026-02,2026,2,Q1
DOGE/USDT,2026-02-04 19:45:00,2026-02-04 20:10:00,SHORT,2026-02-04 20:17:00,0.1049,0.1055,0.1043,0.1039,2026-02-04 21:07:00,0.1039,GRID_B_FULL_TP,1.167,1.309,True,False,False,2026-02,2026,2,Q1
DOGE/USDT,2026-02-06 04:20:00,2026-02-06 04:40:00,SHORT,2026-02-06 04:45:00,0.0908,0.0913,0.0904,0.0902,2026-02-06 05:03:00,0.0913,INITIAL_STOP,-1.17,0.0,False,False,False,2026-02,2026,2,Q1
DOGE/USDT,2026-02-06 13:20:00,2026-02-06 14:05:00,SHORT,2026-02-06 14:30:00,0.0947,0.0952,0.0942,0.0939,2026-02-06 14:31:00,0.0952,INITIAL_STOP,-1.159,0.0,True,False,False,2026-02,2026,2,Q1
DOGE/USDT,2026-02-06 22:35:00,2026-02-06 23:15:00,SHORT,2026-02-06 23:32:00,0.0991,0.1,0.0982,0.0977,2026-02-07 00:06:00,0.0977,GRID_B_FULL_TP,1.219,1.309,True,False,False,2026-02,2026,2,Q1
DOGE/USDT,2026-02-07 12:15:00,2026-02-07 12:40:00,SHORT,2026-02-07 12:50:00,0.0969,0.0979,0.0959,0.0953,2026-02-07 15:21:00,0.0968,BE_STOP,0.422,0.5,True,False,False,2026-02,2026,2,Q1
DOGE/USDT,2026-02-07 18:35:00,2026-02-07 19:00:00,SHORT,2026-02-07 19:06:00,0.099,0.0996,0.0984,0.098,2026-02-07 20:52:00,0.0989,BE_STOP,0.375,0.5,True,False,False,2026-02,2026,2,Q1
DOGE/USDT,2026-02-12 13:25:00,2026-02-12 13:35:00,LONG,2026-02-12 14:04:00,0.0938,0.0929,0.0946,0.0952,2026-02-12 16:07:00,0.0929,INITIAL_STOP,-1.085,0.0,True,False,False,2026-02,2026,2,Q1
DOGE/USDT,2026-02-12 18:30:00,2026-02-12 19:20:00,LONG,2026-02-12 20:10:00,0.0912,0.0907,0.0916,0.0919,2026-02-12 20:52:00,0.0907,INITIAL_STOP,-1.16,0.0,True,False,False,2026-02,2026,2,Q1
DOGE/USDT,2026-02-14 00:20:00,2026-02-14 00:35:00,LONG,2026-02-14 01:02:00,0.0966,0.0963,0.0969,0.0971,2026-02-14 01:28:00,0.0967,BE_STOP,0.269,0.5,False,False,False,2026-02,2026,2,Q1
DOGE/USDT,2026-02-15 16:10:00,2026-02-15 16:25:00,LONG,2026-02-15 16:32:00,0.1073,0.1061,0.1085,0.1093,2026-02-15 17:42:00,0.1061,INITIAL_STOP,-1.072,0.0,True,False,False,2026-02,2026,2,Q1
DOGE/USDT,2026-02-15 19:35:00,2026-02-15 20:10:00,LONG,2026-02-15 20:17:00,0.1028,0.1023,0.1033,0.1036,2026-02-15 20:42:00,0.1029,BE_STOP,0.327,0.5,True,False,False,2026-02,2026,2,Q1
DOGE/USDT,2026-02-15 23:05:00,2026-02-15 23:30:00,LONG,2026-02-15 23:37:00,0.1023,0.1014,0.1032,0.1037,2026-02-16 05:07:00,0.1024,BE_STOP,0.408,0.5,True,False,False,2026-02,2026,2,Q1
DOGE/USDT,2026-02-16 03:25:00,2026-02-16 03:55:00,LONG,2026-02-16 05:12:00,0.102,0.1015,0.1026,0.103,2026-02-16 05:24:00,0.1015,INITIAL_STOP,-1.139,0.0,False,False,False,2026-02,2026,2,Q1
DOGE/USDT,2026-02-17 13:50:00,2026-02-17 14:45:00,SHORT,2026-02-17 15:08:00,0.0996,0.101,0.0981,0.0972,2026-02-17 16:01:00,0.101,INITIAL_STOP,-1.053,0.0,False,False,False,2026-02,2026,2,Q1
DOGE/USDT,2026-02-19 17:15:00,2026-02-19 17:30:00,SHORT,2026-02-19 18:14:00,0.0976,0.0983,0.0969,0.0964,2026-02-19 19:07:00,0.0983,INITIAL_STOP,-1.106,0.0,False,False,False,2026-02,2026,2,Q1
DOGE/USDT,2026-02-19 19:05:00,2026-02-19 19:15:00,SHORT,2026-02-19 19:50:00,0.098,0.0986,0.0974,0.097,2026-02-19 20:34:00,0.0979,BE_STOP,0.371,0.5,False,False,False,2026-02,2026,2,Q1
DOGE/USDT,2026-02-22 22:20:00,2026-02-22 23:10:00,SHORT,2026-02-22 23:57:00,0.0956,0.096,0.0952,0.095,2026-02-23 00:37:00,0.095,GRID_B_FULL_TP,1.117,1.309,True,False,False,2026-02,2026,2,Q1
DOGE/USDT,2026-02-23 09:45:00,2026-02-23 10:35:00,SHORT,2026-02-23 10:56:00,0.0965,0.0967,0.0962,0.096,2026-02-23 11:08:00,0.0967,INITIAL_STOP,-1.286,0.0,True,False,False,2026-02,2026,2,Q1
DOGE/USDT,2026-02-24 15:15:00,2026-02-24 15:40:00,SHORT,2026-02-24 16:01:00,0.0921,0.0927,0.0915,0.0911,2026-02-24 16:59:00,0.092,BE_STOP,0.38,0.5,False,False,False,2026-02,2026,2,Q1
DOGE/USDT,2026-02-24 16:00:00,2026-02-24 16:35:00,SHORT,2026-02-24 16:40:00,0.0918,0.0928,0.0908,0.0901,2026-02-25 01:11:00,0.0928,INITIAL_STOP,-1.071,0.0,False,False,False,2026-02,2026,2,Q1
DOGE/USDT,2026-02-25 23:35:00,2026-02-25 23:55:00,LONG,2026-02-26 00:37:00,0.1003,0.1,0.1006,0.1008,2026-02-26 00:39:00,0.1,INITIAL_STOP,-1.281,0.0,True,False,False,2026-02,2026,2,Q1
DOGE/USDT,2026-02-26 07:50:00,2026-02-26 09:10:00,LONG,2026-02-26 10:14:00,0.0997,0.0992,0.1003,0.1007,2026-02-26 10:30:00,0.0992,INITIAL_STOP,-1.135,0.0,True,False,False,2026-02,2026,2,Q1
DOGE/USDT,2026-02-27 04:00:00,2026-02-27 04:35:00,SHORT,2026-02-27 04:55:00,0.0987,0.0989,0.0985,0.0984,2026-02-27 04:57:00,0.0984,GRID_B_FULL_TP,0.825,1.309,False,False,False,2026-02,2026,2,Q1
DOGE/USDT,2026-02-28 13:45:00,2026-02-28 14:50:00,SHORT,2026-02-28 16:44:00,0.0911,0.0923,0.0899,0.0892,2026-02-28 18:53:00,0.0923,INITIAL_STOP,-1.062,0.0,True,False,False,2026-02,2026,2,Q1
DOGE/USDT,2026-02-28 18:35:00,2026-02-28 19:10:00,SHORT,2026-02-28 19:16:00,0.0919,0.0923,0.0916,0.0914,2026-02-28 19:24:00,0.0919,BE_STOP,0.282,0.5,True,False,False,2026-02,2026,2,Q1
DOGE/USDT,2026-03-04 22:40:00,2026-03-04 23:15:00,LONG,2026-03-04 23:20:00,0.0996,0.0985,0.1006,0.1013,2026-03-05 00:06:00,0.0985,INITIAL_STOP,-1.076,0.0,True,False,False,2026-03,2026,3,Q1
DOGE/USDT,2026-03-06 22:35:00,2026-03-06 23:00:00,SHORT,2026-03-06 23:19:00,0.0913,0.0918,0.0908,0.0905,2026-03-07 03:13:00,0.0918,INITIAL_STOP,-1.149,0.0,True,False,False,2026-03,2026,3,Q1
DOGE/USDT,2026-03-08 19:20:00,2026-03-08 19:55:00,SHORT,2026-03-08 20:00:00,0.0894,0.0897,0.0891,0.0889,2026-03-08 20:33:00,0.0897,INITIAL_STOP,-1.247,0.0,False,False,False,2026-03,2026,3,Q1
DOGE/USDT,2026-03-08 19:30:00,2026-03-08 19:55:00,SHORT,2026-03-08 20:00:00,0.0894,0.0898,0.0889,0.0886,2026-03-08 20:37:00,0.0898,INITIAL_STOP,-1.156,0.0,False,False,False,2026-03,2026,3,Q1
DOGE/USDT,2026-03-10 19:20:00,2026-03-10 19:40:00,LONG,2026-03-10 19:51:00,0.0946,0.0944,0.0949,0.095,2026-03-10 20:05:00,0.095,GRID_B_FULL_TP,0.96,1.309,True,False,False,2026-03,2026,3,Q1
DOGE/USDT,2026-03-10 21:45:00,2026-03-10 22:25:00,LONG,2026-03-10 22:33:00,0.0944,0.0938,0.0951,0.0955,2026-03-11 01:19:00,0.0938,INITIAL_STOP,-1.113,0.0,True,False,False,2026-03,2026,3,Q1
DOGE/USDT,2026-03-11 00:35:00,2026-03-11 00:50:00,LONG,2026-03-11 01:01:00,0.0943,0.094,0.0945,0.0947,2026-03-11 01:15:00,0.094,INITIAL_STOP,-1.278,0.0,False,False,False,2026-03,2026,3,Q1
DOGE/USDT,2026-03-11 04:00:00,2026-03-11 04:25:00,LONG,2026-03-11 05:17:00,0.0926,0.0921,0.093,0.0933,2026-03-11 05:40:00,0.0921,INITIAL_STOP,-1.16,0.0,False,False,False,2026-03,2026,3,Q1
DOGE/USDT,2026-03-11 09:55:00,2026-03-11 10:35:00,LONG,2026-03-11 11:43:00,0.0919,0.0914,0.0924,0.0927,2026-03-11 12:23:00,0.0927,GRID_B_FULL_TP,1.163,1.309,False,False,False,2026-03,2026,3,Q1
DOGE/USDT,2026-03-13 19:00:00,2026-03-13 19:50:00,LONG,2026-03-13 20:02:00,0.096,0.0953,0.0966,0.0971,2026-03-13 21:39:00,0.096,BE_STOP,0.386,0.5,False,False,False,2026-03,2026,3,Q1
DOGE/USDT,2026-03-14 00:45:00,2026-03-14 01:05:00,LONG,2026-03-14 01:11:00,0.0955,0.0949,0.0961,0.0965,2026-03-14 05:03:00,0.0956,BE_STOP,0.374,0.5,False,False,False,2026-03,2026,3,Q1
DOGE/USDT,2026-03-17 02:05:00,2026-03-17 02:35:00,LONG,2026-03-17 03:10:00,0.1028,0.1021,0.1035,0.1039,2026-03-17 03:33:00,0.1021,INITIAL_STOP,-1.122,0.0,False,False,False,2026-03,2026,3,Q1
DOGE/USDT,2026-03-17 05:40:00,2026-03-17 05:55:00,LONG,2026-03-17 06:01:00,0.0998,0.0994,0.1003,0.1005,2026-03-17 06:21:00,0.1005,GRID_B_FULL_TP,1.127,1.309,False,False,False,2026-03,2026,3,Q1
DOGE/USDT,2026-03-17 22:00:00,2026-03-17 22:35:00,SHORT,2026-03-17 22:49:00,0.101,0.1019,0.1,0.0995,2026-03-18 02:12:00,0.1009,BE_STOP,0.412,0.5,False,False,False,2026-03,2026,3,Q1
DOGE/USDT,2026-03-18 18:00:00,2026-03-18 18:20:00,SHORT,2026-03-18 18:30:00,0.095,0.0956,0.0945,0.0941,2026-03-18 19:03:00,0.0949,BE_STOP,0.361,0.5,True,False,False,2026-03,2026,3,Q1
DOGE/USDT,2026-03-19 00:15:00,2026-03-19 00:35:00,SHORT,2026-03-19 01:00:00,0.0953,0.0956,0.0949,0.0947,2026-03-19 01:37:00,0.0952,BE_STOP,0.281,0.5,False,False,False,2026-03,2026,3,Q1
DOGE/USDT,2026-03-20 01:00:00,2026-03-20 02:00:00,SHORT,2026-03-20 03:29:00,0.0944,0.0946,0.0941,0.094,2026-03-20 04:12:00,0.0943,BE_STOP,0.181,0.5,False,False,False,2026-03,2026,3,Q1
DOGE/USDT,2026-03-22 12:20:00,2026-03-22 12:50:00,SHORT,2026-03-22 13:01:00,0.0916,0.0918,0.0914,0.0913,2026-03-22 13:02:00,0.0918,INITIAL_STOP,-1.413,0.0,False,False,False,2026-03,2026,3,Q1
DOGE/USDT,2026-03-24 01:35:00,2026-03-24 01:55:00,LONG,2026-03-24 02:00:00,0.0931,0.0926,0.0935,0.0938,2026-03-24 02:03:00,0.0938,GRID_B_FULL_TP,1.14,1.309,False,False,False,2026-03,2026,3,Q1
DOGE/USDT,2026-03-26 13:15:00,2026-03-26 13:25:00,SHORT,2026-03-26 13:44:00,0.0917,0.092,0.0913,0.0911,2026-03-26 13:45:00,0.092,INITIAL_STOP,-1.208,0.0,True,False,False,2026-03,2026,3,Q1
DOGE/USDT,2026-03-26 20:10:00,2026-03-26 20:50:00,SHORT,2026-03-26 21:12:00,0.092,0.0928,0.0912,0.0906,2026-03-27 08:51:00,0.0919,BE_STOP,0.412,0.5,True,False,False,2026-03,2026,3,Q1
DOGE/USDT,2026-03-27 07:20:00,2026-03-27 08:20:00,SHORT,2026-03-27 08:25:00,0.0922,0.0924,0.092,0.0918,2026-03-27 08:35:00,0.0918,GRID_B_FULL_TP,0.993,1.309,False,False,False,2026-03,2026,3,Q1
DOGE/USDT,2026-03-28 19:10:00,2026-03-28 19:35:00,LONG,2026-03-28 19:47:00,0.0922,0.0918,0.0925,0.0927,2026-03-28 21:53:00,0.0918,INITIAL_STOP,-1.215,0.0,True,False,False,2026-03,2026,3,Q1
DOGE/USDT,2026-03-28 23:05:00,2026-03-28 23:25:00,LONG,2026-03-28 23:38:00,0.0909,0.0906,0.0912,0.0914,2026-03-29 00:21:00,0.0906,INITIAL_STOP,-1.234,0.0,True,False,False,2026-03,2026,3,Q1
DOGE/USDT,2026-03-28 23:10:00,2026-03-28 23:25:00,LONG,2026-03-28 23:38:00,0.0909,0.0903,0.0915,0.0919,2026-03-29 05:05:00,0.091,BE_STOP,0.385,0.5,True,False,False,2026-03,2026,3,Q1
DOGE/USDT,2026-04-01 09:40:00,2026-04-01 09:50:00,LONG,2026-04-01 10:31:00,0.0922,0.0917,0.0927,0.0931,2026-04-01 12:03:00,0.0923,BE_STOP,0.353,0.5,False,False,False,2026-04,2026,4,Q2
DOGE/USDT,2026-04-01 20:30:00,2026-04-01 20:40:00,LONG,2026-04-01 22:28:00,0.0925,0.0921,0.0929,0.0932,2026-04-01 23:58:00,0.0921,INITIAL_STOP,-1.183,0.0,False,False,False,2026-04,2026,4,Q2
DOGE/USDT,2026-04-02 14:35:00,2026-04-02 15:20:00,SHORT,2026-04-02 15:36:00,0.0904,0.0913,0.0895,0.089,2026-04-03 05:32:00,0.0913,INITIAL_STOP,-1.08,0.0,False,False,False,2026-04,2026,4,Q2
DOGE/USDT,2026-04-03 13:10:00,2026-04-03 13:25:00,LONG,2026-04-03 13:31:00,0.0911,0.0907,0.0914,0.0917,2026-04-03 14:56:00,0.0917,GRID_B_FULL_TP,1.118,1.309,False,False,False,2026-04,2026,4,Q2
DOGE/USDT,2026-04-05 10:35:00,2026-04-05 10:50:00,SHORT,2026-04-05 11:18:00,0.0904,0.0908,0.09,0.0898,2026-04-05 12:48:00,0.0898,GRID_B_FULL_TP,1.121,1.309,True,False,False,2026-04,2026,4,Q2
DOGE/USDT,2026-04-06 17:00:00,2026-04-06 18:15:00,LONG,2026-04-06 18:21:00,0.092,0.0916,0.0924,0.0926,2026-04-06 21:10:00,0.0916,INITIAL_STOP,-1.197,0.0,False,False,False,2026-04,2026,4,Q2
DOGE/USDT,2026-04-08 11:35:00,2026-04-08 11:50:00,LONG,2026-04-08 12:08:00,0.0941,0.0936,0.0946,0.0949,2026-04-08 13:07:00,0.0949,GRID_B_FULL_TP,1.156,1.309,True,False,False,2026-04,2026,4,Q2
DOGE/USDT,2026-04-12 20:40:00,2026-04-12 21:10:00,SHORT,2026-04-12 21:40:00,0.0915,0.0918,0.0911,0.0909,2026-04-12 22:00:00,0.0909,GRID_B_FULL_TP,1.101,1.309,False,False,False,2026-04,2026,4,Q2
DOGE/USDT,2026-04-14 00:20:00,2026-04-14 00:40:00,LONG,2026-04-14 00:46:00,0.0937,0.0932,0.0943,0.0946,2026-04-14 01:02:00,0.0932,INITIAL_STOP,-1.148,0.0,False,False,False,2026-04,2026,4,Q2
DOGE/USDT,2026-04-15 01:15:00,2026-04-15 02:30:00,SHORT,2026-04-15 03:23:00,0.0933,0.0938,0.0929,0.0926,2026-04-15 05:00:00,0.0938,INITIAL_STOP,-1.166,0.0,False,False,False,2026-04,2026,4,Q2
DOGE/USDT,2026-04-16 09:00:00,2026-04-16 09:15:00,LONG,2026-04-16 09:42:00,0.0962,0.0957,0.0966,0.0969,2026-04-16 10:17:00,0.0957,INITIAL_STOP,-1.164,0.0,False,False,False,2026-04,2026,4,Q2
DOGE/USDT,2026-04-16 13:50:00,2026-04-16 14:35:00,LONG,2026-04-16 14:40:00,0.0952,0.095,0.0954,0.0955,2026-04-16 14:45:00,0.0953,BE_STOP,0.115,0.5,False,False,False,2026-04,2026,4,Q2
DOGE/USDT,2026-04-17 00:25:00,2026-04-17 01:05:00,LONG,2026-04-17 01:21:00,0.099,0.0984,0.0997,0.1,2026-04-17 01:24:00,0.0984,INITIAL_STOP,-1.129,0.0,False,False,False,2026-04,2026,4,Q2
DOGE/USDT,2026-04-18 21:55:00,2026-04-18 22:05:00,SHORT,2026-04-18 22:32:00,0.0951,0.0955,0.0947,0.0945,2026-04-19 01:00:00,0.095,BE_STOP,0.309,0.5,True,False,False,2026-04,2026,4,Q2
DOGE/USDT,2026-04-19 15:35:00,2026-04-19 15:55:00,LONG,2026-04-19 16:18:00,0.095,0.0941,0.0959,0.0965,2026-04-19 17:05:00,0.0941,INITIAL_STOP,-1.084,0.0,False,False,False,2026-04,2026,4,Q2
DOGE/USDT,2026-04-20 04:50:00,2026-04-20 05:10:00,SHORT,2026-04-20 06:11:00,0.0943,0.0948,0.0938,0.0935,2026-04-20 06:40:00,0.0942,BE_STOP,0.342,0.5,False,False,False,2026-04,2026,4,Q2
DOGE/USDT,2026-04-21 03:00:00,2026-04-21 03:50:00,LONG,2026-04-21 03:58:00,0.095,0.0948,0.0951,0.0952,2026-04-21 04:26:00,0.0952,GRID_B_FULL_TP,0.881,1.309,False,False,False,2026-04,2026,4,Q2
DOGE/USDT,2026-04-22 16:50:00,2026-04-22 17:05:00,LONG,2026-04-22 17:17:00,0.0972,0.0967,0.0977,0.098,2026-04-22 19:33:00,0.0967,INITIAL_STOP,-1.154,0.0,False,False,False,2026-04,2026,4,Q2
DOGE/USDT,2026-04-23 03:15:00,2026-04-23 04:10:00,LONG,2026-04-23 04:24:00,0.0957,0.0952,0.0962,0.0965,2026-04-23 07:21:00,0.0958,BE_STOP,0.342,0.5,False,False,False,2026-04,2026,4,Q2
DOGE/USDT,2026-04-27 18:15:00,2026-04-27 19:25:00,SHORT,2026-04-27 20:00:00,0.0979,0.0983,0.0975,0.0973,2026-04-27 22:15:00,0.0983,INITIAL_STOP,-1.208,0.0,True,False,False,2026-04,2026,4,Q2
DOGE/USDT,2026-04-29 18:05:00,2026-04-29 18:55:00,LONG,2026-04-29 19:03:00,0.1018,0.1009,0.1027,0.1033,2026-04-29 21:37:00,0.1033,GRID_B_FULL_TP,1.218,1.309,True,False,False,2026-04,2026,4,Q2
DOGE/USDT,2026-05-04 13:00:00,2026-05-04 13:10:00,LONG,2026-05-04 13:55:00,0.1105,0.1097,0.1113,0.1119,2026-05-04 14:41:00,0.1119,GRID_B_FULL_TP,1.203,1.309,False,False,False,2026-05,2026,5,Q2
DOGE/USDT,2026-05-06 13:45:00,2026-05-06 14:25:00,LONG,2026-05-06 14:56:00,0.113,0.1112,0.1148,0.1159,2026-05-07 01:00:00,0.1112,INITIAL_STOP,-1.05,0.0,True,False,False,2026-05,2026,5,Q2
DOGE/USDT,2026-05-06 23:00:00,2026-05-06 23:55:00,LONG,2026-05-07 00:05:00,0.1124,0.1118,0.113,0.1134,2026-05-07 00:31:00,0.1118,INITIAL_STOP,-1.147,0.0,True,False,False,2026-05,2026,5,Q2
DOGE/USDT,2026-05-07 05:10:00,2026-05-07 05:45:00,SHORT,2026-05-07 05:50:00,0.1111,0.1115,0.1106,0.1104,2026-05-07 06:32:00,0.111,BE_STOP,0.296,0.5,False,False,False,2026-05,2026,5,Q2
DOGE/USDT,2026-05-07 08:25:00,2026-05-07 09:00:00,SHORT,2026-05-07 09:06:00,0.1116,0.1121,0.111,0.1107,2026-05-07 09:37:00,0.1121,INITIAL_STOP,-1.165,0.0,False,False,False,2026-05,2026,5,Q2
DOGE/USDT,2026-05-08 14:45:00,2026-05-08 15:20:00,SHORT,2026-05-08 15:32:00,0.1073,0.108,0.1065,0.1061,2026-05-08 15:55:00,0.108,INITIAL_STOP,-1.114,0.0,False,False,False,2026-05,2026,5,Q2
DOGE/USDT,2026-05-08 18:20:00,2026-05-08 19:00:00,SHORT,2026-05-08 19:13:00,0.1087,0.109,0.1083,0.1081,2026-05-08 19:16:00,0.109,INITIAL_STOP,-1.246,0.0,True,False,False,2026-05,2026,5,Q2
DOGE/USDT,2026-05-09 16:15:00,2026-05-09 16:35:00,SHORT,2026-05-09 16:54:00,0.1089,0.1092,0.1087,0.1086,2026-05-09 17:05:00,0.1092,INITIAL_STOP,-1.358,0.0,True,False,False,2026-05,2026,5,Q2
DOGE/USDT,2026-05-10 20:45:00,2026-05-10 21:05:00,LONG,2026-05-10 21:12:00,0.1081,0.1063,0.1099,0.1111,2026-05-10 22:40:00,0.1111,GRID_B_FULL_TP,1.262,1.309,True,False,False,2026-05,2026,5,Q2
DOGE/USDT,2026-05-13 12:35:00,2026-05-13 13:05:00,LONG,2026-05-13 13:25:00,0.1121,0.1108,0.1133,0.1141,2026-05-13 13:48:00,0.1108,INITIAL_STOP,-1.071,0.0,False,False,False,2026-05,2026,5,Q2
DOGE/USDT,2026-05-13 13:45:00,2026-05-13 14:10:00,LONG,2026-05-13 15:13:00,0.1109,0.1104,0.1114,0.1117,2026-05-13 15:30:00,0.1104,INITIAL_STOP,-1.174,0.0,False,False,False,2026-05,2026,5,Q2
DOGE/USDT,2026-05-15 18:00:00,2026-05-15 19:05:00,SHORT,2026-05-15 19:13:00,0.113,0.1135,0.1126,0.1123,2026-05-15 20:12:00,0.1129,BE_STOP,0.297,0.5,True,False,False,2026-05,2026,5,Q2
DOGE/USDT,2026-05-15 22:15:00,2026-05-15 23:35:00,SHORT,2026-05-15 23:51:00,0.1135,0.1138,0.1132,0.1131,2026-05-16 00:03:00,0.1131,GRID_B_FULL_TP,0.996,1.309,False,False,False,2026-05,2026,5,Q2
DOGE/USDT,2026-05-16 14:30:00,2026-05-16 14:55:00,SHORT,2026-05-16 15:02:00,0.1092,0.1095,0.1089,0.1087,2026-05-16 15:32:00,0.1095,INITIAL_STOP,-1.27,0.0,True,False,False,2026-05,2026,5,Q2
DOGE/USDT,2026-05-20 03:25:00,2026-05-20 04:15:00,SHORT,2026-05-20 05:06:00,0.1027,0.1033,0.1022,0.1018,2026-05-20 05:30:00,0.1033,INITIAL_STOP,-1.152,0.0,False,False,False,2026-05,2026,5,Q2
DOGE/USDT,2026-05-20 06:50:00,2026-05-20 07:05:00,SHORT,2026-05-20 07:23:00,0.104,0.1043,0.1036,0.1034,2026-05-20 08:32:00,0.1039,BE_STOP,0.237,0.5,True,False,False,2026-05,2026,5,Q2
DOGE/USDT,2026-05-29 21:50:00,2026-05-29 22:20:00,LONG,2026-05-29 22:38:00,0.0997,0.0995,0.0999,0.1001,2026-05-29 23:12:00,0.0998,BE_STOP,0.128,0.5,False,False,False,2026-05,2026,5,Q2
DOGE/USDT,2026-06-01 19:40:00,2026-06-01 20:10:00,SHORT,2026-06-01 20:17:00,0.1005,0.1008,0.1002,0.1,2026-06-01 20:45:00,0.1008,INITIAL_STOP,-1.247,0.0,False,False,False,2026-06,2026,6,Q2
DOGE/USDT,2026-06-03 05:05:00,2026-06-03 05:25:00,SHORT,2026-06-03 05:53:00,0.0939,0.0943,0.0936,0.0933,2026-06-03 06:34:00,0.0943,INITIAL_STOP,-1.203,0.0,False,False,False,2026-06,2026,6,Q2
DOGE/USDT,2026-06-03 06:40:00,2026-06-03 06:50:00,SHORT,2026-06-03 07:11:00,0.0943,0.0947,0.0938,0.0936,2026-06-03 09:48:00,0.0936,GRID_B_FULL_TP,1.132,1.309,True,False,False,2026-06,2026,6,Q2
DOGE/USDT,2026-06-05 10:00:00,2026-06-05 10:10:00,SHORT,2026-06-05 10:31:00,0.0849,0.0856,0.0842,0.0838,2026-06-05 11:18:00,0.0848,BE_STOP,0.397,0.5,True,False,False,2026-06,2026,6,Q2
DOGE/USDT,2026-06-10 10:30:00,2026-06-10 11:05:00,SHORT,2026-06-10 11:16:00,0.0834,0.084,0.0828,0.0824,2026-06-10 12:30:00,0.084,INITIAL_STOP,-1.109,0.0,False,False,False,2026-06,2026,6,Q2
DOGE/USDT,2026-06-10 15:50:00,2026-06-10 16:45:00,SHORT,2026-06-10 17:02:00,0.0844,0.0856,0.0833,0.0826,2026-06-10 21:05:00,0.0826,GRID_B_FULL_TP,1.25,1.309,True,False,False,2026-06,2026,6,Q2
DOGE/USDT,2026-06-15 19:15:00,2026-06-15 20:05:00,LONG,2026-06-15 20:16:00,0.0891,0.0886,0.0896,0.0899,2026-06-16 09:58:00,0.0886,INITIAL_STOP,-1.137,0.0,True,False,False,2026-06,2026,6,Q2
DOGE/USDT,2026-06-19 23:55:00,2026-06-20 13:55:00,SHORT,2026-06-20 14:45:00,0.0834,0.0838,0.0829,0.0827,2026-06-20 14:46:00,0.0838,INITIAL_STOP,-1.147,0.0,True,False,False,2026-06,2026,6,Q2
DOGE/USDT,2026-07-05 03:25:00,2026-07-05 04:25:00,LONG,2026-07-05 04:58:00,0.0761,0.0758,0.0764,0.0766,2026-07-05 05:41:00,0.0758,INITIAL_STOP,-1.204,0.0,False,False,False,2026-07,2026,7,Q3
DOGE/USDT,2026-07-14 21:35:00,2026-07-14 21:45:00,SHORT,2026-07-14 22:33:00,0.0745,0.0748,0.0742,0.074,2026-07-15 13:11:00,0.0748,INITIAL_STOP,-1.194,0.0,True,False,False,2026-07,2026,7,Q3
DOGE/USDT,2026-07-15 13:10:00,2026-07-15 13:45:00,SHORT,2026-07-15 14:16:00,0.075,0.0751,0.0748,0.0747,2026-07-15 14:18:00,0.0751,INITIAL_STOP,-1.369,0.0,False,False,False,2026-07,2026,7,Q3
DOGE/USDT,2026-07-26 15:35:00,2026-07-26 16:55:00,SHORT,2026-07-26 17:15:00,0.0731,0.0733,0.073,0.0728,2026-07-26 18:09:00,0.0728,GRID_B_FULL_TP,1.001,1.309,True,False,False,2026-07,2026,7,Q3
DOGE/USDT,2026-08-27 04:35:00,2026-08-27 05:50:00,LONG,2026-08-27 06:04:00,0.0868,0.0864,0.0873,0.0875,2026-08-27 08:03:00,0.0875,GRID_B_FULL_TP,1.151,1.309,False,False,False,2026-08,2026,8,Q3
DOGE/USDT,2026-08-28 21:30:00,2026-08-28 21:45:00,SHORT,2026-08-28 22:25:00,0.0849,0.0852,0.0846,0.0844,2026-08-28 22:54:00,0.0852,INITIAL_STOP,-1.228,0.0,True,False,False,2026-08,2026,8,Q3
DOGE/USDT,2026-08-31 03:45:00,2026-08-31 04:00:00,SHORT,2026-08-31 05:16:00,0.0824,0.0827,0.0821,0.0819,2026-08-31 05:19:00,0.0827,INITIAL_STOP,-1.228,0.0,False,False,False,2026-08,2026,8,Q3
DOGE/USDT,2026-08-31 17:40:00,2026-08-31 18:05:00,SHORT,2026-08-31 18:15:00,0.0833,0.0836,0.083,0.0828,2026-08-31 18:42:00,0.0836,INITIAL_STOP,-1.205,0.0,True,False,False,2026-08,2026,8,Q3
DOGE/USDT,2026-09-03 20:20:00,2026-09-03 21:15:00,LONG,2026-09-03 21:23:00,0.0888,0.0885,0.0891,0.0892,2026-09-03 21:34:00,0.0892,GRID_B_FULL_TP,1.067,1.309,True,False,False,2026-09,2026,9,Q3
DOGE/USDT,2026-09-04 16:30:00,2026-09-04 17:00:00,SHORT,2026-09-04 18:57:00,0.0847,0.085,0.0844,0.0842,2026-09-04 19:24:00,0.085,INITIAL_STOP,-1.214,0.0,True,False,False,2026-09,2026,9,Q3
DOGE/USDT,2026-09-05 21:45:00,2026-09-05 22:05:00,LONG,2026-09-05 22:19:00,0.0907,0.0898,0.0916,0.0922,2026-09-05 23:38:00,0.0898,INITIAL_STOP,-1.078,0.0,True,False,False,2026-09,2026,9,Q3
DOGE/USDT,2026-09-06 09:40:00,2026-09-06 10:45:00,LONG,2026-09-06 11:43:00,0.0898,0.0881,0.0916,0.0927,2026-09-06 14:32:00,0.0881,INITIAL_STOP,-1.041,0.0,True,False,False,2026-09,2026,9,Q3
DOGE/USDT,2026-09-11 12:30:00,2026-09-11 12:40:00,LONG,2026-09-11 13:33:00,0.0844,0.0822,0.0867,0.0881,2026-09-11 14:02:00,0.0881,GRID_B_FULL_TP,1.279,1.309,True,False,False,2026-09,2026,9,Q3
ADA/USDT,2025-09-15 13:30:00,2025-09-15 14:05:00,SHORT,2025-09-15 14:15:00,0.8638,0.8712,0.8564,0.8518,2025-09-15 19:05:00,0.8631,BE_STOP,0.407,0.5,True,False,False,2025-09,2025,9,Q3
ADA/USDT,2025-09-15 19:05:00,2025-09-15 19:15:00,SHORT,2025-09-15 19:39:00,0.8606,0.8658,0.8554,0.8522,2025-09-15 22:02:00,0.8658,INITIAL_STOP,-1.133,0.0,True,False,False,2025-09,2025,9,Q3
ADA/USDT,2025-09-16 10:15:00,2025-09-16 10:35:00,SHORT,2025-09-16 10:40:00,0.8719,0.8767,0.8671,0.8641,2025-09-16 13:45:00,0.8641,GRID_B_FULL_TP,1.164,1.309,True,False,False,2025-09,2025,9,Q3
ADA/USDT,2025-09-16 17:15:00,2025-09-16 17:40:00,SHORT,2025-09-16 17:45:00,0.8772,0.8802,0.8742,0.8723,2025-09-16 18:25:00,0.8802,INITIAL_STOP,-1.233,0.0,True,False,False,2025-09,2025,9,Q3
ADA/USDT,2025-09-18 10:10:00,2025-09-18 11:20:00,LONG,2025-09-18 11:25:00,0.9144,0.9107,0.9181,0.9203,2025-09-18 13:41:00,0.9151,BE_STOP,0.301,0.5,False,False,False,2025-09,2025,9,Q3
ADA/USDT,2025-09-18 13:45:00,2025-09-18 14:10:00,LONG,2025-09-18 14:15:00,0.9165,0.9066,0.9265,0.9326,2025-09-18 17:17:00,0.9326,GRID_B_FULL_TP,1.235,1.309,False,False,False,2025-09,2025,9,Q3
ADA/USDT,2025-09-20 11:55:00,2025-09-20 12:05:00,SHORT,2025-09-20 12:57:00,0.8944,0.897,0.8918,0.8901,2025-09-20 13:24:00,0.897,INITIAL_STOP,-1.271,0.0,False,False,False,2025-09,2025,9,Q3
ADA/USDT,2025-09-21 14:45:00,2025-09-21 14:55:00,SHORT,2025-09-21 15:20:00,0.887,0.8911,0.883,0.8804,2025-09-21 16:35:00,0.8804,GRID_B_FULL_TP,1.135,1.309,True,False,False,2025-09,2025,9,Q3
ADA/USDT,2025-09-21 18:55:00,2025-09-21 19:10:00,SHORT,2025-09-21 19:25:00,0.8857,0.8909,0.8804,0.8771,2025-09-21 22:44:00,0.8849,BE_STOP,0.366,0.5,True,False,False,2025-09,2025,9,Q3
ADA/USDT,2025-09-23 14:10:00,2025-09-23 14:35:00,SHORT,2025-09-23 14:41:00,0.8201,0.8277,0.8125,0.8078,2025-09-23 16:52:00,0.8277,INITIAL_STOP,-1.086,0.0,False,False,False,2025-09,2025,9,Q3
ADA/USDT,2025-09-24 09:30:00,2025-09-24 10:30:00,SHORT,2025-09-24 10:38:00,0.8168,0.8197,0.8139,0.8121,2025-09-24 11:10:00,0.8197,INITIAL_STOP,-1.223,0.0,True,False,False,2025-09,2025,9,Q3
ADA/USDT,2025-09-24 14:45:00,2025-09-24 15:50:00,SHORT,2025-09-24 17:31:00,0.8246,0.8289,0.8202,0.8175,2025-09-24 19:51:00,0.8239,BE_STOP,0.35,0.5,True,False,False,2025-09,2025,9,Q3
ADA/USDT,2025-09-27 17:15:00,2025-09-27 17:35:00,LONG,2025-09-27 17:47:00,0.7791,0.7761,0.7821,0.7839,2025-09-27 20:25:00,0.7797,BE_STOP,0.29,0.5,True,False,False,2025-09,2025,9,Q3
ADA/USDT,2025-09-29 05:05:00,2025-09-29 05:50:00,LONG,2025-09-29 06:03:00,0.7984,0.7953,0.8014,0.8033,2025-09-29 06:15:00,0.7953,INITIAL_STOP,-1.21,0.0,False,False,False,2025-09,2025,9,Q3
ADA/USDT,2025-10-02 10:20:00,2025-10-02 10:35:00,LONG,2025-10-02 11:57:00,0.8509,0.8476,0.8542,0.8562,2025-10-02 13:01:00,0.8562,GRID_B_FULL_TP,1.101,1.309,False,False,False,2025-10,2025,10,Q4
ADA/USDT,2025-10-04 21:25:00,2025-10-04 21:50:00,SHORT,2025-10-04 22:02:00,0.8415,0.8452,0.8377,0.8354,2025-10-05 00:22:00,0.8408,BE_STOP,0.319,0.5,True,False,False,2025-10,2025,10,Q4
ADA/USDT,2025-10-06 00:15:00,2025-10-06 00:55:00,SHORT,2025-10-06 01:05:00,0.8363,0.8461,0.8266,0.8206,2025-10-06 06:28:00,0.8461,INITIAL_STOP,-1.069,0.0,False,False,False,2025-10,2025,10,Q4
ADA/USDT,2025-10-08 14:00:00,2025-10-08 14:35:00,SHORT,2025-10-08 15:09:00,0.8213,0.8312,0.8113,0.8051,2025-10-08 17:10:00,0.8312,INITIAL_STOP,-1.066,0.0,True,False,False,2025-10,2025,10,Q4
ADA/USDT,2025-10-08 17:15:00,2025-10-08 17:40:00,SHORT,2025-10-08 17:48:00,0.8427,0.8466,0.8389,0.8366,2025-10-08 18:54:00,0.8421,BE_STOP,0.323,0.5,True,False,False,2025-10,2025,10,Q4
ADA/USDT,2025-10-11 09:05:00,2025-10-11 09:15:00,SHORT,2025-10-11 09:23:00,0.6768,0.6842,0.6695,0.6649,2025-10-11 10:02:00,0.6649,GRID_B_FULL_TP,1.235,1.309,True,False,False,2025-10,2025,10,Q4
ADA/USDT,2025-10-13 11:25:00,2025-10-13 12:10:00,LONG,2025-10-13 12:20:00,0.7074,0.6914,0.7233,0.7331,2025-10-13 14:22:00,0.7079,BE_STOP,0.464,0.5,True,False,False,2025-10,2025,10,Q4
ADA/USDT,2025-10-14 01:05:00,2025-10-14 01:20:00,LONG,2025-10-14 01:30:00,0.7251,0.7196,0.7307,0.7341,2025-10-14 02:04:00,0.7196,INITIAL_STOP,-1.105,0.0,False,False,False,2025-10,2025,10,Q4
ADA/USDT,2025-10-14 14:45:00,2025-10-14 14:55:00,SHORT,2025-10-14 15:02:00,0.682,0.6876,0.6763,0.6728,2025-10-14 15:24:00,0.6814,BE_STOP,0.404,0.5,True,False,False,2025-10,2025,10,Q4
ADA/USDT,2025-10-16 02:05:00,2025-10-16 02:40:00,SHORT,2025-10-16 02:47:00,0.671,0.6768,0.6652,0.6616,2025-10-16 06:25:00,0.6705,BE_STOP,0.408,0.5,False,False,False,2025-10,2025,10,Q4
ADA/USDT,2025-10-16 10:15:00,2025-10-16 11:25:00,SHORT,2025-10-16 11:48:00,0.6777,0.6826,0.6728,0.6697,2025-10-16 12:02:00,0.6826,INITIAL_STOP,-1.11,0.0,True,False,False,2025-10,2025,10,Q4
ADA/USDT,2025-10-18 07:05:00,2025-10-18 07:20:00,SHORT,2025-10-18 07:39:00,0.6349,0.6401,0.6296,0.6264,2025-10-18 12:17:00,0.6401,INITIAL_STOP,-1.098,0.0,True,False,False,2025-10,2025,10,Q4
ADA/USDT,2025-10-20 08:20:00,2025-10-20 08:30:00,LONG,2025-10-20 08:40:00,0.6684,0.6644,0.6724,0.6749,2025-10-20 10:46:00,0.6689,BE_STOP,0.366,0.5,False,False,False,2025-10,2025,10,Q4
ADA/USDT,2025-10-20 11:10:00,2025-10-20 11:50:00,LONG,2025-10-20 12:05:00,0.6651,0.6611,0.6691,0.6716,2025-10-20 12:51:00,0.6656,BE_STOP,0.367,0.5,True,False,False,2025-10,2025,10,Q4
ADA/USDT,2025-10-20 16:00:00,2025-10-20 17:00:00,LONG,2025-10-20 17:11:00,0.6592,0.6527,0.6656,0.6696,2025-10-20 19:50:00,0.6696,GRID_B_FULL_TP,1.227,1.309,False,False,False,2025-10,2025,10,Q4
ADA/USDT,2025-10-22 13:55:00,2025-10-22 14:25:00,SHORT,2025-10-22 14:56:00,0.6348,0.6445,0.6251,0.6192,2025-10-22 21:01:00,0.6192,GRID_B_FULL_TP,1.256,1.309,False,False,False,2025-10,2025,10,Q4
ADA/USDT,2025-10-23 08:15:00,2025-10-23 08:55:00,SHORT,2025-10-23 09:01:00,0.6407,0.6443,0.6372,0.6351,2025-10-23 11:51:00,0.6351,GRID_B_FULL_TP,1.163,1.309,True,False,False,2025-10,2025,10,Q4
ADA/USDT,2025-10-27 09:50:00,2025-10-27 10:20:00,LONG,2025-10-27 10:30:00,0.6767,0.6728,0.6806,0.683,2025-10-27 11:20:00,0.6728,INITIAL_STOP,-1.138,0.0,True,False,False,2025-10,2025,10,Q4
ADA/USDT,2025-10-27 13:40:00,2025-10-27 13:50:00,LONG,2025-10-27 14:05:00,0.6709,0.6647,0.6771,0.6809,2025-10-27 16:37:00,0.6809,GRID_B_FULL_TP,1.223,1.309,True,False,False,2025-10,2025,10,Q4
ADA/USDT,2025-10-27 21:20:00,2025-10-27 21:35:00,LONG,2025-10-27 21:59:00,0.6688,0.664,0.6737,0.6767,2025-10-27 23:15:00,0.664,INITIAL_STOP,-1.11,0.0,True,False,False,2025-10,2025,10,Q4
ADA/USDT,2025-10-31 19:30:00,2025-10-31 20:05:00,SHORT,2025-10-31 20:11:00,0.6102,0.6119,0.6085,0.6074,2025-10-31 20:45:00,0.6097,BE_STOP,0.215,0.5,False,False,False,2025-10,2025,10,Q4
ADA/USDT,2025-11-04 00:35:00,2025-11-04 00:55:00,SHORT,2025-11-04 01:01:00,0.556,0.558,0.5541,0.5528,2025-11-04 01:07:00,0.5556,BE_STOP,0.276,0.5,False,False,False,2025-11,2025,11,Q4
ADA/USDT,2025-11-04 03:35:00,2025-11-04 04:20:00,SHORT,2025-11-04 04:30:00,0.5615,0.5636,0.5593,0.5579,2025-11-04 04:52:00,0.5579,GRID_B_FULL_TP,1.104,1.309,False,False,False,2025-11,2025,11,Q4
ADA/USDT,2025-11-04 15:00:00,2025-11-04 15:30:00,SHORT,2025-11-04 15:35:00,0.5503,0.5537,0.5468,0.5446,2025-11-04 15:50:00,0.5446,GRID_B_FULL_TP,1.182,1.309,False,False,False,2025-11,2025,11,Q4
ADA/USDT,2025-11-06 12:40:00,2025-11-06 13:10:00,LONG,2025-11-06 14:23:00,0.5312,0.5282,0.5341,0.5359,2025-11-06 14:34:00,0.5282,INITIAL_STOP,-1.144,0.0,True,False,False,2025-11,2025,11,Q4
ADA/USDT,2025-11-06 18:45:00,2025-11-06 19:00:00,SHORT,2025-11-06 19:05:00,0.5288,0.5327,0.5248,0.5224,2025-11-06 19:58:00,0.5283,BE_STOP,0.393,0.5,True,False,False,2025-11,2025,11,Q4
ADA/USDT,2025-11-08 00:35:00,2025-11-08 00:45:00,LONG,2025-11-08 00:53:00,0.5786,0.5731,0.5842,0.5876,2025-11-08 02:19:00,0.5876,GRID_B_FULL_TP,1.225,1.309,False,False,False,2025-11,2025,11,Q4
ADA/USDT,2025-11-09 06:15:00,2025-11-09 06:50:00,SHORT,2025-11-09 07:04:00,0.5581,0.559,0.5573,0.5567,2025-11-09 07:16:00,0.559,INITIAL_STOP,-1.503,0.0,False,False,False,2025-11,2025,11,Q4
ADA/USDT,2025-11-12 06:10:00,2025-11-12 07:00:00,SHORT,2025-11-12 07:08:00,0.5622,0.565,0.5594,0.5576,2025-11-12 07:53:00,0.5576,GRID_B_FULL_TP,1.151,1.309,True,False,False,2025-11,2025,11,Q4
ADA/USDT,2025-11-12 08:35:00,2025-11-12 08:55:00,SHORT,2025-11-12 09:02:00,0.5653,0.5685,0.5621,0.56,2025-11-12 09:11:00,0.5685,INITIAL_STOP,-1.139,0.0,True,False,False,2025-11,2025,11,Q4
ADA/USDT,2025-11-13 01:10:00,2025-11-13 01:25:00,SHORT,2025-11-13 01:30:00,0.5509,0.5555,0.5463,0.5434,2025-11-13 03:17:00,0.5505,BE_STOP,0.405,0.5,False,False,False,2025-11,2025,11,Q4
ADA/USDT,2025-11-18 02:30:00,2025-11-18 02:55:00,SHORT,2025-11-18 03:38:00,0.4649,0.4704,0.4595,0.4561,2025-11-18 03:41:00,0.4704,INITIAL_STOP,-1.068,0.0,False,False,False,2025-11,2025,11,Q4
ADA/USDT,2025-11-19 00:15:00,2025-11-19 00:45:00,LONG,2025-11-19 01:00:00,0.4725,0.4677,0.4773,0.4803,2025-11-19 03:16:00,0.4729,BE_STOP,0.421,0.5,False,False,False,2025-11,2025,11,Q4
ADA/USDT,2025-11-20 21:20:00,2025-11-20 22:00:00,SHORT,2025-11-20 22:05:00,0.4397,0.4423,0.4372,0.4357,2025-11-20 22:10:00,0.4423,INITIAL_STOP,-1.14,0.0,True,False,False,2025-11,2025,11,Q4
ADA/USDT,2025-11-21 14:30:00,2025-11-21 15:05:00,SHORT,2025-11-21 16:56:00,0.4106,0.4127,0.4086,0.4073,2025-11-21 17:00:00,0.4127,INITIAL_STOP,-1.159,0.0,True,False,False,2025-11,2025,11,Q4
ADA/USDT,2025-11-22 16:40:00,2025-11-22 17:05:00,SHORT,2025-11-22 17:10:00,0.4016,0.4039,0.3994,0.398,2025-11-22 19:08:00,0.4039,INITIAL_STOP,-1.143,0.0,False,False,False,2025-11,2025,11,Q4
ADA/USDT,2025-11-23 04:15:00,2025-11-23 05:10:00,SHORT,2025-11-23 05:49:00,0.4123,0.4147,0.4099,0.4084,2025-11-23 07:05:00,0.4084,GRID_B_FULL_TP,1.173,1.309,False,False,False,2025-11,2025,11,Q4
ADA/USDT,2025-11-25 02:25:00,2025-11-25 02:45:00,LONG,2025-11-25 03:51:00,0.4232,0.4223,0.424,0.4246,2025-11-25 04:05:00,0.4246,GRID_B_FULL_TP,0.926,1.309,False,False,False,2025-11,2025,11,Q4
ADA/USDT,2025-11-25 13:40:00,2025-11-25 14:25:00,LONG,2025-11-25 14:30:00,0.4126,0.4109,0.4143,0.4154,2025-11-25 14:43:00,0.4109,INITIAL_STOP,-1.192,0.0,True,False,False,2025-11,2025,11,Q4
ADA/USDT,2025-12-03 09:40:00,2025-12-03 09:55:00,LONG,2025-12-03 10:03:00,0.4407,0.4389,0.4425,0.4435,2025-12-03 10:36:00,0.4389,INITIAL_STOP,-1.2,0.0,False,False,False,2025-12,2025,12,Q4
ADA/USDT,2025-12-03 14:00:00,2025-12-03 14:40:00,LONG,2025-12-03 14:52:00,0.4335,0.4258,0.4412,0.4459,2025-12-03 20:20:00,0.4459,GRID_B_FULL_TP,1.264,1.309,True,False,False,2025-12,2025,12,Q4
ADA/USDT,2025-12-06 16:35:00,2025-12-06 16:55:00,SHORT,2025-12-06 17:09:00,0.4172,0.4194,0.4149,0.4135,2025-12-06 18:15:00,0.4194,INITIAL_STOP,-1.147,0.0,True,False,False,2025-12,2025,12,Q4
ADA/USDT,2025-12-08 15:25:00,2025-12-08 15:55:00,LONG,2025-12-08 16:01:00,0.4346,0.4295,0.4397,0.4428,2025-12-08 17:41:00,0.4349,BE_STOP,0.431,0.5,True,False,False,2025-12,2025,12,Q4
ADA/USDT,2025-12-09 20:20:00,2025-12-09 21:05:00,LONG,2025-12-09 21:18:00,0.475,0.4722,0.4778,0.4796,2025-12-09 21:43:00,0.4722,INITIAL_STOP,-1.135,0.0,True,False,False,2025-12,2025,12,Q4
ADA/USDT,2025-12-10 19:00:00,2025-12-10 20:10:00,LONG,2025-12-10 20:22:00,0.466,0.4565,0.4755,0.4814,2025-12-10 21:58:00,0.4565,INITIAL_STOP,-1.039,0.0,True,False,False,2025-12,2025,12,Q4
ADA/USDT,2025-12-11 15:20:00,2025-12-11 15:35:00,SHORT,2025-12-11 15:58:00,0.4179,0.4217,0.4141,0.4117,2025-12-11 16:31:00,0.4117,GRID_B_FULL_TP,1.222,1.309,True,False,False,2025-12,2025,12,Q4
ADA/USDT,2025-12-12 06:05:00,2025-12-12 06:30:00,SHORT,2025-12-12 07:30:00,0.4276,0.4293,0.426,0.4249,2025-12-12 08:27:00,0.4249,GRID_B_FULL_TP,1.107,1.309,True,False,False,2025-12,2025,12,Q4
ADA/USDT,2025-12-16 13:30:00,2025-12-16 14:00:00,SHORT,2025-12-16 14:05:00,0.3829,0.3913,0.3745,0.3694,2025-12-16 15:57:00,0.3913,INITIAL_STOP,-1.037,0.0,True,False,False,2025-12,2025,12,Q4
ADA/USDT,2025-12-19 19:35:00,2025-12-19 19:55:00,SHORT,2025-12-19 20:01:00,0.3789,0.3815,0.3763,0.3747,2025-12-20 01:41:00,0.3747,GRID_B_FULL_TP,1.191,1.309,True,False,False,2025-12,2025,12,Q4
ADA/USDT,2025-12-21 23:00:00,2025-12-21 23:30:00,SHORT,2025-12-21 23:40:00,0.3657,0.3689,0.3624,0.3603,2025-12-22 00:10:00,0.3689,INITIAL_STOP,-1.089,0.0,True,False,False,2025-12,2025,12,Q4
ADA/USDT,2025-12-22 00:15:00,2025-12-22 00:55:00,SHORT,2025-12-22 01:17:00,0.3694,0.376,0.3628,0.3588,2025-12-22 07:10:00,0.3691,BE_STOP,0.455,0.5,False,False,False,2025-12,2025,12,Q4
ADA/USDT,2025-12-22 20:15:00,2025-12-22 21:25:00,LONG,2025-12-22 22:03:00,0.3695,0.3657,0.3733,0.3756,2025-12-23 01:30:00,0.3698,BE_STOP,0.421,0.5,False,False,False,2025-12,2025,12,Q4
ADA/USDT,2025-12-26 06:00:00,2025-12-26 06:45:00,SHORT,2025-12-26 06:57:00,0.3555,0.3565,0.3545,0.3538,2025-12-26 07:15:00,0.3565,INITIAL_STOP,-1.275,0.0,False,False,False,2025-12,2025,12,Q4
ADA/USDT,2025-12-29 12:05:00,2025-12-29 12:25:00,LONG,2025-12-29 13:27:00,0.3647,0.364,0.3653,0.3658,2025-12-29 13:40:00,0.364,INITIAL_STOP,-1.419,0.0,True,False,False,2025-12,2025,12,Q4
ADA/USDT,2026-01-05 04:25:00,2026-01-05 04:50:00,LONG,2026-01-05 05:01:00,0.3968,0.3958,0.3978,0.3984,2026-01-05 05:11:00,0.3984,GRID_B_FULL_TP,0.99,1.309,False,False,False,2026-01,2026,1,Q1
ADA/USDT,2026-01-05 04:30:00,2026-01-05 04:50:00,LONG,2026-01-05 05:01:00,0.3968,0.3933,0.4003,0.4025,2026-01-05 06:28:00,0.3971,BE_STOP,0.409,0.5,False,False,False,2026-01,2026,1,Q1
ADA/USDT,2026-01-06 00:05:00,2026-01-06 00:25:00,LONG,2026-01-06 00:34:00,0.4199,0.4185,0.4212,0.4221,2026-01-06 00:36:00,0.4185,INITIAL_STOP,-1.243,0.0,False,False,False,2026-01,2026,1,Q1
ADA/USDT,2026-01-06 05:45:00,2026-01-06 06:30:00,LONG,2026-01-06 07:04:00,0.4221,0.4211,0.423,0.4236,2026-01-06 07:12:00,0.4211,INITIAL_STOP,-1.343,0.0,False,False,False,2026-01,2026,1,Q1
ADA/USDT,2026-01-06 07:35:00,2026-01-06 08:05:00,LONG,2026-01-06 08:16:00,0.4157,0.4135,0.4179,0.4193,2026-01-06 10:32:00,0.4193,GRID_B_FULL_TP,1.159,1.309,True,False,False,2026-01,2026,1,Q1
ADA/USDT,2026-01-08 22:10:00,2026-01-08 22:30:00,SHORT,2026-01-08 23:02:00,0.3972,0.3996,0.3949,0.3935,2026-01-09 01:29:00,0.3996,INITIAL_STOP,-1.135,0.0,False,False,False,2026-01,2026,1,Q1
ADA/USDT,2026-01-09 01:30:00,2026-01-09 01:40:00,SHORT,2026-01-09 01:49:00,0.3966,0.4013,0.3919,0.389,2026-01-09 13:30:00,0.3963,BE_STOP,0.432,0.5,False,False,False,2026-01,2026,1,Q1
ADA/USDT,2026-01-14 06:35:00,2026-01-14 06:45:00,LONG,2026-01-14 07:32:00,0.4224,0.4176,0.4273,0.4304,2026-01-14 11:02:00,0.4176,INITIAL_STOP,-1.069,0.0,True,False,False,2026-01,2026,1,Q1
ADA/USDT,2026-01-16 12:00:00,2026-01-16 12:35:00,SHORT,2026-01-16 12:40:00,0.3915,0.3935,0.3895,0.3883,2026-01-16 14:27:00,0.3912,BE_STOP,0.342,0.5,False,False,False,2026-01,2026,1,Q1
ADA/USDT,2026-01-19 14:25:00,2026-01-19 14:40:00,SHORT,2026-01-19 14:47:00,0.3691,0.3706,0.3676,0.3667,2026-01-19 15:02:00,0.3688,BE_STOP,0.297,0.5,False,False,False,2026-01,2026,1,Q1
ADA/USDT,2026-01-25 21:20:00,2026-01-25 21:35:00,SHORT,2026-01-25 21:43:00,0.3379,0.3399,0.3359,0.3347,2026-01-26 00:06:00,0.3399,INITIAL_STOP,-1.135,0.0,True,False,False,2026-01,2026,1,Q1
ADA/USDT,2026-01-26 00:15:00,2026-01-26 00:30:00,SHORT,2026-01-26 00:49:00,0.3417,0.3426,0.3407,0.3401,2026-01-26 00:52:00,0.3426,INITIAL_STOP,-1.284,0.0,False,False,False,2026-01,2026,1,Q1
ADA/USDT,2026-01-28 15:15:00,2026-01-28 16:25:00,LONG,2026-01-28 16:37:00,0.3571,0.3541,0.3601,0.362,2026-01-28 18:01:00,0.3574,BE_STOP,0.406,0.5,True,False,False,2026-01,2026,1,Q1
ADA/USDT,2026-01-30 14:40:00,2026-01-30 14:55:00,SHORT,2026-01-30 15:00:00,0.3257,0.3286,0.3229,0.3212,2026-01-30 15:31:00,0.3212,GRID_B_FULL_TP,1.217,1.309,False,False,False,2026-01,2026,1,Q1
ADA/USDT,2026-01-30 18:55:00,2026-01-30 19:45:00,SHORT,2026-01-30 19:52:00,0.3295,0.3314,0.3276,0.3264,2026-01-30 20:06:00,0.3264,GRID_B_FULL_TP,1.17,1.309,False,False,False,2026-01,2026,1,Q1
ADA/USDT,2026-01-30 19:05:00,2026-01-30 19:45:00,SHORT,2026-01-30 19:52:00,0.3295,0.3318,0.3272,0.3258,2026-01-30 20:21:00,0.3258,GRID_B_FULL_TP,1.194,1.309,False,False,False,2026-01,2026,1,Q1
ADA/USDT,2026-02-01 02:50:00,2026-02-01 03:20:00,SHORT,2026-02-01 03:52:00,0.2961,0.2982,0.294,0.2926,2026-02-01 07:38:00,0.2959,BE_STOP,0.39,0.5,False,False,False,2026-02,2026,2,Q1
ADA/USDT,2026-02-02 00:30:00,2026-02-02 00:55:00,SHORT,2026-02-02 01:01:00,0.29,0.2925,0.2875,0.2859,2026-02-02 01:13:00,0.2859,GRID_B_FULL_TP,1.217,1.309,False,False,False,2026-02,2026,2,Q1
ADA/USDT,2026-02-02 14:30:00,2026-02-02 15:30:00,SHORT,2026-02-02 15:38:00,0.3,0.3017,0.2983,0.2973,2026-02-02 15:39:00,0.3017,INITIAL_STOP,-1.145,0.0,True,False,False,2026-02,2026,2,Q1
ADA/USDT,2026-02-02 14:35:00,2026-02-02 15:30:00,SHORT,2026-02-02 15:38:00,0.3,0.3028,0.2972,0.2956,2026-02-02 15:48:00,0.3028,INITIAL_STOP,-1.087,0.0,True,False,False,2026-02,2026,2,Q1
ADA/USDT,2026-02-05 05:40:00,2026-02-05 06:05:00,SHORT,2026-02-05 07:02:00,0.2831,0.2871,0.279,0.2765,2026-02-05 09:08:00,0.2828,BE_STOP,0.444,0.5,False,False,False,2026-02,2026,2,Q1
ADA/USDT,2026-02-06 13:20:00,2026-02-06 14:25:00,SHORT,2026-02-06 14:30:00,0.2633,0.2654,0.2613,0.26,2026-02-06 14:31:00,0.2654,INITIAL_STOP,-1.103,0.0,True,False,False,2026-02,2026,2,Q1
ADA/USDT,2026-02-10 14:15:00,2026-02-10 14:40:00,SHORT,2026-02-10 15:07:00,0.2644,0.266,0.2628,0.2618,2026-02-10 15:21:00,0.2642,BE_STOP,0.368,0.5,True,False,False,2026-02,2026,2,Q1
ADA/USDT,2026-02-11 18:25:00,2026-02-11 19:30:00,SHORT,2026-02-11 19:36:00,0.2574,0.2593,0.2556,0.2545,2026-02-11 20:47:00,0.2572,BE_STOP,0.388,0.5,False,False,False,2026-02,2026,2,Q1
ADA/USDT,2026-02-12 16:20:00,2026-02-12 16:40:00,LONG,2026-02-12 16:46:00,0.2596,0.2577,0.2616,0.2628,2026-02-12 17:46:00,0.2599,BE_STOP,0.393,0.5,True,False,False,2026-02,2026,2,Q1
ADA/USDT,2026-02-14 06:05:00,2026-02-14 07:05:00,LONG,2026-02-14 07:10:00,0.2747,0.2734,0.276,0.2768,2026-02-14 08:06:00,0.2768,GRID_B_FULL_TP,1.142,1.309,False,False,False,2026-02,2026,2,Q1
ADA/USDT,2026-02-15 10:30:00,2026-02-15 10:45:00,LONG,2026-02-15 11:33:00,0.2917,0.2905,0.2929,0.2937,2026-02-15 11:53:00,0.2905,INITIAL_STOP,-1.189,0.0,True,False,False,2026-02,2026,2,Q1
ADA/USDT,2026-02-15 22:55:00,2026-02-15 23:05:00,SHORT,2026-02-15 23:30:00,0.2815,0.2833,0.2797,0.2786,2026-02-16 00:16:00,0.2833,INITIAL_STOP,-1.124,0.0,True,False,False,2026-02,2026,2,Q1
ADA/USDT,2026-02-16 15:30:00,2026-02-16 16:05:00,LONG,2026-02-16 16:33:00,0.2798,0.2772,0.2823,0.2839,2026-02-16 18:26:00,0.2839,GRID_B_FULL_TP,1.222,1.309,False,False,False,2026-02,2026,2,Q1
ADA/USDT,2026-02-19 17:15:00,2026-02-19 17:30:00,SHORT,2026-02-19 18:24:00,0.2715,0.2734,0.2696,0.2684,2026-02-19 19:04:00,0.2734,INITIAL_STOP,-1.114,0.0,True,False,False,2026-02,2026,2,Q1
ADA/USDT,2026-02-24 15:20:00,2026-02-24 15:40:00,SHORT,2026-02-24 16:01:00,0.2603,0.2613,0.2594,0.2588,2026-02-24 16:02:00,0.2613,INITIAL_STOP,-1.221,0.0,False,False,False,2026-02,2026,2,Q1
ADA/USDT,2026-02-24 17:05:00,2026-02-24 18:15:00,SHORT,2026-02-24 18:20:00,0.261,0.2631,0.2589,0.2576,2026-02-24 23:10:00,0.2576,GRID_B_FULL_TP,1.209,1.309,False,False,False,2026-02,2026,2,Q1
ADA/USDT,2026-02-26 08:05:00,2026-02-26 08:15:00,LONG,2026-02-26 08:33:00,0.2935,0.2921,0.295,0.296,2026-02-26 08:59:00,0.2921,INITIAL_STOP,-1.158,0.0,True,False,False,2026-02,2026,2,Q1
ADA/USDT,2026-02-26 09:00:00,2026-02-26 09:10:00,LONG,2026-02-26 10:49:00,0.2925,0.2901,0.295,0.2966,2026-02-26 11:47:00,0.2901,INITIAL_STOP,-1.094,0.0,True,False,False,2026-02,2026,2,Q1
ADA/USDT,2026-02-26 14:45:00,2026-02-26 15:00:00,LONG,2026-02-26 15:12:00,0.2908,0.289,0.2926,0.2938,2026-02-26 15:26:00,0.2938,GRID_B_FULL_TP,1.182,1.309,True,False,False,2026-02,2026,2,Q1
ADA/USDT,2026-02-28 13:45:00,2026-02-28 14:50:00,SHORT,2026-02-28 15:28:00,0.2684,0.2703,0.2665,0.2653,2026-02-28 17:58:00,0.2682,BE_STOP,0.387,0.5,True,False,False,2026-02,2026,2,Q1
ADA/USDT,2026-03-01 08:50:00,2026-03-01 09:20:00,LONG,2026-03-01 09:31:00,0.2801,0.2782,0.282,0.2832,2026-03-01 10:03:00,0.2782,INITIAL_STOP,-1.117,0.0,False,False,False,2026-03,2026,3,Q1
ADA/USDT,2026-03-05 06:05:00,2026-03-05 06:20:00,LONG,2026-03-05 07:50:00,0.2723,0.2711,0.2735,0.2743,2026-03-05 07:52:00,0.2711,INITIAL_STOP,-1.18,0.0,True,False,False,2026-03,2026,3,Q1
ADA/USDT,2026-03-09 03:10:00,2026-03-09 03:25:00,SHORT,2026-03-09 03:34:00,0.2545,0.2571,0.252,0.2505,2026-03-09 05:43:00,0.2571,INITIAL_STOP,-1.08,0.0,False,False,False,2026-03,2026,3,Q1
ADA/USDT,2026-03-09 11:15:00,2026-03-09 11:35:00,LONG,2026-03-09 12:10:00,0.2545,0.2531,0.2558,0.2566,2026-03-09 12:30:00,0.2566,GRID_B_FULL_TP,1.156,1.309,False,False,False,2026-03,2026,3,Q1
ADA/USDT,2026-03-10 21:45:00,2026-03-10 22:25:00,LONG,2026-03-10 22:34:00,0.2613,0.2602,0.2625,0.2632,2026-03-11 01:03:00,0.2616,BE_STOP,0.317,0.5,False,False,False,2026-03,2026,3,Q1
ADA/USDT,2026-03-13 15:55:00,2026-03-13 16:35:00,LONG,2026-03-13 16:56:00,0.272,0.2702,0.2738,0.2749,2026-03-13 17:27:00,0.2702,INITIAL_STOP,-1.12,0.0,False,False,False,2026-03,2026,3,Q1
ADA/USDT,2026-03-13 22:00:00,2026-03-13 22:55:00,LONG,2026-03-13 23:01:00,0.2647,0.2638,0.2656,0.2662,2026-03-14 00:00:00,0.2649,BE_STOP,0.264,0.5,False,False,False,2026-03,2026,3,Q1
ADA/USDT,2026-03-15 13:35:00,2026-03-15 13:55:00,LONG,2026-03-15 14:22:00,0.2637,0.2619,0.2655,0.2666,2026-03-15 18:28:00,0.2639,BE_STOP,0.383,0.5,False,False,False,2026-03,2026,3,Q1
ADA/USDT,2026-03-16 14:25:00,2026-03-16 14:55:00,LONG,2026-03-16 15:50:00,0.2843,0.2834,0.2852,0.2858,2026-03-16 16:12:00,0.2845,BE_STOP,0.255,0.5,False,False,False,2026-03,2026,3,Q1
ADA/USDT,2026-03-17 04:35:00,2026-03-17 05:55:00,LONG,2026-03-17 06:02:00,0.2828,0.282,0.2837,0.2843,2026-03-17 06:12:00,0.2843,GRID_B_FULL_TP,1.05,1.309,False,False,False,2026-03,2026,3,Q1
ADA/USDT,2026-03-19 19:10:00,2026-03-19 19:30:00,SHORT,2026-03-19 20:37:00,0.2682,0.269,0.2675,0.267,2026-03-19 21:52:00,0.267,GRID_B_FULL_TP,1.024,1.309,True,False,False,2026-03,2026,3,Q1
ADA/USDT,2026-03-22 03:25:00,2026-03-22 03:45:00,SHORT,2026-03-22 04:15:00,0.2589,0.2601,0.2577,0.257,2026-03-22 04:36:00,0.2587,BE_STOP,0.326,0.5,False,False,False,2026-03,2026,3,Q1
ADA/USDT,2026-03-23 02:30:00,2026-03-23 03:15:00,SHORT,2026-03-23 04:54:00,0.2526,0.2547,0.2504,0.2491,2026-03-23 06:38:00,0.2491,GRID_B_FULL_TP,1.214,1.309,False,False,False,2026-03,2026,3,Q1
ADA/USDT,2026-03-23 02:25:00,2026-03-23 03:15:00,SHORT,2026-03-23 04:54:00,0.2526,0.2543,0.2508,0.2498,2026-03-23 06:37:00,0.2498,GRID_B_FULL_TP,1.192,1.309,False,False,False,2026-03,2026,3,Q1
ADA/USDT,2026-03-24 00:35:00,2026-03-24 01:25:00,LONG,2026-03-24 01:32:00,0.2596,0.2588,0.2604,0.2609,2026-03-24 01:39:00,0.2588,INITIAL_STOP,-1.263,0.0,False,False,False,2026-03,2026,3,Q1
ADA/USDT,2026-03-25 15:05:00,2026-03-25 16:25:00,LONG,2026-03-25 17:55:00,0.2704,0.27,0.2709,0.2712,2026-03-25 18:09:00,0.27,INITIAL_STOP,-1.475,0.0,True,False,False,2026-03,2026,3,Q1
ADA/USDT,2026-03-25 15:10:00,2026-03-25 16:25:00,LONG,2026-03-25 17:55:00,0.2704,0.2697,0.2712,0.2717,2026-03-25 18:32:00,0.2707,BE_STOP,0.214,0.5,True,False,False,2026-03,2026,3,Q1
ADA/USDT,2026-03-25 20:30:00,2026-03-25 20:45:00,LONG,2026-03-25 21:02:00,0.2691,0.2679,0.2703,0.271,2026-03-25 22:41:00,0.271,GRID_B_FULL_TP,1.13,1.309,False,False,False,2026-03,2026,3,Q1
ADA/USDT,2026-03-26 13:05:00,2026-03-26 13:30:00,SHORT,2026-03-26 13:37:00,0.2581,0.2592,0.257,0.2563,2026-03-26 13:45:00,0.2592,INITIAL_STOP,-1.19,0.0,True,False,False,2026-03,2026,3,Q1
ADA/USDT,2026-03-26 13:45:00,2026-03-26 14:10:00,SHORT,2026-03-26 14:34:00,0.2584,0.2601,0.2568,0.2558,2026-03-26 15:07:00,0.2558,GRID_B_FULL_TP,1.183,1.309,True,False,False,2026-03,2026,3,Q1
ADA/USDT,2026-03-26 20:10:00,2026-03-26 20:55:00,SHORT,2026-03-26 21:02:00,0.2553,0.2576,0.2531,0.2517,2026-03-27 05:10:00,0.2551,BE_STOP,0.409,0.5,True,False,False,2026-03,2026,3,Q1
ADA/USDT,2026-03-27 02:30:00,2026-03-27 03:10:00,SHORT,2026-03-27 03:18:00,0.2547,0.2566,0.2527,0.2515,2026-03-27 05:07:00,0.2544,BE_STOP,0.395,0.5,False,False,False,2026-03,2026,3,Q1
ADA/USDT,2026-03-27 05:15:00,2026-03-27 05:25:00,SHORT,2026-03-27 07:13:00,0.255,0.2561,0.2538,0.2531,2026-03-27 08:30:00,0.2531,GRID_B_FULL_TP,1.129,1.309,False,False,False,2026-03,2026,3,Q1
ADA/USDT,2026-03-27 15:20:00,2026-03-27 15:55:00,SHORT,2026-03-27 17:07:00,0.2485,0.2494,0.2476,0.2471,2026-03-27 17:21:00,0.2471,GRID_B_FULL_TP,1.081,1.309,True,False,False,2026-03,2026,3,Q1
ADA/USDT,2026-03-28 07:55:00,2026-03-28 08:55:00,SHORT,2026-03-28 10:04:00,0.2483,0.2489,0.2478,0.2475,2026-03-28 10:05:00,0.2489,INITIAL_STOP,-1.38,0.0,True,False,False,2026-03,2026,3,Q1
ADA/USDT,2026-03-29 20:20:00,2026-03-29 20:50:00,SHORT,2026-03-29 21:01:00,0.2409,0.2424,0.2395,0.2387,2026-03-29 22:41:00,0.2387,GRID_B_FULL_TP,1.172,1.309,True,False,False,2026-03,2026,3,Q1
ADA/USDT,2026-03-30 00:15:00,2026-03-30 00:40:00,SHORT,2026-03-30 00:48:00,0.2421,0.2446,0.2397,0.2382,2026-03-30 02:00:00,0.2446,INITIAL_STOP,-1.08,0.0,False,False,False,2026-03,2026,3,Q1
ADA/USDT,2026-04-03 12:50:00,2026-04-03 13:55:00,LONG,2026-04-03 14:01:00,0.2455,0.2443,0.2467,0.2474,2026-04-03 14:18:00,0.2457,BE_STOP,0.332,0.5,True,False,False,2026-04,2026,4,Q2
ADA/USDT,2026-04-04 13:35:00,2026-04-04 14:20:00,LONG,2026-04-04 14:25:00,0.2443,0.2435,0.2451,0.2455,2026-04-04 14:39:00,0.2435,INITIAL_STOP,-1.255,0.0,True,False,False,2026-04,2026,4,Q2
ADA/USDT,2026-04-04 18:40:00,2026-04-04 19:05:00,LONG,2026-04-04 21:03:00,0.2474,0.2464,0.2483,0.2488,2026-04-04 21:44:00,0.2475,BE_STOP,0.285,0.5,False,False,False,2026-04,2026,4,Q2
ADA/USDT,2026-04-04 22:20:00,2026-04-04 22:45:00,LONG,2026-04-04 23:03:00,0.2478,0.246,0.2496,0.2507,2026-04-05 04:53:00,0.246,INITIAL_STOP,-1.112,0.0,True,False,False,2026-04,2026,4,Q2
ADA/USDT,2026-04-05 01:20:00,2026-04-05 02:20:00,LONG,2026-04-05 02:45:00,0.2475,0.2464,0.2485,0.2491,2026-04-05 04:01:00,0.2464,INITIAL_STOP,-1.194,0.0,False,False,False,2026-04,2026,4,Q2
ADA/USDT,2026-04-05 10:35:00,2026-04-05 10:50:00,SHORT,2026-04-05 11:11:00,0.2419,0.2436,0.2402,0.2392,2026-04-05 15:26:00,0.2436,INITIAL_STOP,-1.116,0.0,True,False,False,2026-04,2026,4,Q2
ADA/USDT,2026-04-05 19:20:00,2026-04-05 19:40:00,SHORT,2026-04-05 19:58:00,0.2437,0.2447,0.2426,0.242,2026-04-05 20:37:00,0.2447,INITIAL_STOP,-1.192,0.0,True,False,False,2026-04,2026,4,Q2
ADA/USDT,2026-04-06 14:35:00,2026-04-06 14:55:00,LONG,2026-04-06 15:04:00,0.2544,0.2533,0.2555,0.2562,2026-04-06 16:18:00,0.2533,INITIAL_STOP,-1.188,0.0,False,False,False,2026-04,2026,4,Q2
ADA/USDT,2026-04-08 08:40:00,2026-04-08 08:55:00,LONG,2026-04-08 09:15:00,0.2603,0.2595,0.2611,0.2616,2026-04-08 09:38:00,0.2595,INITIAL_STOP,-1.263,0.0,False,False,False,2026-04,2026,4,Q2
ADA/USDT,2026-04-08 20:35:00,2026-04-08 21:15:00,LONG,2026-04-08 22:04:00,0.2529,0.2511,0.2547,0.2558,2026-04-08 23:00:00,0.2511,INITIAL_STOP,-1.114,0.0,True,False,False,2026-04,2026,4,Q2
ADA/USDT,2026-04-11 16:40:00,2026-04-11 17:10:00,SHORT,2026-04-11 17:40:00,0.2499,0.2512,0.2486,0.2478,2026-04-11 18:25:00,0.2497,BE_STOP,0.343,0.5,True,False,False,2026-04,2026,4,Q2
ADA/USDT,2026-04-13 01:10:00,2026-04-13 02:10:00,SHORT,2026-04-13 02:25:00,0.238,0.2391,0.237,0.2364,2026-04-13 03:32:00,0.2379,BE_STOP,0.311,0.5,False,False,False,2026-04,2026,4,Q2
ADA/USDT,2026-04-13 04:40:00,2026-04-13 04:50:00,SHORT,2026-04-13 06:03:00,0.2386,0.2395,0.2377,0.2372,2026-04-13 06:19:00,0.2395,INITIAL_STOP,-1.222,0.0,False,False,False,2026-04,2026,4,Q2
ADA/USDT,2026-04-14 12:40:00,2026-04-14 12:55:00,LONG,2026-04-14 13:16:00,0.2433,0.2424,0.2442,0.2447,2026-04-14 13:33:00,0.2447,GRID_B_FULL_TP,1.084,1.309,False,False,False,2026-04,2026,4,Q2
ADA/USDT,2026-04-14 17:30:00,2026-04-14 17:55:00,LONG,2026-04-14 18:19:00,0.2436,0.2424,0.2448,0.2455,2026-04-14 18:23:00,0.2424,INITIAL_STOP,-1.167,0.0,False,False,False,2026-04,2026,4,Q2
ADA/USDT,2026-04-14 17:35:00,2026-04-14 17:55:00,LONG,2026-04-14 18:19:00,0.2436,0.242,0.2452,0.2461,2026-04-14 18:24:00,0.242,INITIAL_STOP,-1.124,0.0,False,False,False,2026-04,2026,4,Q2
ADA/USDT,2026-04-16 01:05:00,2026-04-16 01:35:00,LONG,2026-04-16 01:55:00,0.2451,0.2434,0.2469,0.2479,2026-04-16 02:30:00,0.2479,GRID_B_FULL_TP,1.195,1.309,False,False,False,2026-04,2026,4,Q2
ADA/USDT,2026-04-17 19:05:00,2026-04-17 19:15:00,LONG,2026-04-17 19:45:00,0.2612,0.26,0.2625,0.2633,2026-04-17 20:30:00,0.26,INITIAL_STOP,-1.168,0.0,True,False,False,2026-04,2026,4,Q2
ADA/USDT,2026-04-18 02:00:00,2026-04-18 02:20:00,LONG,2026-04-18 02:52:00,0.2577,0.2561,0.2593,0.2603,2026-04-18 04:32:00,0.2561,INITIAL_STOP,-1.13,0.0,False,False,False,2026-04,2026,4,Q2
ADA/USDT,2026-04-20 04:50:00,2026-04-20 05:05:00,SHORT,2026-04-20 06:40:00,0.2455,0.2469,0.2442,0.2434,2026-04-20 06:41:00,0.2469,INITIAL_STOP,-1.149,0.0,False,False,False,2026-04,2026,4,Q2
ADA/USDT,2026-04-21 12:10:00,2026-04-21 12:25:00,LONG,2026-04-21 12:30:00,0.2502,0.2491,0.2513,0.2519,2026-04-21 12:39:00,0.2491,INITIAL_STOP,-1.186,0.0,True,False,False,2026-04,2026,4,Q2
ADA/USDT,2026-04-21 22:10:00,2026-04-21 22:20:00,SHORT,2026-04-21 22:36:00,0.2476,0.2487,0.2465,0.2459,2026-04-21 22:48:00,0.2487,INITIAL_STOP,-1.185,0.0,False,False,False,2026-04,2026,4,Q2
ADA/USDT,2026-04-22 20:55:00,2026-04-22 21:35:00,LONG,2026-04-22 22:02:00,0.2517,0.2505,0.2529,0.2536,2026-04-22 22:37:00,0.2505,INITIAL_STOP,-1.171,0.0,False,False,False,2026-04,2026,4,Q2
ADA/USDT,2026-04-30 00:00:00,2026-04-30 00:15:00,SHORT,2026-04-30 00:20:00,0.2449,0.2459,0.2439,0.2433,2026-04-30 00:31:00,0.2459,INITIAL_STOP,-1.203,0.0,False,False,False,2026-04,2026,4,Q2
ADA/USDT,2026-04-30 07:25:00,2026-04-30 08:20:00,SHORT,2026-04-30 08:25:00,0.2465,0.247,0.246,0.2457,2026-04-30 08:44:00,0.247,INITIAL_STOP,-1.42,0.0,False,False,False,2026-04,2026,4,Q2
ADA/USDT,2026-05-01 22:45:00,2026-05-01 23:40:00,LONG,2026-05-02 00:07:00,0.248,0.2474,0.2485,0.2488,2026-05-02 01:03:00,0.2481,BE_STOP,0.12,0.5,False,False,False,2026-05,2026,5,Q2
ADA/USDT,2026-05-04 06:25:00,2026-05-04 06:50:00,LONG,2026-05-04 07:08:00,0.2525,0.2505,0.2545,0.2557,2026-05-04 10:04:00,0.2505,INITIAL_STOP,-1.102,0.0,False,False,False,2026-05,2026,5,Q2
ADA/USDT,2026-05-05 14:15:00,2026-05-05 14:55:00,LONG,2026-05-05 16:11:00,0.2567,0.2559,0.2575,0.258,2026-05-05 16:58:00,0.258,GRID_B_FULL_TP,1.047,1.309,True,False,False,2026-05,2026,5,Q2
ADA/USDT,2026-05-05 14:45:00,2026-05-05 14:55:00,LONG,2026-05-05 16:11:00,0.2567,0.2554,0.258,0.2588,2026-05-05 17:08:00,0.2569,BE_STOP,0.34,0.5,True,False,False,2026-05,2026,5,Q2
ADA/USDT,2026-05-06 00:25:00,2026-05-06 01:05:00,LONG,2026-05-06 02:28:00,0.2612,0.2602,0.2622,0.2628,2026-05-06 03:25:00,0.2628,GRID_B_FULL_TP,1.098,1.309,False,False,False,2026-05,2026,5,Q2
ADA/USDT,2026-05-09 03:40:00,2026-05-09 04:05:00,LONG,2026-05-09 04:26:00,0.2769,0.2752,0.2785,0.2795,2026-05-09 04:58:00,0.2752,INITIAL_STOP,-1.133,0.0,False,False,False,2026-05,2026,5,Q2
ADA/USDT,2026-05-09 05:00:00,2026-05-09 05:40:00,LONG,2026-05-09 05:49:00,0.2762,0.2744,0.2779,0.279,2026-05-09 06:52:00,0.2744,INITIAL_STOP,-1.125,0.0,False,False,False,2026-05,2026,5,Q2
ADA/USDT,2026-05-13 00:15:00,2026-05-13 00:45:00,SHORT,2026-05-13 00:55:00,0.2719,0.2741,0.2697,0.2683,2026-05-13 01:28:00,0.2741,INITIAL_STOP,-1.099,0.0,False,False,False,2026-05,2026,5,Q2
ADA/USDT,2026-05-13 18:05:00,2026-05-13 18:50:00,SHORT,2026-05-13 18:56:00,0.265,0.2658,0.2642,0.2637,2026-05-13 19:06:00,0.2637,GRID_B_FULL_TP,1.043,1.309,True,False,False,2026-05,2026,5,Q2
ADA/USDT,2026-05-15 02:15:00,2026-05-15 02:45:00,LONG,2026-05-15 03:32:00,0.2699,0.2691,0.2707,0.2712,2026-05-15 04:22:00,0.2691,INITIAL_STOP,-1.268,0.0,False,False,False,2026-05,2026,5,Q2
ADA/USDT,2026-05-17 05:05:00,2026-05-17 06:25:00,SHORT,2026-05-17 06:32:00,0.2554,0.2569,0.2539,0.253,2026-05-17 07:32:00,0.2569,INITIAL_STOP,-1.138,0.0,False,False,False,2026-05,2026,5,Q2
ADA/USDT,2026-05-19 17:05:00,2026-05-19 17:30:00,SHORT,2026-05-19 17:38:00,0.2495,0.2505,0.2484,0.2478,2026-05-19 19:10:00,0.2493,BE_STOP,0.305,0.5,True,False,False,2026-05,2026,5,Q2
ADA/USDT,2026-05-23 18:30:00,2026-05-23 18:50:00,SHORT,2026-05-23 19:18:00,0.2445,0.2458,0.2433,0.2426,2026-05-23 20:37:00,0.2458,INITIAL_STOP,-1.161,0.0,True,False,False,2026-05,2026,5,Q2
ADA/USDT,2026-05-28 09:50:00,2026-05-28 10:20:00,SHORT,2026-05-28 10:38:00,0.2313,0.2324,0.2301,0.2293,2026-05-28 12:17:00,0.2293,GRID_B_FULL_TP,1.154,1.309,False,False,False,2026-05,2026,5,Q2
ADA/USDT,2026-05-28 13:00:00,2026-05-28 14:05:00,SHORT,2026-05-28 14:12:00,0.2311,0.2329,0.2292,0.228,2026-05-28 14:17:00,0.2329,INITIAL_STOP,-1.097,0.0,False,False,False,2026-05,2026,5,Q2
ADA/USDT,2026-06-02 21:25:00,2026-06-02 22:05:00,SHORT,2026-06-02 22:27:00,0.2162,0.218,0.2145,0.2134,2026-06-02 22:50:00,0.2134,GRID_B_FULL_TP,1.212,1.309,True,False,False,2026-06,2026,6,Q2
ADA/USDT,2026-06-04 15:05:00,2026-06-04 16:00:00,SHORT,2026-06-04 17:30:00,0.189,0.1922,0.1859,0.184,2026-06-04 18:28:00,0.1889,BE_STOP,0.452,0.5,False,False,False,2026-06,2026,6,Q2
ADA/USDT,2026-06-04 18:25:00,2026-06-04 18:50:00,SHORT,2026-06-04 19:29:00,0.1895,0.1902,0.1889,0.1885,2026-06-04 19:31:00,0.1885,GRID_B_FULL_TP,1.07,1.309,False,False,False,2026-06,2026,6,Q2
ADA/USDT,2026-06-06 07:15:00,2026-06-06 07:25:00,SHORT,2026-06-06 07:31:00,0.1567,0.1584,0.155,0.1539,2026-06-06 08:21:00,0.1584,INITIAL_STOP,-1.072,0.0,False,False,False,2026-06,2026,6,Q2
ADA/USDT,2026-06-06 14:10:00,2026-06-06 14:30:00,SHORT,2026-06-06 14:35:00,0.1604,0.1615,0.1594,0.1587,2026-06-06 14:49:00,0.1615,INITIAL_STOP,-1.118,0.0,False,False,False,2026-06,2026,6,Q2
ADA/USDT,2026-06-09 08:05:00,2026-06-09 08:25:00,LONG,2026-06-09 08:30:00,0.1689,0.168,0.1699,0.1704,2026-06-09 08:48:00,0.1691,BE_STOP,0.35,0.5,False,False,False,2026-06,2026,6,Q2
ADA/USDT,2026-06-09 09:35:00,2026-06-09 09:50:00,LONG,2026-06-09 10:06:00,0.1673,0.1664,0.1683,0.1688,2026-06-09 12:41:00,0.1675,BE_STOP,0.351,0.5,False,False,False,2026-06,2026,6,Q2
ADA/USDT,2026-06-14 07:55:00,2026-06-14 08:20:00,LONG,2026-06-14 08:27:00,0.1713,0.1708,0.1718,0.172,2026-06-14 09:01:00,0.1708,INITIAL_STOP,-1.3,0.0,False,False,False,2026-06,2026,6,Q2
ADA/USDT,2026-06-15 02:45:00,2026-06-15 03:10:00,LONG,2026-06-15 03:27:00,0.1804,0.1792,0.1817,0.1824,2026-06-15 17:14:00,0.1824,GRID_B_FULL_TP,1.191,1.309,False,False,False,2026-06,2026,6,Q2
ADA/USDT,2026-06-16 11:25:00,2026-06-16 12:10:00,LONG,2026-06-16 13:08:00,0.179,0.1782,0.1799,0.1804,2026-06-16 13:10:00,0.1782,INITIAL_STOP,-1.175,0.0,False,False,False,2026-06,2026,6,Q2
ADA/USDT,2026-06-19 23:30:00,2026-06-19 23:45:00,SHORT,2026-06-19 23:56:00,0.1618,0.1623,0.1613,0.1609,2026-06-19 23:57:00,0.1623,INITIAL_STOP,-1.239,0.0,True,False,False,2026-06,2026,6,Q2
ADA/USDT,2026-06-22 01:25:00,2026-06-22 02:10:00,SHORT,2026-06-22 02:17:00,0.1607,0.1631,0.1582,0.1566,2026-06-23 08:23:00,0.1566,GRID_B_FULL_TP,1.257,1.309,False,False,False,2026-06,2026,6,Q2
ADA/USDT,2026-06-23 11:20:00,2026-06-24 01:00:00,SHORT,2026-06-24 01:31:00,0.1535,0.1542,0.1527,0.1522,2026-06-24 01:37:00,0.1542,INITIAL_STOP,-1.157,0.0,False,False,False,2026-06,2026,6,Q2
ADA/USDT,2026-06-26 19:35:00,2026-06-26 20:35:00,SHORT,2026-06-26 21:45:00,0.148,0.1483,0.1478,0.1476,2026-06-26 21:52:00,0.1476,GRID_B_FULL_TP,0.874,1.309,True,False,False,2026-06,2026,6,Q2
ADA/USDT,2026-07-07 05:20:00,2026-07-07 05:35:00,LONG,2026-07-07 05:50:00,0.1797,0.1788,0.1806,0.1811,2026-07-07 06:53:00,0.1811,GRID_B_FULL_TP,1.144,1.309,False,False,False,2026-07,2026,7,Q3
ADA/USDT,2026-07-07 22:00:00,2026-07-07 22:35:00,LONG,2026-07-07 22:46:00,0.1745,0.1736,0.1754,0.1759,2026-07-07 23:43:00,0.1746,BE_STOP,0.338,0.5,True,False,False,2026-07,2026,7,Q3
ADA/USDT,2026-07-08 14:40:00,2026-07-08 14:55:00,LONG,2026-07-08 15:01:00,0.1668,0.1662,0.1675,0.1678,2026-07-08 15:07:00,0.1662,INITIAL_STOP,-1.222,0.0,True,False,False,2026-07,2026,7,Q3
ADA/USDT,2026-07-14 21:40:00,2026-07-14 21:50:00,SHORT,2026-07-14 22:21:00,0.1648,0.1652,0.1643,0.1639,2026-07-14 23:12:00,0.1652,INITIAL_STOP,-1.265,0.0,True,False,False,2026-07,2026,7,Q3
ADA/USDT,2026-07-21 22:00:00,2026-07-22 11:50:00,LONG,2026-07-22 12:06:00,0.1727,0.1721,0.1733,0.1736,2026-07-22 12:29:00,0.1721,INITIAL_STOP,-1.247,0.0,False,False,False,2026-07,2026,7,Q3
ADA/USDT,2026-07-25 22:55:00,2026-07-25 23:05:00,SHORT,2026-07-26 00:17:00,0.1652,0.1655,0.1648,0.1645,2026-07-26 15:35:00,0.165,BE_STOP,0.168,0.5,False,False,False,2026-07,2026,7,Q3
ADA/USDT,2026-07-26 16:15:00,2026-07-26 17:25:00,SHORT,2026-07-27 08:17:00,0.1652,0.166,0.1643,0.1637,2026-07-28 00:53:00,0.1637,GRID_B_FULL_TP,1.162,1.309,True,False,False,2026-07,2026,7,Q3
ADA/USDT,2026-07-28 20:05:00,2026-07-28 20:30:00,SHORT,2026-07-28 20:35:00,0.1595,0.1597,0.1593,0.1591,2026-07-28 20:41:00,0.1594,BE_STOP,-0.033,0.5,True,False,False,2026-07,2026,7,Q3
ADA/USDT,2026-07-30 22:00:00,2026-07-30 22:25:00,LONG,2026-07-30 22:46:00,0.1701,0.1695,0.1708,0.1711,2026-07-31 12:08:00,0.1695,INITIAL_STOP,-1.225,0.0,True,False,False,2026-07,2026,7,Q3
ADA/USDT,2026-07-31 12:05:00,2026-07-31 13:20:00,LONG,2026-07-31 13:46:00,0.1699,0.1689,0.171,0.1716,2026-07-31 13:55:00,0.1689,INITIAL_STOP,-1.135,0.0,False,False,False,2026-07,2026,7,Q3
ADA/USDT,2026-08-03 06:40:00,2026-08-03 06:50:00,LONG,2026-08-03 06:55:00,0.1843,0.1838,0.1848,0.1851,2026-08-03 06:59:00,0.1838,INITIAL_STOP,-1.309,0.0,False,False,False,2026-08,2026,8,Q3
ADA/USDT,2026-08-07 13:55:00,2026-08-08 03:35:00,LONG,2026-08-08 03:59:00,0.2012,0.1987,0.2038,0.2054,2026-08-08 22:36:00,0.1987,INITIAL_STOP,-1.063,0.0,False,False,False,2026-08,2026,8,Q3
ADA/USDT,2026-08-08 21:50:00,2026-08-08 22:05:00,LONG,2026-08-08 22:17:00,0.1996,0.1991,0.2,0.2003,2026-08-08 22:31:00,0.1997,BE_STOP,0.145,0.5,True,False,False,2026-08,2026,8,Q3
ADA/USDT,2026-08-12 10:00:00,2026-08-12 10:10:00,SHORT,2026-08-12 10:22:00,0.1871,0.1879,0.1864,0.186,2026-08-12 23:50:00,0.186,GRID_B_FULL_TP,1.104,1.309,False,False,False,2026-08,2026,8,Q3
ADA/USDT,2026-08-17 05:15:00,2026-08-17 05:30:00,SHORT,2026-08-17 06:48:00,0.1774,0.1778,0.1769,0.1767,2026-08-17 07:13:00,0.1767,GRID_B_FULL_TP,0.968,1.309,False,False,False,2026-08,2026,8,Q3
ADA/USDT,2026-08-19 09:35:00,2026-08-19 09:55:00,LONG,2026-08-19 10:01:00,0.1741,0.1737,0.1746,0.1748,2026-08-19 10:18:00,0.1737,INITIAL_STOP,-1.339,0.0,False,False,False,2026-08,2026,8,Q3
ADA/USDT,2026-08-21 18:45:00,2026-08-21 19:25:00,LONG,2026-08-21 19:36:00,0.2176,0.214,0.2211,0.2233,2026-08-21 21:43:00,0.2233,GRID_B_FULL_TP,1.26,1.309,True,False,False,2026-08,2026,8,Q3
ADA/USDT,2026-08-22 05:10:00,2026-08-22 05:50:00,LONG,2026-08-22 06:05:00,0.2313,0.2062,0.2564,0.272,2026-08-24 06:05:00,0.2188,TIMEOUT,-0.504,0.0,False,False,False,2026-08,2026,8,Q3
ADA/USDT,2026-08-22 15:10:00,2026-08-22 15:30:00,LONG,2026-08-22 15:51:00,0.2228,0.2219,0.2237,0.2243,2026-08-22 16:12:00,0.223,BE_STOP,0.309,0.5,False,False,False,2026-08,2026,8,Q3
ADA/USDT,2026-08-23 04:45:00,2026-08-23 05:20:00,LONG,2026-08-23 05:39:00,0.2166,0.215,0.2181,0.2191,2026-08-23 05:59:00,0.215,INITIAL_STOP,-1.11,0.0,False,False,False,2026-08,2026,8,Q3
ADA/USDT,2026-08-31 09:20:00,2026-08-31 09:55:00,SHORT,2026-08-31 10:13:00,0.1966,0.1975,0.1957,0.1952,2026-08-31 10:49:00,0.1975,INITIAL_STOP,-1.176,0.0,True,False,False,2026-08,2026,8,Q3
ADA/USDT,2026-08-31 10:50:00,2026-08-31 11:30:00,SHORT,2026-08-31 12:11:00,0.1976,0.1987,0.1965,0.1958,2026-08-31 12:39:00,0.1958,GRID_B_FULL_TP,1.165,1.309,True,False,False,2026-08,2026,8,Q3
ADA/USDT,2026-08-31 17:40:00,2026-08-31 18:05:00,SHORT,2026-08-31 18:15:00,0.1976,0.1984,0.1969,0.1964,2026-08-31 18:17:00,0.1984,INITIAL_STOP,-1.212,0.0,True,False,False,2026-08,2026,8,Q3
ADA/USDT,2026-09-02 00:10:00,2026-09-02 00:25:00,SHORT,2026-09-02 00:32:00,0.1971,0.1975,0.1968,0.1966,2026-09-02 00:34:00,0.1975,INITIAL_STOP,-1.456,0.0,False,False,False,2026-09,2026,9,Q3
ADA/USDT,2026-09-02 13:40:00,2026-09-02 14:35:00,SHORT,2026-09-02 14:43:00,0.196,0.1971,0.1948,0.1941,2026-09-02 15:03:00,0.1958,BE_STOP,0.363,0.5,False,False,False,2026-09,2026,9,Q3
ADA/USDT,2026-09-02 18:25:00,2026-09-02 18:40:00,SHORT,2026-09-02 18:48:00,0.197,0.1979,0.196,0.1954,2026-09-02 20:02:00,0.1979,INITIAL_STOP,-1.167,0.0,False,False,False,2026-09,2026,9,Q3
ADA/USDT,2026-09-02 20:00:00,2026-09-02 20:15:00,SHORT,2026-09-02 20:23:00,0.1985,0.1988,0.1981,0.1979,2026-09-02 20:24:00,0.1988,INITIAL_STOP,-1.457,0.0,False,False,False,2026-09,2026,9,Q3
ADA/USDT,2026-09-02 20:05:00,2026-09-02 20:15:00,SHORT,2026-09-02 20:23:00,0.1985,0.1993,0.1976,0.1971,2026-09-02 21:43:00,0.1993,INITIAL_STOP,-1.187,0.0,False,False,False,2026-09,2026,9,Q3
ADA/USDT,2026-09-02 21:40:00,2026-09-02 22:05:00,SHORT,2026-09-02 23:00:00,0.1989,0.1999,0.1979,0.1973,2026-09-02 23:10:00,0.1999,INITIAL_STOP,-1.159,0.0,True,False,False,2026-09,2026,9,Q3
ADA/USDT,2026-09-03 22:25:00,2026-09-03 22:50:00,LONG,2026-09-03 23:17:00,0.2205,0.2195,0.2214,0.222,2026-09-04 00:08:00,0.2206,BE_STOP,0.32,0.5,True,False,False,2026-09,2026,9,Q3
ADA/USDT,2026-09-04 12:30:00,2026-09-04 13:50:00,LONG,2026-09-04 14:06:00,0.2147,0.212,0.2174,0.2191,2026-09-04 14:42:00,0.212,INITIAL_STOP,-1.063,0.0,True,False,False,2026-09,2026,9,Q3
ADA/USDT,2026-09-05 01:55:00,2026-09-05 02:25:00,LONG,2026-09-05 02:33:00,0.2104,0.2097,0.2112,0.2117,2026-09-05 06:07:00,0.2117,GRID_B_FULL_TP,1.089,1.309,False,False,False,2026-09,2026,9,Q3
ADA/USDT,2026-09-05 21:00:00,2026-09-05 21:25:00,LONG,2026-09-05 22:22:00,0.2196,0.2178,0.2214,0.2226,2026-09-06 01:20:00,0.2226,GRID_B_FULL_TP,1.213,1.309,True,False,False,2026-09,2026,9,Q3
XRP/USDT,2025-09-16 05:40:00,2025-09-16 06:25:00,SHORT,2025-09-16 07:34:00,2.9954,3.0018,2.989,2.9851,2025-09-16 07:47:00,3.0018,INITIAL_STOP,-1.375,0.0,False,False,False,2025-09,2025,9,Q3
XRP/USDT,2025-09-16 05:50:00,2025-09-16 06:25:00,SHORT,2025-09-16 07:34:00,2.9954,3.0109,2.9799,2.9703,2025-09-16 07:49:00,3.0109,INITIAL_STOP,-1.155,0.0,False,False,False,2025-09,2025,9,Q3
XRP/USDT,2025-09-16 08:50:00,2025-09-16 09:30:00,SHORT,2025-09-16 09:36:00,3.0328,3.0541,3.0115,2.9983,2025-09-16 14:51:00,3.0304,BE_STOP,0.386,0.5,True,False,False,2025-09,2025,9,Q3
XRP/USDT,2025-09-21 12:15:00,2025-09-21 12:45:00,SHORT,2025-09-21 12:51:00,2.9817,2.9902,2.9732,2.968,2025-09-21 15:44:00,2.9793,BE_STOP,0.218,0.5,False,False,False,2025-09,2025,9,Q3
XRP/USDT,2025-09-23 06:35:00,2025-09-23 07:30:00,SHORT,2025-09-23 07:37:00,2.8742,2.8849,2.8635,2.8569,2025-09-23 08:33:00,2.8569,GRID_B_FULL_TP,1.094,1.309,True,False,False,2025-09,2025,9,Q3
XRP/USDT,2025-09-24 23:30:00,2025-09-25 00:05:00,LONG,2025-09-25 00:19:00,2.9317,2.9192,2.9441,2.9518,2025-09-25 00:46:00,2.9192,INITIAL_STOP,-1.188,0.0,True,False,False,2025-09,2025,9,Q3
XRP/USDT,2025-09-26 05:05:00,2025-09-26 05:35:00,SHORT,2025-09-26 06:21:00,2.7682,2.7752,2.7612,2.757,2025-09-26 06:39:00,2.766,BE_STOP,0.181,0.5,False,False,False,2025-09,2025,9,Q3
XRP/USDT,2025-09-29 02:05:00,2025-09-29 02:15:00,LONG,2025-09-29 03:35:00,2.8569,2.8439,2.8698,2.8778,2025-09-29 07:28:00,2.8778,GRID_B_FULL_TP,1.132,1.309,False,False,False,2025-09,2025,9,Q3
XRP/USDT,2025-09-29 23:50:00,2025-09-30 00:10:00,LONG,2025-09-30 00:16:00,2.8826,2.875,2.8903,2.8951,2025-09-30 00:31:00,2.875,INITIAL_STOP,-1.301,0.0,True,False,False,2025-09,2025,9,Q3
XRP/USDT,2025-09-30 18:25:00,2025-09-30 18:35:00,SHORT,2025-09-30 18:43:00,2.835,2.8468,2.8231,2.8159,2025-09-30 19:03:00,2.8468,INITIAL_STOP,-1.192,0.0,True,False,False,2025-09,2025,9,Q3
XRP/USDT,2025-10-02 14:45:00,2025-10-02 15:10:00,LONG,2025-10-02 15:37:00,2.9625,2.9506,2.9743,2.9817,2025-10-02 15:52:00,2.9817,GRID_B_FULL_TP,1.11,1.309,False,False,False,2025-10,2025,10,Q4
XRP/USDT,2025-10-05 03:30:00,2025-10-05 03:55:00,SHORT,2025-10-05 04:06:00,3.0152,3.0285,3.002,2.9938,2025-10-05 04:46:00,3.0285,INITIAL_STOP,-1.182,0.0,False,False,False,2025-10,2025,10,Q4
XRP/USDT,2025-10-08 14:00:00,2025-10-08 14:35:00,SHORT,2025-10-08 16:15:00,2.8742,2.8967,2.8517,2.8378,2025-10-08 17:16:00,2.8967,INITIAL_STOP,-1.102,0.0,True,False,False,2025-10,2025,10,Q4
XRP/USDT,2025-10-10 03:30:00,2025-10-10 03:55:00,SHORT,2025-10-10 04:07:00,2.8209,2.8324,2.8093,2.8021,2025-10-10 05:23:00,2.8186,BE_STOP,0.305,0.5,False,False,False,2025-10,2025,10,Q4
XRP/USDT,2025-10-12 12:15:00,2025-10-12 13:25:00,SHORT,2025-10-12 14:47:00,2.4043,2.4166,2.3921,2.3845,2025-10-12 14:48:00,2.4166,INITIAL_STOP,-1.157,0.0,True,False,False,2025-10,2025,10,Q4
XRP/USDT,2025-10-17 16:00:00,2025-10-17 16:30:00,SHORT,2025-10-17 18:22:00,2.3065,2.3312,2.2818,2.2666,2025-10-17 21:46:00,2.3312,INITIAL_STOP,-1.075,0.0,True,False,False,2025-10,2025,10,Q4
XRP/USDT,2025-10-20 21:45:00,2025-10-20 22:15:00,LONG,2025-10-20 22:24:00,2.492,2.483,2.5009,2.5065,2025-10-20 23:05:00,2.4939,BE_STOP,0.278,0.5,True,False,False,2025-10,2025,10,Q4
XRP/USDT,2025-10-21 06:00:00,2025-10-21 06:20:00,LONG,2025-10-21 07:06:00,2.4213,2.4087,2.4339,2.4417,2025-10-21 07:45:00,2.4232,BE_STOP,0.347,0.5,True,False,False,2025-10,2025,10,Q4
XRP/USDT,2025-10-27 08:25:00,2025-10-27 08:40:00,LONG,2025-10-27 08:49:00,2.6285,2.6089,2.6481,2.6603,2025-10-27 09:17:00,2.6089,INITIAL_STOP,-1.107,0.0,True,False,False,2025-10,2025,10,Q4
XRP/USDT,2025-10-27 19:30:00,2025-10-27 19:45:00,LONG,2025-10-27 20:00:00,2.6654,2.6573,2.6736,2.6786,2025-10-27 20:02:00,2.6573,INITIAL_STOP,-1.262,0.0,True,False,False,2025-10,2025,10,Q4
XRP/USDT,2025-10-31 15:15:00,2025-10-31 15:55:00,SHORT,2025-10-31 16:04:00,2.5324,2.5503,2.5145,2.5034,2025-10-31 16:51:00,2.5034,GRID_B_FULL_TP,1.196,1.309,True,False,False,2025-10,2025,10,Q4
XRP/USDT,2025-11-04 00:15:00,2025-11-04 00:25:00,SHORT,2025-11-04 00:31:00,2.3109,2.3246,2.2972,2.2888,2025-11-04 00:36:00,2.3246,INITIAL_STOP,-1.135,0.0,False,False,False,2025-11,2025,11,Q4
XRP/USDT,2025-11-06 01:15:00,2025-11-06 01:35:00,LONG,2025-11-06 02:14:00,2.3229,2.3158,2.33,2.3344,2025-11-06 02:24:00,2.3344,GRID_B_FULL_TP,1.047,1.309,False,False,False,2025-11,2025,11,Q4
XRP/USDT,2025-11-07 03:05:00,2025-11-07 03:45:00,SHORT,2025-11-07 03:57:00,2.2288,2.2379,2.2198,2.2141,2025-11-07 04:23:00,2.2271,BE_STOP,0.304,0.5,False,False,False,2025-11,2025,11,Q4
XRP/USDT,2025-11-08 06:00:00,2025-11-08 06:40:00,LONG,2025-11-08 07:21:00,2.3135,2.2981,2.3288,2.3382,2025-11-08 08:17:00,2.3153,BE_STOP,0.379,0.5,False,False,False,2025-11,2025,11,Q4
XRP/USDT,2025-11-09 00:15:00,2025-11-09 00:35:00,LONG,2025-11-09 00:50:00,2.2794,2.2684,2.2904,2.2972,2025-11-09 02:31:00,2.2684,INITIAL_STOP,-1.165,0.0,False,False,False,2025-11,2025,11,Q4
XRP/USDT,2025-11-10 14:45:00,2025-11-10 15:10:00,LONG,2025-11-10 15:18:00,2.5143,2.5066,2.5219,2.5266,2025-11-10 15:21:00,2.5266,GRID_B_FULL_TP,1.045,1.309,True,False,False,2025-11,2025,11,Q4
XRP/USDT,2025-11-11 00:40:00,2025-11-11 00:50:00,LONG,2025-11-11 01:57:00,2.523,2.5119,2.5341,2.5409,2025-11-11 02:17:00,2.525,BE_STOP,0.318,0.5,False,False,False,2025-11,2025,11,Q4
XRP/USDT,2025-11-12 09:10:00,2025-11-12 09:30:00,SHORT,2025-11-12 09:44:00,2.4213,2.4319,2.4107,2.4041,2025-11-12 11:06:00,2.4319,INITIAL_STOP,-1.182,0.0,True,False,False,2025-11,2025,11,Q4
XRP/USDT,2025-11-13 02:35:00,2025-11-13 03:10:00,SHORT,2025-11-13 03:24:00,2.4156,2.4286,2.4025,2.3944,2025-11-13 03:25:00,2.4286,INITIAL_STOP,-1.148,0.0,False,False,False,2025-11,2025,11,Q4
XRP/USDT,2025-11-14 07:00:00,2025-11-14 07:35:00,SHORT,2025-11-14 07:46:00,2.3109,2.3307,2.2911,2.2789,2025-11-14 09:34:00,2.2789,GRID_B_FULL_TP,1.215,1.309,False,False,False,2025-11,2025,11,Q4
XRP/USDT,2025-11-14 15:45:00,2025-11-14 16:00:00,SHORT,2025-11-14 16:27:00,2.3162,2.3299,2.3025,2.2941,2025-11-14 16:33:00,2.3299,INITIAL_STOP,-1.136,0.0,False,False,False,2025-11,2025,11,Q4
XRP/USDT,2025-11-14 16:30:00,2025-11-14 17:45:00,SHORT,2025-11-14 18:13:00,2.323,2.3451,2.301,2.2874,2025-11-14 18:55:00,2.2874,GRID_B_FULL_TP,1.225,1.309,True,False,False,2025-11,2025,11,Q4
XRP/USDT,2025-11-15 02:55:00,2025-11-15 04:05:00,SHORT,2025-11-15 04:16:00,2.2929,2.3047,2.2812,2.2739,2025-11-15 05:35:00,2.2739,GRID_B_FULL_TP,1.153,1.309,False,False,False,2025-11,2025,11,Q4
XRP/USDT,2025-11-15 13:20:00,2025-11-15 13:35:00,SHORT,2025-11-15 13:57:00,2.2717,2.2825,2.2609,2.2542,2025-11-15 15:04:00,2.2542,GRID_B_FULL_TP,1.141,1.309,False,False,False,2025-11,2025,11,Q4
XRP/USDT,2025-11-19 23:05:00,2025-11-20 00:05:00,SHORT,2025-11-20 00:12:00,2.1051,2.1164,2.0938,2.0869,2025-11-20 00:28:00,2.1164,INITIAL_STOP,-1.15,0.0,True,False,False,2025-11,2025,11,Q4
XRP/USDT,2025-11-21 17:15:00,2025-11-21 18:05:00,SHORT,2025-11-21 18:36:00,1.9676,1.9914,1.9437,1.929,2025-11-21 20:20:00,1.929,GRID_B_FULL_TP,1.243,1.309,False,False,False,2025-11,2025,11,Q4
XRP/USDT,2025-11-22 15:05:00,2025-11-22 15:40:00,SHORT,2025-11-22 16:06:00,1.9319,1.9358,1.9279,1.9255,2025-11-22 16:07:00,1.9358,INITIAL_STOP,-1.391,0.0,False,False,False,2025-11,2025,11,Q4
XRP/USDT,2025-11-24 00:05:00,2025-11-24 00:25:00,LONG,2025-11-24 01:17:00,2.0363,2.0257,2.047,2.0535,2025-11-24 01:31:00,2.038,BE_STOP,0.346,0.5,False,False,False,2025-11,2025,11,Q4
XRP/USDT,2025-11-24 23:45:00,2025-11-25 00:05:00,LONG,2025-11-25 00:31:00,2.2337,2.222,2.2454,2.2526,2025-11-25 00:41:00,2.2526,GRID_B_FULL_TP,1.156,1.309,True,False,False,2025-11,2025,11,Q4
XRP/USDT,2025-12-03 14:00:00,2025-12-03 14:45:00,LONG,2025-12-03 14:52:00,2.1744,2.1392,2.2096,2.2313,2025-12-04 05:44:00,2.1761,BE_STOP,0.451,0.5,True,False,False,2025-12,2025,12,Q4
XRP/USDT,2025-12-04 00:25:00,2025-12-04 00:45:00,LONG,2025-12-04 01:00:00,2.1936,2.1859,2.2013,2.206,2025-12-04 01:10:00,2.206,GRID_B_FULL_TP,1.081,1.309,False,False,False,2025-12,2025,12,Q4
XRP/USDT,2025-12-05 23:35:00,2025-12-06 00:05:00,SHORT,2025-12-06 00:34:00,2.0316,2.0402,2.0229,2.0175,2025-12-06 03:06:00,2.0402,INITIAL_STOP,-1.187,0.0,True,False,False,2025-12,2025,12,Q4
XRP/USDT,2025-12-06 03:05:00,2025-12-06 03:20:00,SHORT,2025-12-06 03:33:00,2.0393,2.0455,2.033,2.0292,2025-12-06 06:17:00,2.0455,INITIAL_STOP,-1.263,0.0,False,False,False,2025-12,2025,12,Q4
XRP/USDT,2025-12-08 15:10:00,2025-12-08 15:55:00,LONG,2025-12-08 16:00:00,2.0748,2.0705,2.0791,2.0818,2025-12-08 16:02:00,2.0705,INITIAL_STOP,-1.385,0.0,False,False,False,2025-12,2025,12,Q4
XRP/USDT,2025-12-08 17:50:00,2025-12-08 18:00:00,LONG,2025-12-08 18:28:00,2.0753,2.0621,2.0885,2.0967,2025-12-08 21:14:00,2.077,BE_STOP,0.374,0.5,False,False,False,2025-12,2025,12,Q4
XRP/USDT,2025-12-11 19:35:00,2025-12-11 19:55:00,SHORT,2025-12-11 20:11:00,2.0192,2.0289,2.0095,2.0035,2025-12-11 20:58:00,2.0289,INITIAL_STOP,-1.166,0.0,False,False,False,2025-12,2025,12,Q4
XRP/USDT,2025-12-14 16:20:00,2025-12-14 16:35:00,SHORT,2025-12-14 17:01:00,1.9983,2.0076,1.9891,1.9834,2025-12-14 19:18:00,1.9834,GRID_B_FULL_TP,1.136,1.309,True,False,False,2025-12,2025,12,Q4
XRP/USDT,2025-12-16 12:45:00,2025-12-16 13:35:00,SHORT,2025-12-16 14:50:00,1.9326,1.94,1.9253,1.9208,2025-12-16 14:54:00,1.9208,GRID_B_FULL_TP,1.099,1.309,True,False,False,2025-12,2025,12,Q4
XRP/USDT,2025-12-20 13:25:00,2025-12-20 13:40:00,LONG,2025-12-20 14:01:00,1.9253,1.9174,1.9331,1.9379,2025-12-20 15:23:00,1.9268,BE_STOP,0.303,0.5,True,False,False,2025-12,2025,12,Q4
XRP/USDT,2025-12-29 00:30:00,2025-12-29 01:05:00,SHORT,2025-12-29 01:20:00,1.8717,1.8803,1.863,1.8576,2025-12-29 01:39:00,1.8803,INITIAL_STOP,-1.173,0.0,False,False,False,2025-12,2025,12,Q4
XRP/USDT,2025-12-29 12:05:00,2025-12-29 12:25:00,LONG,2025-12-29 13:36:00,1.8622,1.856,1.8685,1.8724,2025-12-29 14:32:00,1.8724,GRID_B_FULL_TP,1.07,1.309,True,False,False,2025-12,2025,12,Q4
XRP/USDT,2025-12-29 12:10:00,2025-12-29 12:25:00,LONG,2025-12-29 13:36:00,1.8622,1.8528,1.8717,1.8775,2025-12-29 14:36:00,1.8775,GRID_B_FULL_TP,1.151,1.309,True,False,False,2025-12,2025,12,Q4
XRP/USDT,2026-01-05 04:25:00,2026-01-05 05:15:00,LONG,2026-01-05 05:52:00,2.1284,2.1185,2.1382,2.1443,2026-01-05 06:25:00,2.1185,INITIAL_STOP,-1.173,0.0,False,False,False,2026-01,2026,1,Q1
XRP/USDT,2026-01-09 13:30:00,2026-01-09 14:10:00,SHORT,2026-01-09 14:30:00,2.0998,2.1224,2.0772,2.0632,2026-01-09 15:25:00,2.1224,INITIAL_STOP,-1.074,0.0,True,False,False,2026-01,2026,1,Q1
XRP/USDT,2026-01-09 15:25:00,2026-01-09 15:45:00,SHORT,2026-01-09 16:02:00,2.1341,2.1501,2.1182,2.1083,2026-01-09 16:51:00,2.1324,BE_STOP,0.393,0.5,True,False,False,2026-01,2026,1,Q1
XRP/USDT,2026-01-09 15:30:00,2026-01-09 15:45:00,SHORT,2026-01-09 16:02:00,2.1341,2.16,2.1083,2.0923,2026-01-09 17:36:00,2.0923,GRID_B_FULL_TP,1.243,1.309,True,False,False,2026-01,2026,1,Q1
XRP/USDT,2026-01-13 16:40:00,2026-01-13 17:10:00,SHORT,2026-01-13 18:13:00,2.101,2.1163,2.0856,2.0762,2026-01-13 19:33:00,2.1163,INITIAL_STOP,-1.11,0.0,True,False,False,2026-01,2026,1,Q1
XRP/USDT,2026-01-14 06:05:00,2026-01-14 06:45:00,LONG,2026-01-14 07:35:00,2.1423,2.1331,2.1516,2.1573,2026-01-14 08:56:00,2.1441,BE_STOP,0.315,0.5,True,False,False,2026-01,2026,1,Q1
XRP/USDT,2026-01-16 19:35:00,2026-01-16 20:05:00,SHORT,2026-01-16 20:13:00,2.0522,2.0592,2.0452,2.0409,2026-01-16 20:21:00,2.0592,INITIAL_STOP,-1.235,0.0,True,False,False,2026-01,2026,1,Q1
XRP/USDT,2026-01-16 20:50:00,2026-01-16 21:15:00,SHORT,2026-01-16 21:27:00,2.0745,2.0796,2.0694,2.0662,2026-01-16 22:14:00,2.0728,BE_STOP,0.175,0.5,False,False,False,2026-01,2026,1,Q1
XRP/USDT,2026-01-21 00:35:00,2026-01-21 01:45:00,SHORT,2026-01-21 02:05:00,1.9051,1.9183,1.892,1.8839,2026-01-21 03:16:00,1.9036,BE_STOP,0.384,0.5,False,False,False,2026-01,2026,1,Q1
XRP/USDT,2026-01-22 02:55:00,2026-01-22 03:05:00,LONG,2026-01-22 03:16:00,1.949,1.9412,1.9568,1.9617,2026-01-22 07:14:00,1.9506,BE_STOP,0.301,0.5,False,False,False,2026-01,2026,1,Q1
XRP/USDT,2026-01-25 10:25:00,2026-01-25 11:05:00,SHORT,2026-01-25 11:13:00,1.9063,1.9138,1.8989,1.8944,2026-01-25 13:29:00,1.8944,GRID_B_FULL_TP,1.103,1.309,False,False,False,2026-01,2026,1,Q1
XRP/USDT,2026-01-25 21:15:00,2026-01-25 21:35:00,SHORT,2026-01-25 21:46:00,1.8337,1.842,1.8254,1.8204,2026-01-25 22:32:00,1.8204,GRID_B_FULL_TP,1.131,1.309,True,False,False,2026-01,2026,1,Q1
XRP/USDT,2026-01-26 00:15:00,2026-01-26 00:30:00,SHORT,2026-01-26 00:50:00,1.8477,1.8522,1.8431,1.8403,2026-01-26 00:52:00,1.8522,INITIAL_STOP,-1.327,0.0,False,False,False,2026-01,2026,1,Q1
XRP/USDT,2026-01-26 12:05:00,2026-01-26 12:25:00,SHORT,2026-01-26 12:35:00,1.8968,1.9048,1.8889,1.8839,2026-01-26 13:13:00,1.9048,INITIAL_STOP,-1.19,0.0,True,False,False,2026-01,2026,1,Q1
XRP/USDT,2026-01-30 11:50:00,2026-01-30 12:25:00,SHORT,2026-01-30 12:30:00,1.7664,1.7756,1.7572,1.7514,2026-01-30 13:30:00,1.7514,GRID_B_FULL_TP,1.156,1.309,False,False,False,2026-01,2026,1,Q1
XRP/USDT,2026-01-30 15:40:00,2026-01-30 16:50:00,SHORT,2026-01-30 17:22:00,1.7658,1.7844,1.7472,1.7356,2026-01-30 18:16:00,1.7356,GRID_B_FULL_TP,1.233,1.309,False,False,False,2026-01,2026,1,Q1
XRP/USDT,2026-02-02 20:35:00,2026-02-02 21:35:00,LONG,2026-02-02 23:25:00,1.6186,1.613,1.6242,1.6277,2026-02-02 23:59:00,1.6199,BE_STOP,0.27,0.5,True,False,False,2026-02,2026,2,Q1
XRP/USDT,2026-02-03 02:45:00,2026-02-03 03:10:00,LONG,2026-02-03 03:16:00,1.5946,1.5894,1.5998,1.603,2026-02-03 03:29:00,1.603,GRID_B_FULL_TP,1.063,1.309,False,False,False,2026-02,2026,2,Q1
XRP/USDT,2026-02-03 20:30:00,2026-02-03 21:20:00,SHORT,2026-02-03 21:25:00,1.6239,1.6363,1.6114,1.6036,2026-02-03 21:53:00,1.6036,GRID_B_FULL_TP,1.205,1.309,True,False,False,2026-02,2026,2,Q1
XRP/USDT,2026-02-04 19:55:00,2026-02-04 20:10:00,SHORT,2026-02-04 20:18:00,1.5463,1.5593,1.5332,1.5251,2026-02-04 21:06:00,1.5251,GRID_B_FULL_TP,1.214,1.309,True,False,False,2026-02,2026,2,Q1
XRP/USDT,2026-02-06 01:45:00,2026-02-06 02:20:00,SHORT,2026-02-06 02:31:00,1.2572,1.2844,1.23,1.2132,2026-02-06 04:22:00,1.2844,INITIAL_STOP,-1.037,0.0,False,False,False,2026-02,2026,2,Q1
XRP/USDT,2026-02-07 12:15:00,2026-02-07 13:35:00,SHORT,2026-02-07 14:11:00,1.408,1.4429,1.3731,1.3515,2026-02-07 18:34:00,1.4429,INITIAL_STOP,-1.032,0.0,True,False,False,2026-02,2026,2,Q1
XRP/USDT,2026-02-17 16:00:00,2026-02-17 17:10:00,SHORT,2026-02-17 17:25:00,1.4725,1.4818,1.4631,1.4573,2026-02-17 17:45:00,1.4573,GRID_B_FULL_TP,1.183,1.309,True,False,False,2026-02,2026,2,Q1
XRP/USDT,2026-02-17 16:05:00,2026-02-17 17:10:00,SHORT,2026-02-17 17:25:00,1.4725,1.4891,1.4558,1.4455,2026-02-17 18:41:00,1.4891,INITIAL_STOP,-1.071,0.0,False,False,False,2026-02,2026,2,Q1
XRP/USDT,2026-02-17 16:35:00,2026-02-17 17:10:00,SHORT,2026-02-17 17:25:00,1.4725,1.4972,1.4477,1.4324,2026-02-18 19:25:00,1.4324,GRID_B_FULL_TP,1.261,1.309,True,False,False,2026-02,2026,2,Q1
XRP/USDT,2026-02-19 19:05:00,2026-02-19 19:40:00,SHORT,2026-02-19 19:50:00,1.4082,1.4207,1.3957,1.388,2026-02-19 23:32:00,1.4071,BE_STOP,0.41,0.5,False,False,False,2026-02,2026,2,Q1
XRP/USDT,2026-02-20 00:25:00,2026-02-20 00:55:00,SHORT,2026-02-20 01:05:00,1.4177,1.4238,1.4116,1.4078,2026-02-20 01:41:00,1.4238,INITIAL_STOP,-1.185,0.0,False,False,False,2026-02,2026,2,Q1
XRP/USDT,2026-02-20 01:40:00,2026-02-20 01:50:00,SHORT,2026-02-20 01:55:00,1.4217,1.4264,1.417,1.414,2026-02-20 02:02:00,1.4264,INITIAL_STOP,-1.24,0.0,False,False,False,2026-02,2026,2,Q1
XRP/USDT,2026-02-28 18:35:00,2026-02-28 19:10:00,SHORT,2026-02-28 19:16:00,1.3401,1.3455,1.3347,1.3313,2026-02-28 19:31:00,1.3455,INITIAL_STOP,-1.198,0.0,True,False,False,2026-02,2026,2,Q1
XRP/USDT,2026-03-05 16:05:00,2026-03-05 16:35:00,LONG,2026-03-05 17:09:00,1.4079,1.397,1.4187,1.4254,2026-03-05 21:36:00,1.409,BE_STOP,0.396,0.5,True,False,False,2026-03,2026,3,Q1
XRP/USDT,2026-03-06 22:40:00,2026-03-06 23:05:00,SHORT,2026-03-07 00:10:00,1.3679,1.3715,1.3644,1.3623,2026-03-07 02:51:00,1.3669,BE_STOP,0.187,0.5,True,False,False,2026-03,2026,3,Q1
XRP/USDT,2026-03-08 00:10:00,2026-03-08 00:25:00,SHORT,2026-03-08 01:52:00,1.3577,1.3623,1.353,1.3501,2026-03-08 02:47:00,1.3501,GRID_B_FULL_TP,1.077,1.309,False,False,False,2026-03,2026,3,Q1
XRP/USDT,2026-03-08 07:05:00,2026-03-08 08:15:00,SHORT,2026-03-08 08:36:00,1.3577,1.3612,1.3542,1.352,2026-03-08 08:46:00,1.3612,INITIAL_STOP,-1.307,0.0,False,False,False,2026-03,2026,3,Q1
XRP/USDT,2026-03-08 12:10:00,2026-03-08 12:25:00,LONG,2026-03-08 12:45:00,1.3516,1.3447,1.3585,1.3628,2026-03-08 13:15:00,1.3447,INITIAL_STOP,-1.156,0.0,False,False,False,2026-03,2026,3,Q1
XRP/USDT,2026-03-09 00:15:00,2026-03-09 00:55:00,SHORT,2026-03-09 01:18:00,1.3505,1.3541,1.3469,1.3446,2026-03-09 01:23:00,1.3494,BE_STOP,0.202,0.5,False,False,False,2026-03,2026,3,Q1
XRP/USDT,2026-03-09 22:50:00,2026-03-09 23:10:00,LONG,2026-03-09 23:18:00,1.3647,1.3607,1.3688,1.3714,2026-03-09 23:52:00,1.3607,INITIAL_STOP,-1.266,0.0,True,False,False,2026-03,2026,3,Q1
XRP/USDT,2026-03-10 19:50:00,2026-03-10 20:00:00,LONG,2026-03-10 21:38:00,1.3839,1.3776,1.3902,1.3941,2026-03-11 01:36:00,1.385,BE_STOP,0.324,0.5,False,False,False,2026-03,2026,3,Q1
XRP/USDT,2026-03-13 16:15:00,2026-03-13 16:35:00,LONG,2026-03-13 17:04:00,1.4065,1.4022,1.4109,1.4136,2026-03-13 17:22:00,1.4077,BE_STOP,0.242,0.5,False,False,False,2026-03,2026,3,Q1
XRP/USDT,2026-03-13 22:00:00,2026-03-13 22:55:00,LONG,2026-03-13 23:00:00,1.3935,1.3909,1.3961,1.3977,2026-03-13 23:25:00,1.3977,GRID_B_FULL_TP,0.879,1.309,False,False,False,2026-03,2026,3,Q1
XRP/USDT,2026-03-14 12:00:00,2026-03-14 12:30:00,SHORT,2026-03-14 13:19:00,1.3914,1.3961,1.3867,1.3838,2026-03-14 21:51:00,1.3961,INITIAL_STOP,-1.237,0.0,True,False,False,2026-03,2026,3,Q1
XRP/USDT,2026-03-15 16:15:00,2026-03-15 17:05:00,LONG,2026-03-15 17:17:00,1.415,1.4071,1.423,1.4279,2026-03-15 18:46:00,1.4162,BE_STOP,0.358,0.5,False,False,False,2026-03,2026,3,Q1
XRP/USDT,2026-03-16 08:35:00,2026-03-16 09:50:00,LONG,2026-03-16 10:30:00,1.471,1.4682,1.4738,1.4755,2026-03-16 10:36:00,1.4682,INITIAL_STOP,-1.419,0.0,False,False,False,2026-03,2026,3,Q1
XRP/USDT,2026-03-19 01:40:00,2026-03-19 01:55:00,SHORT,2026-03-19 03:17:00,1.4645,1.469,1.4599,1.4571,2026-03-19 03:19:00,1.469,INITIAL_STOP,-1.258,0.0,False,False,False,2026-03,2026,3,Q1
XRP/USDT,2026-03-19 03:25:00,2026-03-19 04:10:00,SHORT,2026-03-19 04:39:00,1.4694,1.481,1.4578,1.4506,2026-03-19 06:17:00,1.481,INITIAL_STOP,-1.101,0.0,False,False,False,2026-03,2026,3,Q1
XRP/USDT,2026-03-23 19:55:00,2026-03-23 20:15:00,LONG,2026-03-23 20:29:00,1.4351,1.4294,1.4408,1.4442,2026-03-23 22:03:00,1.4294,INITIAL_STOP,-1.203,0.0,True,False,False,2026-03,2026,3,Q1
XRP/USDT,2026-03-24 00:35:00,2026-03-24 01:25:00,LONG,2026-03-24 01:32:00,1.4198,1.4142,1.4254,1.4289,2026-03-24 01:39:00,1.4142,INITIAL_STOP,-1.202,0.0,False,False,False,2026-03,2026,3,Q1
XRP/USDT,2026-03-26 21:25:00,2026-03-26 22:25:00,SHORT,2026-03-26 22:59:00,1.3634,1.3697,1.3571,1.3531,2026-03-27 01:59:00,1.3697,INITIAL_STOP,-1.172,0.0,True,False,False,2026-03,2026,3,Q1
XRP/USDT,2026-04-01 01:05:00,2026-04-01 01:20:00,SHORT,2026-04-01 03:08:00,1.3415,1.3481,1.3349,1.3308,2026-04-01 03:46:00,1.3481,INITIAL_STOP,-1.162,0.0,False,False,False,2026-04,2026,4,Q2
XRP/USDT,2026-04-01 03:45:00,2026-04-01 04:10:00,SHORT,2026-04-01 05:17:00,1.3462,1.3511,1.3414,1.3384,2026-04-01 06:08:00,1.3511,INITIAL_STOP,-1.221,0.0,False,False,False,2026-04,2026,4,Q2
XRP/USDT,2026-04-01 03:55:00,2026-04-01 04:10:00,SHORT,2026-04-01 05:17:00,1.3462,1.3537,1.3388,1.3342,2026-04-01 06:10:00,1.3537,INITIAL_STOP,-1.144,0.0,False,False,False,2026-04,2026,4,Q2
XRP/USDT,2026-04-02 16:35:00,2026-04-02 17:00:00,SHORT,2026-04-02 17:13:00,1.3056,1.3082,1.3031,1.3016,2026-04-02 17:16:00,1.3082,INITIAL_STOP,-1.416,0.0,True,False,False,2026-04,2026,4,Q2
XRP/USDT,2026-04-06 17:00:00,2026-04-06 17:25:00,LONG,2026-04-06 17:38:00,1.3396,1.3355,1.3437,1.3462,2026-04-06 21:52:00,1.3355,INITIAL_STOP,-1.261,0.0,False,False,False,2026-04,2026,4,Q2
XRP/USDT,2026-04-06 17:10:00,2026-04-06 17:25:00,LONG,2026-04-06 17:38:00,1.3396,1.3331,1.3461,1.3501,2026-04-06 22:04:00,1.3331,INITIAL_STOP,-1.165,0.0,False,False,False,2026-04,2026,4,Q2
XRP/USDT,2026-04-08 11:35:00,2026-04-08 11:50:00,LONG,2026-04-08 12:21:00,1.3744,1.3696,1.3792,1.3821,2026-04-08 12:37:00,1.3821,GRID_B_FULL_TP,1.078,1.309,False,False,False,2026-04,2026,4,Q2
XRP/USDT,2026-04-09 03:25:00,2026-04-09 04:35:00,LONG,2026-04-09 04:48:00,1.3304,1.3282,1.3326,1.334,2026-04-09 05:19:00,1.334,GRID_B_FULL_TP,0.824,1.309,False,False,False,2026-04,2026,4,Q2
XRP/USDT,2026-04-09 11:40:00,2026-04-09 12:00:00,LONG,2026-04-09 12:06:00,1.3289,1.3263,1.3315,1.3331,2026-04-09 12:23:00,1.3263,INITIAL_STOP,-1.41,0.0,False,False,False,2026-04,2026,4,Q2
XRP/USDT,2026-04-10 22:35:00,2026-04-10 23:25:00,LONG,2026-04-10 23:32:00,1.3554,1.3533,1.3576,1.359,2026-04-11 00:42:00,1.3533,INITIAL_STOP,-1.497,0.0,True,False,False,2026-04,2026,4,Q2
XRP/USDT,2026-04-12 17:00:00,2026-04-12 17:15:00,SHORT,2026-04-12 17:21:00,1.3287,1.3318,1.3256,1.3237,2026-04-12 17:51:00,1.3318,INITIAL_STOP,-1.344,0.0,False,False,False,2026-04,2026,4,Q2
XRP/USDT,2026-04-14 04:45:00,2026-04-14 05:00:00,LONG,2026-04-14 05:14:00,1.363,1.36,1.366,1.3679,2026-04-14 06:22:00,1.3679,GRID_B_FULL_TP,0.951,1.309,False,False,False,2026-04,2026,4,Q2
XRP/USDT,2026-04-17 18:05:00,2026-04-17 19:15:00,LONG,2026-04-17 20:27:00,1.4814,1.4706,1.4923,1.499,2026-04-18 02:12:00,1.4706,INITIAL_STOP,-1.109,0.0,True,False,False,2026-04,2026,4,Q2
XRP/USDT,2026-04-23 18:05:00,2026-04-23 18:25:00,SHORT,2026-04-23 18:34:00,1.4368,1.4426,1.431,1.4275,2026-04-23 19:35:00,1.4275,GRID_B_FULL_TP,1.109,1.309,True,False,False,2026-04,2026,4,Q2
XRP/USDT,2026-04-23 20:40:00,2026-04-23 20:55:00,SHORT,2026-04-23 21:30:00,1.4348,1.4391,1.4305,1.4279,2026-04-23 22:45:00,1.4391,INITIAL_STOP,-1.27,0.0,True,False,False,2026-04,2026,4,Q2
XRP/USDT,2026-04-28 17:35:00,2026-04-28 17:50:00,SHORT,2026-04-28 17:55:00,1.3787,1.3831,1.3743,1.3716,2026-04-28 19:45:00,1.3831,INITIAL_STOP,-1.253,0.0,True,False,False,2026-04,2026,4,Q2
XRP/USDT,2026-04-29 00:50:00,2026-04-29 01:10:00,SHORT,2026-04-29 01:48:00,1.3819,1.386,1.3778,1.3753,2026-04-29 03:18:00,1.386,INITIAL_STOP,-1.271,0.0,False,False,False,2026-04,2026,4,Q2
XRP/USDT,2026-04-29 21:45:00,2026-04-29 22:00:00,SHORT,2026-04-29 22:06:00,1.3693,1.3746,1.364,1.3608,2026-04-30 00:30:00,1.3746,INITIAL_STOP,-1.208,0.0,True,False,False,2026-04,2026,4,Q2
XRP/USDT,2026-04-30 08:00:00,2026-04-30 08:20:00,SHORT,2026-04-30 08:25:00,1.3746,1.3783,1.3709,1.3687,2026-04-30 09:30:00,1.3783,INITIAL_STOP,-1.3,0.0,False,False,False,2026-04,2026,4,Q2
XRP/USDT,2026-05-04 00:20:00,2026-05-04 00:50:00,LONG,2026-05-04 01:20:00,1.3846,1.3808,1.3884,1.3907,2026-05-04 01:30:00,1.3907,GRID_B_FULL_TP,1.016,1.309,False,False,False,2026-05,2026,5,Q2
XRP/USDT,2026-05-08 08:45:00,2026-05-08 09:00:00,SHORT,2026-05-08 09:09:00,1.3887,1.3924,1.3849,1.3826,2026-05-08 10:33:00,1.3875,BE_STOP,0.202,0.5,True,False,False,2026-05,2026,5,Q2
XRP/USDT,2026-05-08 15:55:00,2026-05-08 16:05:00,SHORT,2026-05-08 16:24:00,1.3956,1.4004,1.3908,1.3878,2026-05-08 17:19:00,1.4004,INITIAL_STOP,-1.233,0.0,True,False,False,2026-05,2026,5,Q2
XRP/USDT,2026-05-08 18:30:00,2026-05-08 19:00:00,SHORT,2026-05-08 19:07:00,1.4205,1.4255,1.4156,1.4125,2026-05-08 19:16:00,1.4255,INITIAL_STOP,-1.228,0.0,True,False,False,2026-05,2026,5,Q2
XRP/USDT,2026-05-14 23:45:00,2026-05-15 00:05:00,LONG,2026-05-15 01:51:00,1.4861,1.4828,1.4894,1.4915,2026-05-15 02:02:00,1.4828,INITIAL_STOP,-1.357,0.0,True,False,False,2026-05,2026,5,Q2
XRP/USDT,2026-05-17 05:05:00,2026-05-17 05:20:00,SHORT,2026-05-17 05:39:00,1.4188,1.424,1.4137,1.4105,2026-05-17 09:29:00,1.4177,BE_STOP,0.281,0.5,False,False,False,2026-05,2026,5,Q2
XRP/USDT,2026-05-19 13:35:00,2026-05-19 14:15:00,SHORT,2026-05-19 15:31:00,1.3723,1.3841,1.3605,1.3533,2026-05-19 22:30:00,1.3533,GRID_B_FULL_TP,1.216,1.309,True,False,False,2026-05,2026,5,Q2
XRP/USDT,2026-05-20 07:00:00,2026-05-20 07:50:00,SHORT,2026-05-20 08:06:00,1.3693,1.3732,1.3654,1.3631,2026-05-20 10:30:00,1.3732,INITIAL_STOP,-1.284,0.0,True,False,False,2026-05,2026,5,Q2
XRP/USDT,2026-05-23 03:20:00,2026-05-23 04:20:00,SHORT,2026-05-23 04:33:00,1.3397,1.3444,1.3349,1.3319,2026-05-23 05:24:00,1.3319,GRID_B_FULL_TP,1.084,1.309,False,False,False,2026-05,2026,5,Q2
XRP/USDT,2026-05-24 10:15:00,2026-05-24 10:40:00,SHORT,2026-05-24 11:05:00,1.3659,1.3692,1.3625,1.3604,2026-05-24 11:24:00,1.3648,BE_STOP,0.179,0.5,True,False,False,2026-05,2026,5,Q2
XRP/USDT,2026-05-24 17:50:00,2026-05-24 18:05:00,SHORT,2026-05-24 18:13:00,1.3524,1.3566,1.3482,1.3456,2026-05-24 20:05:00,1.3456,GRID_B_FULL_TP,1.053,1.309,True,False,False,2026-05,2026,5,Q2
XRP/USDT,2026-05-28 13:00:00,2026-05-28 14:05:00,SHORT,2026-05-28 14:12:00,1.2944,1.3005,1.2883,1.2845,2026-05-28 14:14:00,1.3005,INITIAL_STOP,-1.169,0.0,False,False,False,2026-05,2026,5,Q2
XRP/USDT,2026-05-28 14:15:00,2026-05-28 15:10:00,SHORT,2026-05-28 15:24:00,1.2995,1.3126,1.2864,1.2782,2026-05-28 15:46:00,1.3126,INITIAL_STOP,-1.079,0.0,True,False,False,2026-05,2026,5,Q2
XRP/USDT,2026-06-02 03:50:00,2026-06-02 04:10:00,SHORT,2026-06-02 04:28:00,1.2858,1.2907,1.2809,1.2778,2026-06-02 05:02:00,1.2778,GRID_B_FULL_TP,1.1,1.309,False,False,False,2026-06,2026,6,Q2
XRP/USDT,2026-06-02 13:15:00,2026-06-02 13:35:00,SHORT,2026-06-02 13:42:00,1.2646,1.2705,1.2587,1.2551,2026-06-02 14:09:00,1.2551,GRID_B_FULL_TP,1.137,1.309,True,False,False,2026-06,2026,6,Q2
XRP/USDT,2026-06-03 01:00:00,2026-06-03 01:40:00,SHORT,2026-06-03 01:53:00,1.2258,1.2298,1.2217,1.2191,2026-06-03 02:22:00,1.2191,GRID_B_FULL_TP,1.069,1.309,False,False,False,2026-06,2026,6,Q2
XRP/USDT,2026-06-04 03:40:00,2026-06-04 04:35:00,SHORT,2026-06-04 04:44:00,1.206,1.2116,1.2003,1.1968,2026-06-04 05:02:00,1.1968,GRID_B_FULL_TP,1.139,1.309,False,False,False,2026-06,2026,6,Q2
XRP/USDT,2026-06-04 18:25:00,2026-06-04 19:00:00,SHORT,2026-06-04 19:16:00,1.1798,1.1823,1.1773,1.1758,2026-06-04 19:24:00,1.1823,INITIAL_STOP,-1.382,0.0,False,False,False,2026-06,2026,6,Q2
XRP/USDT,2026-06-05 10:00:00,2026-06-05 11:10:00,SHORT,2026-06-05 11:17:00,1.1288,1.1478,1.1099,1.0982,2026-06-05 14:06:00,1.0982,GRID_B_FULL_TP,1.261,1.309,False,False,False,2026-06,2026,6,Q2
XRP/USDT,2026-06-05 16:50:00,2026-06-05 17:15:00,SHORT,2026-06-05 17:40:00,1.1134,1.1233,1.1035,1.0974,2026-06-05 18:06:00,1.1125,BE_STOP,0.41,0.5,True,False,False,2026-06,2026,6,Q2
XRP/USDT,2026-06-07 00:30:00,2026-06-07 00:45:00,SHORT,2026-06-07 01:03:00,1.0942,1.0992,1.0893,1.0862,2026-06-07 01:07:00,1.0992,INITIAL_STOP,-1.175,0.0,False,False,False,2026-06,2026,6,Q2
XRP/USDT,2026-06-08 01:25:00,2026-06-08 01:45:00,LONG,2026-06-08 01:50:00,1.1513,1.1411,1.1616,1.168,2026-06-08 03:28:00,1.1523,BE_STOP,0.41,0.5,False,False,False,2026-06,2026,6,Q2
XRP/USDT,2026-06-09 00:35:00,2026-06-09 01:25:00,LONG,2026-06-09 01:38:00,1.1542,1.1512,1.1571,1.159,2026-06-09 01:51:00,1.1512,INITIAL_STOP,-1.31,0.0,False,False,False,2026-06,2026,6,Q2
XRP/USDT,2026-06-10 12:30:00,2026-06-10 13:00:00,SHORT,2026-06-10 13:18:00,1.1189,1.1264,1.1115,1.1069,2026-06-10 13:31:00,1.1264,INITIAL_STOP,-1.121,0.0,True,False,False,2026-06,2026,6,Q2
XRP/USDT,2026-06-11 03:55:00,2026-06-11 05:05:00,SHORT,2026-06-11 05:17:00,1.1185,1.1253,1.1117,1.1075,2026-06-11 10:51:00,1.1253,INITIAL_STOP,-1.132,0.0,False,False,False,2026-06,2026,6,Q2
XRP/USDT,2026-06-18 11:50:00,2026-06-18 12:25:00,LONG,2026-06-18 12:34:00,1.1671,1.1601,1.174,1.1782,2026-06-18 13:38:00,1.1601,INITIAL_STOP,-1.135,0.0,False,False,False,2026-06,2026,6,Q2
XRP/USDT,2026-06-19 23:35:00,2026-06-19 23:45:00,SHORT,2026-06-19 23:56:00,1.1351,1.1382,1.1319,1.1299,2026-06-19 23:57:00,1.1382,INITIAL_STOP,-1.288,0.0,True,False,False,2026-06,2026,6,Q2
XRP/USDT,2026-07-05 05:40:00,2026-07-05 05:55:00,LONG,2026-07-05 06:00:00,1.1359,1.1315,1.1402,1.1429,2026-07-05 21:30:00,1.1429,GRID_B_FULL_TP,1.1,1.309,False,False,False,2026-07,2026,7,Q3
XRP/USDT,2026-07-14 20:30:00,2026-07-14 21:05:00,SHORT,2026-07-14 21:13:00,1.11,1.1129,1.1071,1.1054,2026-07-14 22:00:00,1.1091,BE_STOP,0.19,0.5,True,False,False,2026-07,2026,7,Q3
XRP/USDT,2026-07-14 22:20:00,2026-07-14 22:50:00,SHORT,2026-07-14 23:11:00,1.1119,1.1143,1.1094,1.1079,2026-07-15 13:11:00,1.1143,INITIAL_STOP,-1.368,0.0,True,False,False,2026-07,2026,7,Q3
XRP/USDT,2026-07-24 14:25:00,2026-07-24 14:55:00,LONG,2026-07-24 15:05:00,1.0901,1.0862,1.0941,1.0966,2026-07-24 15:19:00,1.091,BE_STOP,0.281,0.5,True,False,False,2026-07,2026,7,Q3
XRP/USDT,2026-07-29 10:10:00,2026-07-29 10:30:00,SHORT,2026-07-29 10:42:00,1.0882,1.0906,1.0858,1.0843,2026-07-29 11:35:00,1.0843,GRID_B_FULL_TP,0.951,1.309,False,False,False,2026-07,2026,7,Q3
XRP/USDT,2026-08-13 05:35:00,2026-08-13 06:05:00,SHORT,2026-08-13 06:48:00,1.0134,1.0166,1.0102,1.0082,2026-08-13 09:54:00,1.0126,BE_STOP,0.248,0.5,False,False,False,2026-08,2026,8,Q3
XRP/USDT,2026-08-27 10:25:00,2026-08-27 11:05:00,LONG,2026-08-27 11:28:00,1.4244,1.4157,1.4331,1.4385,2026-08-27 12:36:00,1.4255,BE_STOP,0.37,0.5,True,False,False,2026-08,2026,8,Q3
XRP/USDT,2026-08-29 00:05:00,2026-08-29 00:35:00,SHORT,2026-08-29 01:52:00,1.3862,1.3914,1.3811,1.378,2026-08-29 04:52:00,1.3851,BE_STOP,0.284,0.5,False,False,False,2026-08,2026,8,Q3
XRP/USDT,2026-08-31 08:40:00,2026-08-31 09:55:00,SHORT,2026-08-31 10:13:00,1.3739,1.3808,1.3669,1.3627,2026-08-31 10:52:00,1.3808,INITIAL_STOP,-1.159,0.0,True,False,False,2026-08,2026,8,Q3
XRP/USDT,2026-09-05 01:30:00,2026-09-05 01:50:00,SHORT,2026-09-05 03:10:00,1.3992,1.4044,1.3939,1.3907,2026-09-05 07:05:00,1.4044,INITIAL_STOP,-1.213,0.0,False,False,False,2026-09,2026,9,Q3
XRP/USDT,2026-09-05 22:00:00,2026-09-05 22:25:00,SHORT,2026-09-05 22:30:00,1.4164,1.4248,1.4081,1.4029,2026-09-05 23:38:00,1.4029,GRID_B_FULL_TP,1.174,1.309,True,False,False,2026-09,2026,9,Q3
XRP/USDT,2026-09-08 03:20:00,2026-09-08 03:35:00,LONG,2026-09-08 04:16:00,1.3931,1.387,1.3993,1.4031,2026-09-08 06:00:00,1.387,INITIAL_STOP,-1.182,0.0,False,False,False,2026-09,2026,9,Q3
XRP/USDT,2026-09-09 15:05:00,2026-09-09 15:35:00,LONG,2026-09-09 16:10:00,1.4152,1.4116,1.4189,1.4212,2026-09-09 16:15:00,1.4164,BE_STOP,0.192,0.5,False,False,False,2026-09,2026,9,Q3
XRP/USDT,2026-09-09 15:20:00,2026-09-09 15:35:00,LONG,2026-09-09 16:10:00,1.4152,1.4043,1.4262,1.433,2026-09-09 19:50:00,1.4043,INITIAL_STOP,-1.103,0.0,True,False,False,2026-09,2026,9,Q3
SBER,2024-06-19 07:00:00,2024-06-19 07:10:00,SHORT,2024-06-19 07:20:00,312.345,315.2485,309.4415,307.6471,2024-06-19 16:18:00,307.6471,GRID_B_FULL_TP,1.255,1.309,False,False,True,2024-06,2024,6,Q2
SBER,2024-06-21 07:05:00,2024-06-21 08:20:00,LONG,2024-06-21 08:27:00,313.715,312.7994,314.6306,315.1964,2024-06-21 09:35:00,313.8719,BE_STOP,0.329,0.5,False,False,True,2024-06,2024,6,Q2
SBER,2024-06-21 08:00:00,2024-06-21 08:20:00,LONG,2024-06-21 08:27:00,313.715,312.2794,315.1506,316.0378,2024-06-21 14:48:00,313.8719,BE_STOP,0.391,0.5,False,False,True,2024-06,2024,6,Q2
SBER,2024-06-25 07:25:00,2024-06-25 07:50:00,LONG,2024-06-25 07:57:00,317.0,315.8045,318.1955,318.9343,2024-06-25 10:50:00,318.9343,GRID_B_FULL_TP,1.176,1.309,False,False,True,2024-06,2024,6,Q2
SBER,2024-06-28 11:55:00,2024-06-28 12:40:00,LONG,2024-06-28 13:58:00,326.895,326.2797,327.5103,327.8906,2024-06-28 15:00:00,326.2797,INITIAL_STOP,-1.266,0.0,False,False,True,2024-06,2024,6,Q2
SBER,2024-06-28 15:00:00,2024-06-28 16:20:00,LONG,2024-06-28 16:33:00,326.395,325.6604,327.1296,327.5836,2024-06-29 07:00:00,326.5582,BE_STOP,0.278,0.5,False,False,True,2024-06,2024,6,Q2
SBER,2024-06-28 15:15:00,2024-06-28 16:20:00,LONG,2024-06-28 16:33:00,326.395,325.4504,327.3396,327.9234,2024-06-29 07:00:00,327.9234,GRID_B_FULL_TP,1.136,1.309,False,False,True,2024-06,2024,6,Q2
SBER,2024-07-01 12:30:00,2024-07-01 12:40:00,LONG,2024-07-01 14:03:00,327.545,326.6587,328.4313,328.9791,2024-07-01 15:45:00,326.6587,INITIAL_STOP,-1.185,0.0,False,False,True,2024-07,2024,7,Q3
SBER,2024-07-15 09:35:00,2024-07-15 10:55:00,SHORT,2024-07-15 11:12:00,290.8,291.7462,289.8538,289.269,2024-07-15 13:57:00,289.269,GRID_B_FULL_TP,1.155,1.309,False,False,True,2024-07,2024,7,Q3
SBER,2024-07-30 07:40:00,2024-07-30 08:15:00,SHORT,2024-07-30 08:23:00,287.26,288.0509,286.4691,285.9803,2024-07-30 08:26:00,288.0509,INITIAL_STOP,-1.182,0.0,False,False,True,2024-07,2024,7,Q3
SBER,2024-08-02 14:45:00,2024-08-02 14:55:00,SHORT,2024-08-02 15:02:00,287.335,288.421,286.249,285.5778,2024-08-02 16:12:00,285.5778,GRID_B_FULL_TP,1.177,1.309,False,False,True,2024-08,2024,8,Q3
SBER,2024-08-14 10:40:00,2024-08-14 11:25:00,LONG,2024-08-14 11:53:00,283.03,282.5955,283.4645,283.7331,2024-08-14 12:21:00,282.5955,INITIAL_STOP,-1.326,0.0,True,False,True,2024-08,2024,8,Q3
SBER,2024-08-19 04:00:00,2024-08-19 04:10:00,SHORT,2024-08-19 04:31:00,275.29,276.3029,274.2771,273.6511,2024-08-19 07:19:00,273.6511,GRID_B_FULL_TP,1.173,1.309,False,False,True,2024-08,2024,8,Q3
SBER,2024-08-21 07:00:00,2024-08-21 07:40:00,SHORT,2024-08-21 07:55:00,266.1,267.0491,265.1509,264.5643,2024-08-21 08:14:00,264.5643,GRID_B_FULL_TP,1.169,1.309,True,False,True,2024-08,2024,8,Q3
SBER,2024-08-23 17:25:00,2024-08-23 17:40:00,SHORT,2024-08-23 18:42:00,258.055,258.6971,257.4129,257.0161,2024-08-23 19:24:00,258.6971,INITIAL_STOP,-1.201,0.0,True,False,True,2024-08,2024,8,Q3
SBER,2024-08-28 14:35:00,2024-08-28 15:05:00,SHORT,2024-08-28 15:22:00,261.11,262.8117,259.4083,258.3567,2024-08-29 04:00:00,262.8117,INITIAL_STOP,-1.077,0.0,True,False,True,2024-08,2024,8,Q3
SBER,2024-09-03 17:20:00,2024-09-03 17:35:00,SHORT,2024-09-03 17:43:00,243.665,244.3555,242.9745,242.5478,2024-09-03 18:53:00,244.3555,INITIAL_STOP,-1.176,0.0,False,False,True,2024-09,2024,9,Q3
SBER,2024-09-04 07:50:00,2024-09-04 08:45:00,SHORT,2024-09-04 09:42:00,246.59,247.2599,245.9201,245.5061,2024-09-04 10:58:00,247.2599,INITIAL_STOP,-1.184,0.0,True,False,True,2024-09,2024,9,Q3
SBER,2024-09-13 10:05:00,2024-09-13 10:25:00,SHORT,2024-09-13 10:30:00,255.55,257.1733,253.9267,252.9235,2024-09-13 10:31:00,252.9235,GRID_B_FULL_TP,1.23,1.309,True,False,True,2024-09,2024,9,Q3
SBER,2024-09-13 10:30:00,2024-09-13 11:10:00,SHORT,2024-09-13 11:31:00,251.22,260.2968,242.1432,236.5337,2024-09-16 04:48:00,260.2968,INITIAL_STOP,-1.014,0.0,True,False,True,2024-09,2024,9,Q3
SBER,2024-10-01 13:40:00,2024-10-01 14:15:00,SHORT,2024-10-01 14:22:00,266.3,266.8995,265.7006,265.3301,2024-10-01 14:36:00,266.8995,INITIAL_STOP,-1.222,0.0,True,False,True,2024-10,2024,10,Q4
SBER,2024-10-02 17:10:00,2024-10-02 18:05:00,SHORT,2024-10-02 19:24:00,259.785,260.6397,258.9303,258.4021,2024-10-03 04:01:00,259.6551,BE_STOP,0.348,0.5,True,False,True,2024-10,2024,10,Q4
SBER,2024-10-18 06:25:00,2024-10-18 06:55:00,SHORT,2024-10-18 07:00:00,256.605,258.3649,254.8451,253.7575,2024-10-18 08:10:00,258.3649,INITIAL_STOP,-1.073,0.0,True,False,True,2024-10,2024,10,Q4
SBER,2024-10-18 08:10:00,2024-10-18 08:45:00,SHORT,2024-10-18 09:15:00,257.54,259.2863,255.7937,254.7145,2024-10-18 09:30:00,257.4112,BE_STOP,0.426,0.5,True,False,True,2024-10,2024,10,Q4
SBER,2024-10-25 10:55:00,2024-10-25 11:10:00,SHORT,2024-10-25 11:16:00,252.92,255.7294,250.1106,248.3744,2024-10-25 13:29:00,248.3744,GRID_B_FULL_TP,1.264,1.309,True,False,True,2024-10,2024,10,Q4
SBER,2024-10-29 15:05:00,2024-10-29 15:15:00,SHORT,2024-10-29 16:25:00,243.45,244.8152,242.0848,241.2411,2024-10-30 04:00:00,241.2411,GRID_B_FULL_TP,1.22,1.309,True,False,True,2024-10,2024,10,Q4
SBER,2024-11-01 16:20:00,2024-11-01 16:50:00,SHORT,2024-11-01 16:55:00,238.31,239.3575,237.2625,236.6152,2024-11-01 17:35:00,238.1908,BE_STOP,0.386,0.5,True,False,True,2024-11,2024,11,Q4
SBER,2024-11-01 19:55:00,2024-11-01 20:10:00,SHORT,2024-11-01 20:32:00,237.815,238.2967,237.3333,237.0356,2024-11-02 04:01:00,238.2967,INITIAL_STOP,-1.247,0.0,False,False,True,2024-11,2024,11,Q4
SBER,2024-11-11 07:00:00,2024-11-11 07:35:00,LONG,2024-11-11 07:45:00,257.64,256.8235,258.4565,258.961,2024-11-11 08:12:00,258.961,GRID_B_FULL_TP,1.151,1.309,True,False,True,2024-11,2024,11,Q4
SBER,2024-11-11 07:15:00,2024-11-11 07:35:00,LONG,2024-11-11 07:45:00,257.64,256.1035,259.1765,260.126,2024-11-11 08:34:00,260.126,GRID_B_FULL_TP,1.225,1.309,True,False,True,2024-11,2024,11,Q4
SBER,2024-11-15 12:50:00,2024-11-15 13:50:00,SHORT,2024-11-15 14:02:00,252.29,252.9984,251.5816,251.1438,2024-11-15 14:16:00,252.9984,INITIAL_STOP,-1.178,0.0,True,False,True,2024-11,2024,11,Q4
SBER,2024-11-15 13:05:00,2024-11-15 13:50:00,SHORT,2024-11-15 14:02:00,252.29,253.3784,251.2016,250.5289,2024-11-15 14:23:00,253.3784,INITIAL_STOP,-1.116,0.0,True,False,True,2024-11,2024,11,Q4
SBER,2024-11-20 07:00:00,2024-11-20 07:35:00,SHORT,2024-11-20 09:15:00,241.73,242.6426,240.8174,240.2534,2024-11-20 10:10:00,240.2534,GRID_B_FULL_TP,1.177,1.309,True,False,True,2024-11,2024,11,Q4
SBER,2024-11-20 07:25:00,2024-11-20 07:35:00,SHORT,2024-11-20 09:15:00,241.73,243.0326,240.4274,239.6224,2024-11-20 10:13:00,241.6091,BE_STOP,0.407,0.5,True,False,True,2024-11,2024,11,Q4
SBER,2024-11-22 09:05:00,2024-11-22 09:20:00,LONG,2024-11-22 09:33:00,237.96,236.9531,238.9669,239.5892,2024-11-22 11:36:00,238.079,BE_STOP,0.382,0.5,True,False,True,2024-11,2024,11,Q4
SBER,2024-11-26 08:05:00,2024-11-26 08:55:00,SHORT,2024-11-26 09:04:00,230.805,231.4862,230.1238,229.7028,2024-11-26 09:20:00,229.7028,GRID_B_FULL_TP,1.14,1.309,True,False,True,2024-11,2024,11,Q4
SBER,2024-11-27 09:30:00,2024-11-27 10:15:00,SHORT,2024-11-27 10:38:00,223.92,226.2659,221.5741,220.1244,2024-11-27 12:58:00,220.1244,GRID_B_FULL_TP,1.261,1.309,True,False,True,2024-11,2024,11,Q4
SBER,2024-12-03 10:55:00,2024-12-03 11:35:00,SHORT,2024-12-03 11:42:00,233.825,234.5007,233.1493,232.7317,2024-12-03 12:31:00,232.7317,GRID_B_FULL_TP,1.136,1.309,True,False,True,2024-12,2024,12,Q4
SBER,2024-12-03 15:05:00,2024-12-03 15:45:00,SHORT,2024-12-03 16:10:00,231.805,232.5377,231.0723,230.6195,2024-12-03 16:31:00,230.6195,GRID_B_FULL_TP,1.151,1.309,True,False,True,2024-12,2024,12,Q4
SBER,2024-12-09 06:55:00,2024-12-09 07:20:00,LONG,2024-12-09 07:25:00,239.325,238.931,239.719,239.9625,2024-12-09 07:29:00,238.931,INITIAL_STOP,-1.304,0.0,True,False,True,2024-12,2024,12,Q4
SBER,2024-12-09 07:10:00,2024-12-09 07:20:00,LONG,2024-12-09 07:25:00,239.325,238.151,240.499,241.2245,2024-12-09 08:20:00,238.151,INITIAL_STOP,-1.102,0.0,True,False,True,2024-12,2024,12,Q4
SBER,2024-12-09 09:00:00,2024-12-09 09:50:00,LONG,2024-12-09 10:32:00,237.605,237.1736,238.0364,238.303,2024-12-09 10:59:00,237.1736,INITIAL_STOP,-1.275,0.0,True,False,True,2024-12,2024,12,Q4
SBER,2024-12-09 09:35:00,2024-12-09 09:50:00,LONG,2024-12-09 10:32:00,237.605,236.3936,238.8164,239.5651,2024-12-09 13:21:00,239.5651,GRID_B_FULL_TP,1.211,1.309,True,False,True,2024-12,2024,12,Q4
SBER,2024-12-09 13:45:00,2024-12-09 14:15:00,SHORT,2024-12-09 14:22:00,239.745,240.8696,238.6204,237.9254,2024-12-09 15:29:00,237.9254,GRID_B_FULL_TP,1.202,1.309,False,False,True,2024-12,2024,12,Q4
SBER,2024-12-11 07:20:00,2024-12-11 07:50:00,SHORT,2024-12-11 07:55:00,230.37,231.5856,229.1544,228.4032,2024-12-11 09:19:00,231.5856,INITIAL_STOP,-1.095,0.0,True,False,True,2024-12,2024,12,Q4
SBER,2024-12-16 13:10:00,2024-12-16 13:30:00,SHORT,2024-12-16 14:00:00,225.765,226.4886,225.0414,224.5941,2024-12-16 16:47:00,224.5941,GRID_B_FULL_TP,1.153,1.309,True,False,True,2024-12,2024,12,Q4
SBER,2024-12-28 10:15:00,2024-12-28 10:50:00,LONG,2024-12-28 10:56:00,272.62,271.9011,273.3389,273.7832,2024-12-28 11:17:00,271.9011,INITIAL_STOP,-1.19,0.0,True,False,True,2024-12,2024,12,Q4
SBER,2025-01-08 04:00:00,2025-01-08 04:45:00,LONG,2025-01-08 04:51:00,274.095,273.0489,275.1411,275.7877,2025-01-08 06:00:00,273.0489,INITIAL_STOP,-1.131,0.0,False,False,True,2025-01,2025,1,Q1
SBER,2025-01-20 17:10:00,2025-01-20 17:40:00,SHORT,2025-01-20 17:48:00,280.23,281.7203,278.7397,277.8186,2025-01-20 18:20:00,277.8186,GRID_B_FULL_TP,1.215,1.309,True,False,True,2025-01,2025,1,Q1
SBER,2025-01-22 07:25:00,2025-01-22 08:30:00,LONG,2025-01-22 08:35:00,281.07,280.2884,281.8516,282.3346,2025-01-22 09:45:00,282.3346,GRID_B_FULL_TP,1.129,1.309,True,False,True,2025-01,2025,1,Q1
SBER,2025-01-22 07:40:00,2025-01-22 08:30:00,LONG,2025-01-22 08:35:00,281.07,279.9284,282.2116,282.9171,2025-01-22 11:21:00,282.9171,GRID_B_FULL_TP,1.186,1.309,True,False,True,2025-01,2025,1,Q1
SBER,2025-01-24 05:40:00,2025-01-24 06:55:00,LONG,2025-01-24 07:00:00,280.9,279.7387,282.0613,282.7791,2025-01-24 07:06:00,279.7387,INITIAL_STOP,-1.121,0.0,False,False,True,2025-01,2025,1,Q1
SBER,2025-02-17 08:35:00,2025-02-17 09:10:00,LONG,2025-02-17 09:16:00,313.61,312.1496,315.0704,315.973,2025-02-17 10:22:00,315.973,GRID_B_FULL_TP,1.202,1.309,True,False,True,2025-02,2025,2,Q1
SBER,2025-02-18 05:00:00,2025-02-18 05:55:00,LONG,2025-02-18 06:53:00,317.33,316.024,318.636,319.4431,2025-02-18 07:01:00,316.024,INITIAL_STOP,-1.121,0.0,False,False,True,2025-02,2025,2,Q1
SBER,2025-02-18 07:00:00,2025-02-18 07:45:00,LONG,2025-02-18 07:53:00,316.545,314.8452,318.2448,319.2953,2025-02-18 08:23:00,314.8452,INITIAL_STOP,-1.093,0.0,True,False,True,2025-02,2025,2,Q1
SBER,2025-02-25 04:00:00,2025-02-25 04:55:00,SHORT,2025-02-25 05:00:00,316.41,316.9646,315.8554,315.5126,2025-02-25 05:45:00,316.9646,INITIAL_STOP,-1.285,0.0,False,False,True,2025-02,2025,2,Q1
SBER,2025-02-28 16:50:00,2025-02-28 18:00:00,SHORT,2025-02-28 18:13:00,309.685,310.2645,309.1055,308.7473,2025-02-28 18:17:00,310.2645,INITIAL_STOP,-1.267,0.0,True,False,True,2025-02,2025,2,Q1
SBER,2025-03-04 04:50:00,2025-03-04 05:05:00,SHORT,2025-03-04 05:16:00,308.335,309.1325,307.5375,307.0446,2025-03-04 05:37:00,309.1325,INITIAL_STOP,-1.193,0.0,False,False,True,2025-03,2025,3,Q1
SBER,2025-03-05 04:00:00,2025-03-05 04:15:00,LONG,2025-03-05 04:21:00,314.74,312.8379,316.6421,317.8176,2025-03-05 11:24:00,314.8974,BE_STOP,0.417,0.5,False,False,True,2025-03,2025,3,Q1
SBER,2025-03-05 17:40:00,2025-03-05 19:00:00,LONG,2025-03-05 19:12:00,316.36,315.1755,317.5445,318.2766,2025-03-05 19:18:00,315.1755,INITIAL_STOP,-1.134,0.0,True,False,True,2025-03,2025,3,Q1
SBER,2025-03-17 15:45:00,2025-03-17 16:10:00,LONG,2025-03-17 16:39:00,325.35,324.502,326.198,326.7221,2025-03-18 04:00:00,326.7221,GRID_B_FULL_TP,1.117,1.309,False,False,True,2025-03,2025,3,Q1
SBER,2025-03-25 16:25:00,2025-03-25 17:05:00,SHORT,2025-03-25 17:22:00,319.925,320.8599,318.9901,318.4124,2025-03-25 19:14:00,320.8599,INITIAL_STOP,-1.171,0.0,True,False,True,2025-03,2025,3,Q1
SBER,2025-03-25 19:10:00,2025-03-25 19:45:00,SHORT,2025-03-26 04:05:00,320.715,321.3611,320.0689,319.6697,2025-03-26 06:15:00,319.6697,GRID_B_FULL_TP,1.061,1.309,False,False,True,2025-03,2025,3,Q1
SBER,2025-03-26 20:15:00,2025-03-26 20:30:00,SHORT,2025-03-26 20:45:00,316.095,317.0841,315.1059,314.4946,2025-03-27 04:33:00,314.4946,GRID_B_FULL_TP,1.149,1.309,True,False,True,2025-03,2025,3,Q1
SBER,2025-03-28 23:00:00,2025-03-28 23:35:00,SHORT,2025-03-28 23:45:00,307.335,309.161,305.509,304.3805,2025-03-29 04:16:00,309.161,INITIAL_STOP,-1.084,0.0,True,False,True,2025-03,2025,3,Q1
SBER,2025-03-30 06:55:00,2025-03-30 07:05:00,SHORT,2025-03-30 07:16:00,303.08,303.6546,302.5054,302.1503,2025-03-30 07:20:00,303.6546,INITIAL_STOP,-1.264,0.0,False,False,True,2025-03,2025,3,Q1
SBER,2025-04-02 06:40:00,2025-04-02 07:25:00,LONG,2025-04-02 07:48:00,304.505,302.5532,306.4568,307.6629,2025-04-02 08:22:00,302.5532,INITIAL_STOP,-1.078,0.0,False,False,True,2025-04,2025,4,Q2
SBER,2025-04-07 14:15:00,2025-04-07 14:30:00,SHORT,2025-04-07 15:01:00,289.51,294.4343,284.5857,281.5425,2025-04-08 13:44:00,294.4343,INITIAL_STOP,-1.029,0.0,True,False,True,2025-04,2025,4,Q2
SBER,2025-04-21 13:45:00,2025-04-21 14:45:00,LONG,2025-04-21 15:05:00,307.24,306.1391,308.3409,309.0212,2025-04-21 18:00:00,307.3936,BE_STOP,0.36,0.5,True,False,True,2025-04,2025,4,Q2
SBER,2025-04-22 09:40:00,2025-04-22 10:05:00,LONG,2025-04-22 10:29:00,307.325,306.089,308.561,309.3248,2025-04-22 13:18:00,309.3248,GRID_B_FULL_TP,1.185,1.309,True,False,True,2025-04,2025,4,Q2
SBER,2025-04-23 05:15:00,2025-04-23 05:30:00,LONG,2025-04-23 05:50:00,312.14,310.5718,313.7082,314.6774,2025-04-23 06:00:00,310.5718,INITIAL_STOP,-1.1,0.0,False,False,True,2025-04,2025,4,Q2
SBER,2025-04-26 11:35:00,2025-04-26 11:55:00,LONG,2025-04-26 12:10:00,318.995,318.1215,319.8685,320.4083,2025-04-26 13:38:00,318.1215,INITIAL_STOP,-1.183,0.0,False,False,True,2025-04,2025,4,Q2
SBER,2025-04-26 13:35:00,2025-04-26 14:25:00,LONG,2025-04-26 14:54:00,317.955,317.1231,318.7869,319.3011,2025-04-26 16:19:00,318.114,BE_STOP,0.309,0.5,False,False,True,2025-04,2025,4,Q2
SBER,2025-04-26 23:00:00,2025-04-26 23:25:00,SHORT,2025-04-26 23:31:00,318.32,319.4475,317.1925,316.4957,2025-04-27 16:06:00,318.1608,BE_STOP,0.359,0.5,True,False,True,2025-04,2025,4,Q2
SBER,2025-05-03 06:00:00,2025-05-03 06:55:00,SHORT,2025-05-03 07:00:00,300.015,302.14,297.89,296.5767,2025-05-03 07:09:00,302.14,INITIAL_STOP,-1.071,0.0,True,False,True,2025-05,2025,5,Q2
SBER,2025-05-04 13:40:00,2025-05-04 14:10:00,LONG,2025-05-04 14:17:00,301.44,300.8178,302.0622,302.4467,2025-05-04 16:05:00,302.4467,GRID_B_FULL_TP,1.067,1.309,True,False,True,2025-05,2025,5,Q2
SBER,2025-05-05 04:25:00,2025-05-05 05:00:00,LONG,2025-05-05 06:05:00,300.585,300.1091,301.0609,301.355,2025-05-05 06:40:00,300.7353,BE_STOP,0.184,0.5,False,False,True,2025-05,2025,5,Q2
SBER,2025-05-09 19:00:00,2025-05-09 19:30:00,LONG,2025-05-09 20:47:00,303.95,302.7841,305.1159,305.8365,2025-05-10 08:56:00,302.7841,INITIAL_STOP,-1.13,0.0,True,False,True,2025-05,2025,5,Q2
SBER,2025-05-12 14:10:00,2025-05-12 14:25:00,LONG,2025-05-12 14:30:00,308.925,307.8466,310.0034,310.6698,2025-05-12 14:47:00,310.6698,GRID_B_FULL_TP,1.166,1.309,True,False,True,2025-05,2025,5,Q2
SBER,2025-05-19 16:45:00,2025-05-19 17:30:00,LONG,2025-05-19 18:31:00,309.31,305.876,312.744,314.8662,2025-05-20 15:25:00,305.876,INITIAL_STOP,-1.045,0.0,True,False,True,2025-05,2025,5,Q2
SBER,2025-05-24 23:00:00,2025-05-25 00:05:00,SHORT,2025-05-25 00:13:00,301.635,302.9525,300.3175,299.5034,2025-05-26 05:01:00,299.5034,GRID_B_FULL_TP,1.195,1.309,True,False,True,2025-05,2025,5,Q2
SBER,2025-06-02 09:20:00,2025-06-02 09:55:00,SHORT,2025-06-02 10:15:00,305.755,306.6586,304.8514,304.2929,2025-06-02 11:26:00,304.2929,GRID_B_FULL_TP,1.14,1.309,True,False,True,2025-06,2025,6,Q2
SBER,2025-06-03 10:20:00,2025-06-03 10:35:00,LONG,2025-06-03 11:59:00,313.915,312.6491,315.1809,315.9632,2025-06-03 13:07:00,312.6491,INITIAL_STOP,-1.124,0.0,True,False,True,2025-06,2025,6,Q2
SBER,2025-06-07 23:00:00,2025-06-07 23:10:00,SHORT,2025-06-07 23:17:00,314.305,316.4215,312.1885,310.8806,2025-06-09 08:25:00,310.8806,GRID_B_FULL_TP,1.235,1.309,True,False,True,2025-06,2025,6,Q2
SBER,2025-06-08 07:00:00,2025-06-08 07:10:00,SHORT,2025-06-08 07:36:00,314.58,315.3519,313.8081,313.3311,2025-06-08 15:11:00,314.4227,BE_STOP,0.296,0.5,True,False,True,2025-06,2025,6,Q2
SBER,2025-06-09 03:55:00,2025-06-09 04:05:00,SHORT,2025-06-09 04:17:00,314.44,315.1617,313.7183,313.2724,2025-06-09 04:19:00,315.1617,INITIAL_STOP,-1.218,0.0,False,False,True,2025-06,2025,6,Q2
SBER,2025-06-09 16:40:00,2025-06-09 16:55:00,SHORT,2025-06-09 17:03:00,311.285,312.1369,310.4331,309.9066,2025-06-10 04:01:00,311.1294,BE_STOP,0.317,0.5,True,False,True,2025-06,2025,6,Q2
SBER,2025-06-10 06:50:00,2025-06-10 07:15:00,SHORT,2025-06-10 07:21:00,312.685,313.759,311.611,310.9472,2025-06-10 07:43:00,310.9472,GRID_B_FULL_TP,1.163,1.309,True,False,True,2025-06,2025,6,Q2
SBER,2025-06-13 23:00:00,2025-06-13 23:15:00,SHORT,2025-06-14 01:39:00,310.535,312.8658,308.2042,306.7638,2025-06-14 16:05:00,312.8658,INITIAL_STOP,-1.067,0.0,True,False,True,2025-06,2025,6,Q2
SBER,2025-06-28 23:00:00,2025-06-29 00:15:00,LONG,2025-06-29 00:36:00,315.735,313.9964,317.4736,318.5481,2025-06-29 14:25:00,315.8929,BE_STOP,0.409,0.5,True,False,True,2025-06,2025,6,Q2
SBER,2025-06-30 06:00:00,2025-06-30 06:20:00,LONG,2025-06-30 07:37:00,316.255,315.2356,317.2744,317.9044,2025-06-30 08:38:00,315.2356,INITIAL_STOP,-1.155,0.0,True,False,True,2025-06,2025,6,Q2
SBER,2025-07-14 10:20:00,2025-07-14 10:40:00,SHORT,2025-07-14 10:46:00,309.645,310.4545,308.8355,308.3353,2025-07-14 12:00:00,309.4902,BE_STOP,0.309,0.5,True,False,True,2025-07,2025,7,Q3
SBER,2025-07-16 12:30:00,2025-07-16 13:00:00,LONG,2025-07-16 13:07:00,320.805,319.5688,322.0412,322.8052,2025-07-17 04:07:00,322.8052,GRID_B_FULL_TP,1.179,1.309,True,False,True,2025-07,2025,7,Q3
SBER,2025-07-19 16:05:00,2025-07-19 17:25:00,LONG,2025-07-19 17:32:00,312.485,310.9413,314.0287,314.9828,2025-07-21 06:07:00,312.6412,BE_STOP,0.399,0.5,True,False,True,2025-07,2025,7,Q3
SBER,2025-07-22 04:00:00,2025-07-22 04:10:00,SHORT,2025-07-22 04:21:00,310.575,311.4659,309.6841,309.1336,2025-07-22 05:08:00,310.4197,BE_STOP,0.326,0.5,False,False,True,2025-07,2025,7,Q3
SBER,2025-07-22 10:20:00,2025-07-22 10:40:00,SHORT,2025-07-22 10:45:00,310.89,311.8163,309.9637,309.3912,2025-07-22 18:14:00,310.7346,BE_STOP,0.332,0.5,True,False,True,2025-07,2025,7,Q3
SBER,2025-07-29 05:10:00,2025-07-29 05:25:00,SHORT,2025-07-29 05:39:00,305.285,305.9879,304.5821,304.1477,2025-07-29 07:04:00,305.1324,BE_STOP,0.283,0.5,False,False,True,2025-07,2025,7,Q3
SBER,2025-07-29 18:00:00,2025-07-29 19:05:00,LONG,2025-07-30 04:03:00,304.31,303.0435,305.5765,306.3591,2025-07-30 07:30:00,304.4622,BE_STOP,0.38,0.5,True,False,True,2025-07,2025,7,Q3
SBER,2025-08-09 03:05:00,2025-08-09 04:25:00,LONG,2025-08-09 05:01:00,323.63,320.2246,327.0354,329.14,2025-08-09 15:58:00,320.2246,INITIAL_STOP,-1.048,0.0,False,False,True,2025-08,2025,8,Q3
SBER,2025-08-11 04:00:00,2025-08-11 04:25:00,LONG,2025-08-11 05:49:00,321.515,317.6177,325.4123,327.8208,2025-08-11 13:04:00,317.6177,INITIAL_STOP,-1.041,0.0,False,False,True,2025-08,2025,8,Q3
SBER,2025-08-12 07:30:00,2025-08-12 08:15:00,SHORT,2025-08-12 08:22:00,317.85,319.2468,316.4532,315.59,2025-08-13 06:17:00,319.2468,INITIAL_STOP,-1.114,0.0,True,False,True,2025-08,2025,8,Q3
SBER,2025-08-17 03:05:00,2025-08-17 03:35:00,SHORT,2025-08-17 04:01:00,315.175,316.4728,313.8772,313.0752,2025-08-17 16:06:00,315.0174,BE_STOP,0.379,0.5,False,False,True,2025-08,2025,8,Q3
SBER,2025-08-22 06:05:00,2025-08-22 06:45:00,SHORT,2025-08-22 07:01:00,310.895,311.6163,310.1737,309.7279,2025-08-22 09:16:00,311.6163,INITIAL_STOP,-1.215,0.0,True,False,True,2025-08,2025,8,Q3
SBER,2025-08-22 06:20:00,2025-08-22 06:45:00,SHORT,2025-08-22 07:01:00,310.895,312.2663,309.5237,308.6762,2025-08-22 10:29:00,312.2663,INITIAL_STOP,-1.113,0.0,True,False,True,2025-08,2025,8,Q3
SBER,2025-08-25 15:05:00,2025-08-25 16:25:00,SHORT,2025-08-25 16:30:00,311.79,312.3177,311.2623,310.9362,2025-08-26 04:01:00,311.6341,BE_STOP,0.205,0.5,False,False,True,2025-08,2025,8,Q3
SBER,2025-09-22 03:55:00,2025-09-22 04:05:00,SHORT,2025-09-22 04:41:00,295.675,296.3035,295.0465,294.6581,2025-09-22 05:15:00,296.3035,INITIAL_STOP,-1.235,0.0,False,False,True,2025-09,2025,9,Q3
SBER,2025-09-22 05:10:00,2025-09-22 05:30:00,SHORT,2025-09-22 05:53:00,296.195,296.7343,295.6557,295.3224,2025-09-22 06:00:00,295.3224,GRID_B_FULL_TP,1.034,1.309,False,False,True,2025-09,2025,9,Q3
SBER,2025-09-22 05:15:00,2025-09-22 05:30:00,SHORT,2025-09-22 05:53:00,296.195,296.9443,295.4457,294.9826,2025-09-22 06:22:00,294.9826,GRID_B_FULL_TP,1.111,1.309,False,False,True,2025-09,2025,9,Q3
SBER,2025-09-22 11:50:00,2025-09-22 12:15:00,SHORT,2025-09-22 12:20:00,295.34,296.053,294.627,294.1863,2025-09-22 12:26:00,294.1863,GRID_B_FULL_TP,1.102,1.309,True,False,True,2025-09,2025,9,Q3
SBER,2025-09-26 04:00:00,2025-09-26 04:40:00,SHORT,2025-09-26 05:16:00,290.055,290.8051,289.3049,288.8414,2025-09-26 06:11:00,290.8051,INITIAL_STOP,-1.193,0.0,False,False,True,2025-09,2025,9,Q3
SBER,2025-09-27 06:55:00,2025-09-27 07:05:00,LONG,2025-09-27 07:39:00,291.335,290.593,292.077,292.5356,2025-09-27 23:00:00,290.593,INITIAL_STOP,-1.196,0.0,True,False,True,2025-09,2025,9,Q3
SBER,2025-09-30 05:55:00,2025-09-30 06:15:00,SHORT,2025-09-30 06:22:00,288.205,289.1623,287.2477,286.6561,2025-09-30 06:50:00,288.0609,BE_STOP,0.349,0.5,False,False,True,2025-09,2025,9,Q3
SBER,2025-10-03 18:15:00,2025-10-03 18:45:00,SHORT,2025-10-03 19:55:00,283.24,283.9149,282.5651,282.1481,2025-10-03 23:00:00,283.9149,INITIAL_STOP,-1.21,0.0,True,False,True,2025-10,2025,10,Q4
SBER,2025-10-07 04:00:00,2025-10-07 04:10:00,LONG,2025-10-07 04:20:00,290.275,288.7146,291.8354,292.7997,2025-10-07 07:45:00,292.7997,GRID_B_FULL_TP,1.216,1.309,False,False,True,2025-10,2025,10,Q4
SBER,2025-10-11 07:50:00,2025-10-11 08:00:00,SHORT,2025-10-11 08:26:00,284.715,285.7371,283.6929,283.0613,2025-10-11 19:54:00,285.7371,INITIAL_STOP,-1.139,0.0,True,False,True,2025-10,2025,10,Q4
SBER,2025-10-12 06:35:00,2025-10-12 07:10:00,LONG,2025-10-12 08:16:00,285.435,284.5918,286.2782,286.7992,2025-10-12 09:53:00,286.7992,GRID_B_FULL_TP,1.14,1.309,True,False,True,2025-10,2025,10,Q4
SBER,2025-10-13 06:00:00,2025-10-13 06:25:00,LONG,2025-10-13 07:45:00,286.815,285.8998,287.7302,288.2958,2025-10-13 07:46:00,285.8998,INITIAL_STOP,-1.157,0.0,True,False,True,2025-10,2025,10,Q4
SBER,2025-10-17 13:35:00,2025-10-17 13:50:00,LONG,2025-10-17 14:02:00,301.41,300.1179,302.7021,303.5006,2025-10-17 14:34:00,300.1179,INITIAL_STOP,-1.117,0.0,False,False,True,2025-10,2025,10,Q4
SBER,2025-10-20 04:05:00,2025-10-20 04:35:00,LONG,2025-10-20 05:49:00,303.62,302.8646,304.3754,304.8423,2025-10-20 07:02:00,302.8646,INITIAL_STOP,-1.201,0.0,False,False,True,2025-10,2025,10,Q4
SBER,2025-10-24 03:55:00,2025-10-24 04:05:00,SHORT,2025-10-24 04:51:00,292.08,292.6081,291.5519,291.2255,2025-10-24 04:52:00,292.6081,INITIAL_STOP,-1.277,0.0,False,False,True,2025-10,2025,10,Q4
SBER,2025-10-24 10:30:00,2025-10-24 10:45:00,SHORT,2025-10-24 12:16:00,289.23,295.3638,283.0962,279.3054,2025-10-26 20:21:00,287.1,TIMEOUT,0.324,0.0,True,False,True,2025-10,2025,10,Q4
SBER,2025-10-28 10:50:00,2025-10-28 11:05:00,LONG,2025-10-28 12:54:00,288.215,287.5277,288.9023,289.3271,2025-10-28 13:22:00,287.5277,INITIAL_STOP,-1.21,0.0,True,False,True,2025-10,2025,10,Q4
SBER,2025-10-28 20:30:00,2025-10-29 03:55:00,LONG,2025-10-29 04:00:00,289.855,288.2352,291.4748,292.4758,2025-10-29 06:30:00,288.2352,INITIAL_STOP,-1.089,0.0,True,False,True,2025-10,2025,10,Q4
SBER,2025-11-10 04:00:00,2025-11-10 04:35:00,LONG,2025-11-10 04:49:00,298.825,296.9118,300.7382,301.9206,2025-11-10 07:21:00,301.9206,GRID_B_FULL_TP,1.231,1.309,False,False,True,2025-11,2025,11,Q4
SBER,2025-11-10 13:25:00,2025-11-10 13:50:00,LONG,2025-11-10 14:03:00,300.64,299.769,301.511,302.0492,2025-11-10 14:36:00,299.769,INITIAL_STOP,-1.173,0.0,True,False,True,2025-11,2025,11,Q4
SBER,2025-11-11 09:00:00,2025-11-11 09:15:00,LONG,2025-11-11 10:12:00,299.015,297.6115,300.4185,301.2859,2025-11-11 11:48:00,301.2859,GRID_B_FULL_TP,1.202,1.309,True,False,True,2025-11,2025,11,Q4
SBER,2025-11-18 20:30:00,2025-11-19 03:55:00,LONG,2025-11-19 04:00:00,299.875,299.0702,300.6798,301.1772,2025-11-19 04:12:00,301.1772,GRID_B_FULL_TP,1.123,1.309,True,False,True,2025-11,2025,11,Q4
SBER,2025-11-18 20:40:00,2025-11-19 03:55:00,LONG,2025-11-19 04:00:00,299.875,298.2502,301.4998,302.5039,2025-11-19 08:36:00,300.0249,BE_STOP,0.408,0.5,True,False,True,2025-11,2025,11,Q4
SBER,2025-11-21 13:30:00,2025-11-21 14:10:00,LONG,2025-11-21 14:41:00,304.78,303.7628,305.7972,306.4258,2025-11-21 14:52:00,306.4258,GRID_B_FULL_TP,1.159,1.309,True,False,True,2025-11,2025,11,Q4
SBER,2025-11-22 17:30:00,2025-11-22 18:25:00,LONG,2025-11-22 18:31:00,308.735,308.1369,309.3331,309.7027,2025-11-22 23:00:00,309.7027,GRID_B_FULL_TP,1.051,1.309,False,False,True,2025-11,2025,11,Q4
SBER,2025-12-13 23:00:00,2025-12-13 23:50:00,SHORT,2025-12-13 23:55:00,305.21,305.7378,304.6822,304.356,2025-12-14 08:24:00,304.356,GRID_B_FULL_TP,1.02,1.309,True,False,True,2025-12,2025,12,Q4
SBER,2025-12-15 05:35:00,2025-12-15 06:05:00,SHORT,2025-12-15 06:14:00,305.26,305.8979,304.6221,304.2279,2025-12-15 07:06:00,304.2279,GRID_B_FULL_TP,1.07,1.309,False,False,True,2025-12,2025,12,Q4
SBER,2025-12-15 05:40:00,2025-12-15 06:05:00,SHORT,2025-12-15 06:14:00,305.26,305.9479,304.5721,304.147,2025-12-15 07:06:00,304.147,GRID_B_FULL_TP,1.087,1.309,False,False,True,2025-12,2025,12,Q4
SBER,2025-12-24 06:15:00,2025-12-24 07:30:00,LONG,2025-12-24 07:40:00,300.365,299.6595,301.0705,301.5066,2025-12-24 08:13:00,299.6595,INITIAL_STOP,-1.213,0.0,True,False,True,2025-12,2025,12,Q4
SBER,2026-01-20 09:00:00,2026-01-20 09:20:00,LONG,2026-01-20 09:25:00,302.835,302.0157,303.6543,304.1606,2026-01-20 14:20:00,304.1606,GRID_B_FULL_TP,1.124,1.309,True,False,True,2026-01,2026,1,Q1
SBER,2026-01-28 07:10:00,2026-01-28 07:25:00,LONG,2026-01-28 08:16:00,304.975,304.1825,305.7675,306.2572,2026-01-28 10:40:00,304.1825,INITIAL_STOP,-1.192,0.0,True,False,True,2026-01,2026,1,Q1
SBER,2026-02-09 03:55:00,2026-02-09 04:05:00,SHORT,2026-02-09 04:32:00,301.88,302.5828,301.1772,300.7428,2026-02-09 07:05:00,300.7428,GRID_B_FULL_TP,1.094,1.309,False,False,True,2026-02,2026,2,Q1
SBER,2026-02-09 08:05:00,2026-02-09 08:25:00,SHORT,2026-02-09 08:35:00,302.105,302.6532,301.5568,301.2181,2026-02-09 09:25:00,301.9539,BE_STOP,0.224,0.5,True,False,True,2026-02,2026,2,Q1
SBER,2026-02-09 08:10:00,2026-02-09 08:25:00,SHORT,2026-02-09 08:35:00,302.105,303.1632,301.0468,300.3929,2026-02-09 12:33:00,301.9539,BE_STOP,0.357,0.5,True,False,True,2026-02,2026,2,Q1
SBER,2026-02-27 03:55:00,2026-02-27 04:05:00,SHORT,2026-02-27 04:40:00,315.9,316.4739,315.3261,314.9715,2026-02-27 05:00:00,314.9715,GRID_B_FULL_TP,1.034,1.309,False,False,True,2026-02,2026,2,Q1
SBER,2026-03-14 23:00:00,2026-03-15 00:20:00,LONG,2026-03-15 00:26:00,317.61,316.6036,318.6164,319.2384,2026-03-16 09:16:00,317.7688,BE_STOP,0.342,0.5,True,False,True,2026-03,2026,3,Q1
SBER,2026-03-17 08:10:00,2026-03-17 08:20:00,SHORT,2026-03-17 08:39:00,316.795,317.7452,315.8448,315.2576,2026-03-17 09:11:00,316.6366,BE_STOP,0.333,0.5,True,False,True,2026-03,2026,3,Q1
SBER,2026-03-24 14:20:00,2026-03-24 14:45:00,SHORT,2026-03-24 14:52:00,317.4,318.3761,316.4239,315.8207,2026-03-25 05:13:00,318.3761,INITIAL_STOP,-1.163,0.0,True,False,True,2026-03,2026,3,Q1
SBER,2026-03-27 06:40:00,2026-03-27 07:30:00,SHORT,2026-03-27 07:59:00,316.225,316.8043,315.6457,315.2876,2026-03-27 08:14:00,315.2876,GRID_B_FULL_TP,1.036,1.309,True,False,True,2026-03,2026,3,Q1
SBER,2026-03-27 07:20:00,2026-03-27 07:30:00,SHORT,2026-03-27 07:59:00,316.225,317.1643,315.2857,314.7052,2026-03-27 08:35:00,314.7052,GRID_B_FULL_TP,1.141,1.309,True,False,True,2026-03,2026,3,Q1
SBER,2026-04-08 14:30:00,2026-04-08 15:00:00,LONG,2026-04-08 15:40:00,319.445,318.7308,320.1592,320.6005,2026-04-09 06:09:00,319.6047,BE_STOP,0.276,0.5,False,False,True,2026-04,2026,4,Q2
SBER,2026-04-22 20:45:00,2026-04-23 04:05:00,LONG,2026-04-23 04:44:00,326.775,325.8598,327.6902,328.2557,2026-04-23 06:49:00,325.8598,INITIAL_STOP,-1.179,0.0,True,False,True,2026-04,2026,4,Q2
SBER,2026-04-29 05:40:00,2026-04-29 06:05:00,SHORT,2026-04-29 06:14:00,320.785,321.7212,319.8488,319.2703,2026-04-29 07:00:00,321.7212,INITIAL_STOP,-1.171,0.0,False,False,True,2026-04,2026,4,Q2
SBER,2026-04-29 07:20:00,2026-04-29 07:35:00,LONG,2026-04-29 07:42:00,320.185,318.9297,321.4403,322.216,2026-04-29 10:42:00,320.3451,BE_STOP,0.372,0.5,True,False,True,2026-04,2026,4,Q2
SBER,2026-04-29 07:25:00,2026-04-29 07:35:00,LONG,2026-04-29 07:42:00,320.185,318.5197,321.8503,322.8794,2026-04-29 13:50:00,318.5197,INITIAL_STOP,-1.096,0.0,True,False,True,2026-04,2026,4,Q2
SBER,2026-05-04 15:50:00,2026-05-04 16:40:00,SHORT,2026-05-04 16:47:00,319.91,320.9599,318.8601,318.2113,2026-05-04 18:49:00,320.9599,INITIAL_STOP,-1.152,0.0,True,False,True,2026-05,2026,5,Q2
SBER,2026-05-26 09:35:00,2026-05-26 09:50:00,SHORT,2026-05-26 11:02:00,320.835,321.7013,319.9687,319.4334,2026-05-26 16:19:00,319.4334,GRID_B_FULL_TP,1.124,1.309,True,False,True,2026-05,2026,5,Q2
SBER,2026-05-27 07:10:00,2026-05-27 07:45:00,SHORT,2026-05-27 07:54:00,320.67,322.381,318.959,317.9016,2026-05-27 11:25:00,322.381,INITIAL_STOP,-1.094,0.0,True,False,True,2026-05,2026,5,Q2
SBER,2026-06-02 07:10:00,2026-06-02 07:40:00,LONG,2026-06-02 09:00:00,322.995,321.6855,324.3045,325.1138,2026-06-02 12:46:00,325.1138,GRID_B_FULL_TP,1.186,1.309,True,False,True,2026-06,2026,6,Q2
SBER,2026-06-03 08:25:00,2026-06-03 08:50:00,LONG,2026-06-03 09:00:00,325.22,324.5122,325.9278,326.3653,2026-06-03 10:57:00,326.3653,GRID_B_FULL_TP,1.079,1.309,True,False,True,2026-06,2026,6,Q2
SBER,2026-06-16 06:00:00,2026-06-16 07:10:00,LONG,2026-06-16 07:34:00,323.82,323.2143,324.4257,324.8001,2026-06-16 09:12:00,323.9819,BE_STOP,0.233,0.5,True,False,True,2026-06,2026,6,Q2
SBER,2026-06-26 04:00:00,2026-06-26 04:20:00,SHORT,2026-06-26 05:02:00,296.185,297.3243,295.0457,294.3416,2026-06-26 05:42:00,294.3416,GRID_B_FULL_TP,1.179,1.309,False,False,True,2026-06,2026,6,Q2
SBER,2026-07-01 08:00:00,2026-07-01 08:45:00,LONG,2026-07-01 09:10:00,307.665,306.5385,308.7915,309.4877,2026-07-01 09:17:00,309.4877,GRID_B_FULL_TP,1.172,1.309,True,False,True,2026-07,2026,7,Q3
SBER,2026-07-07 13:20:00,2026-07-07 14:00:00,SHORT,2026-07-07 14:12:00,295.08,297.2626,292.8974,291.5485,2026-07-07 15:04:00,297.2626,INITIAL_STOP,-1.068,0.0,False,False,True,2026-07,2026,7,Q3
SBER,2026-07-17 11:00:00,2026-07-17 11:25:00,SHORT,2026-07-17 11:45:00,280.66,282.621,278.699,277.4871,2026-07-17 15:20:00,277.4871,GRID_B_FULL_TP,1.237,1.309,True,False,True,2026-07,2026,7,Q3
SBER,2026-07-22 04:00:00,2026-07-22 04:15:00,LONG,2026-07-22 04:20:00,261.97,260.607,263.333,264.1753,2026-07-22 06:02:00,260.607,INITIAL_STOP,-1.096,0.0,False,False,True,2026-07,2026,7,Q3
SBER,2026-08-05 08:40:00,2026-08-05 09:05:00,LONG,2026-08-05 09:19:00,285.25,284.3421,286.1579,286.7189,2026-08-05 15:15:00,286.7189,GRID_B_FULL_TP,1.152,1.309,False,False,True,2026-08,2026,8,Q3
SBER,2026-08-14 05:15:00,2026-08-14 05:45:00,SHORT,2026-08-14 06:43:00,278.495,279.5377,277.4523,276.8078,2026-08-14 07:18:00,279.5377,INITIAL_STOP,-1.134,0.0,False,False,True,2026-08,2026,8,Q3
SBER,2026-08-17 13:20:00,2026-08-17 13:45:00,SHORT,2026-08-17 14:06:00,272.13,273.1182,271.1418,270.5311,2026-08-17 14:27:00,270.5311,GRID_B_FULL_TP,1.171,1.309,False,False,True,2026-08,2026,8,Q3
SBER,2026-08-18 07:10:00,2026-08-18 07:30:00,SHORT,2026-08-18 08:19:00,272.2,273.2083,271.1917,270.5686,2026-08-18 08:42:00,273.2083,INITIAL_STOP,-1.135,0.0,True,False,True,2026-08,2026,8,Q3
SBER,2026-08-21 03:55:00,2026-08-21 04:05:00,SHORT,2026-08-21 04:15:00,271.07,271.8866,270.2534,269.7487,2026-08-21 07:08:00,271.8866,INITIAL_STOP,-1.166,0.0,False,False,True,2026-08,2026,8,Q3
SBER,2026-08-21 07:05:00,2026-08-21 07:20:00,SHORT,2026-08-21 08:39:00,271.27,272.4069,270.1331,269.4305,2026-08-21 08:41:00,272.4069,INITIAL_STOP,-1.119,0.0,True,False,True,2026-08,2026,8,Q3
SBER,2026-08-24 15:00:00,2026-08-24 15:10:00,SHORT,2026-08-24 15:18:00,269.49,270.7542,268.2258,267.4445,2026-08-25 04:00:00,270.7542,INITIAL_STOP,-1.107,0.0,False,False,True,2026-08,2026,8,Q3
SBER,2026-08-25 07:40:00,2026-08-25 07:55:00,LONG,2026-08-25 08:10:00,269.12,268.2463,269.9937,270.5336,2026-08-25 08:22:00,268.2463,INITIAL_STOP,-1.154,0.0,True,False,True,2026-08,2026,8,Q3
SBER,2026-09-01 04:30:00,2026-09-01 05:20:00,LONG,2026-09-01 07:04:00,274.635,273.588,275.682,276.329,2026-09-01 07:23:00,276.329,GRID_B_FULL_TP,1.178,1.309,False,False,True,2026-09,2026,9,Q3
SBER,2026-09-06 20:30:00,2026-09-07 03:55:00,SHORT,2026-09-07 04:00:00,277.675,279.1765,276.1735,275.2456,2026-09-07 07:27:00,279.1765,INITIAL_STOP,-1.092,0.0,True,False,True,2026-09,2026,9,Q3
SBER,2026-09-07 05:45:00,2026-09-07 06:15:00,SHORT,2026-09-07 06:22:00,278.47,279.4077,277.5323,276.9528,2026-09-07 09:17:00,279.4077,INITIAL_STOP,-1.148,0.0,False,False,True,2026-09,2026,9,Q3
SBER,2026-09-07 14:50:00,2026-09-07 15:15:00,SHORT,2026-09-07 15:42:00,280.155,280.7702,279.5398,279.1596,2026-09-08 04:32:00,279.1596,GRID_B_FULL_TP,1.081,1.309,True,False,True,2026-09,2026,9,Q3
SBER,2026-09-11 04:00:00,2026-09-11 04:55:00,LONG,2026-09-11 05:01:00,284.05,282.5739,285.5261,286.4383,2026-09-11 07:08:00,282.5739,INITIAL_STOP,-1.096,0.0,False,False,True,2026-09,2026,9,Q3
GAZP,2024-06-18 07:00:00,2024-06-18 08:05:00,SHORT,2024-06-18 08:25:00,120.96,122.1614,119.7586,119.0161,2024-06-18 13:01:00,119.0161,GRID_B_FULL_TP,1.259,1.309,False,False,True,2024-06,2024,6,Q2
GAZP,2024-06-18 07:05:00,2024-06-18 08:05:00,SHORT,2024-06-18 08:25:00,120.96,122.2214,119.6986,118.919,2024-06-18 13:02:00,118.919,GRID_B_FULL_TP,1.261,1.309,False,False,True,2024-06,2024,6,Q2
GAZP,2024-06-19 08:30:00,2024-06-19 08:50:00,SHORT,2024-06-19 09:04:00,118.13,118.6772,117.5828,117.2446,2024-06-19 09:23:00,117.2446,GRID_B_FULL_TP,1.201,1.309,False,False,True,2024-06,2024,6,Q2
GAZP,2024-07-02 07:00:00,2024-07-02 07:20:00,LONG,2024-07-02 07:26:00,121.905,120.5771,123.2329,124.0535,2024-07-02 11:44:00,124.0535,GRID_B_FULL_TP,1.263,1.309,False,False,True,2024-07,2024,7,Q3
GAZP,2024-07-02 17:35:00,2024-07-02 17:55:00,LONG,2024-07-02 18:55:00,126.01,125.571,126.449,126.7203,2024-07-03 07:00:00,126.073,BE_STOP,0.356,0.5,False,False,True,2024-07,2024,7,Q3
GAZP,2024-07-03 07:10:00,2024-07-03 07:45:00,LONG,2024-07-03 08:02:00,125.57,125.1216,126.0184,126.2954,2024-07-03 08:16:00,125.1216,INITIAL_STOP,-1.14,0.0,False,False,True,2024-07,2024,7,Q3
GAZP,2024-07-05 07:45:00,2024-07-05 08:05:00,SHORT,2024-07-05 08:43:00,123.13,123.4047,122.8553,122.6855,2024-07-05 08:48:00,123.4047,INITIAL_STOP,-1.224,0.0,False,False,True,2024-07,2024,7,Q3
GAZP,2024-07-05 07:50:00,2024-07-05 08:05:00,SHORT,2024-07-05 08:43:00,123.13,123.8547,122.4053,121.9574,2024-07-05 08:59:00,123.8547,INITIAL_STOP,-1.085,0.0,False,False,True,2024-07,2024,7,Q3
GAZP,2024-07-22 13:30:00,2024-07-22 13:55:00,LONG,2024-07-22 14:19:00,130.8,130.3038,131.2962,131.6029,2024-07-22 15:04:00,131.6029,GRID_B_FULL_TP,1.177,1.309,False,False,True,2024-07,2024,7,Q3
GAZP,2024-07-29 06:55:00,2024-07-29 07:10:00,SHORT,2024-07-29 07:17:00,133.995,134.691,133.299,132.8689,2024-07-29 08:30:00,132.8689,GRID_B_FULL_TP,1.213,1.309,False,False,True,2024-07,2024,7,Q3
GAZP,2024-07-30 07:35:00,2024-07-30 08:35:00,SHORT,2024-07-30 09:05:00,132.08,132.5881,131.5719,131.2579,2024-07-30 09:36:00,132.5881,INITIAL_STOP,-1.13,0.0,False,False,True,2024-07,2024,7,Q3
GAZP,2024-08-11 04:00:00,2024-08-11 04:55:00,SHORT,2024-08-11 05:01:00,128.19,129.0523,127.3277,126.7948,2024-08-12 10:37:00,128.1259,BE_STOP,0.426,0.5,False,False,True,2024-08,2024,8,Q3
GAZP,2024-08-16 13:10:00,2024-08-16 13:50:00,SHORT,2024-08-16 14:30:00,128.1,128.3521,127.8478,127.692,2024-08-16 14:54:00,127.692,GRID_B_FULL_TP,1.055,1.309,True,False,True,2024-08,2024,8,Q3
GAZP,2024-08-16 20:45:00,2024-08-17 04:05:00,SHORT,2024-08-17 04:26:00,126.3,127.2394,125.3606,124.78,2024-08-19 06:07:00,127.2394,INITIAL_STOP,-1.067,0.0,True,False,True,2024-08,2024,8,Q3
GAZP,2024-08-24 04:00:00,2024-08-24 04:15:00,SHORT,2024-08-24 04:29:00,117.39,119.0561,115.7239,114.6943,2024-08-25 04:00:00,119.0561,INITIAL_STOP,-1.035,0.0,False,False,True,2024-08,2024,8,Q3
GAZP,2024-08-26 04:00:00,2024-08-26 05:05:00,LONG,2024-08-26 06:13:00,119.615,118.1406,121.0894,122.0006,2024-08-26 07:58:00,122.0006,GRID_B_FULL_TP,1.268,1.309,False,False,True,2024-08,2024,8,Q3
GAZP,2024-08-27 07:00:00,2024-08-27 07:20:00,LONG,2024-08-27 08:01:00,126.205,125.9207,126.4893,126.665,2024-08-27 08:15:00,125.9207,INITIAL_STOP,-1.222,0.0,True,False,True,2024-08,2024,8,Q3
GAZP,2024-08-27 09:05:00,2024-08-27 09:50:00,LONG,2024-08-27 10:45:00,125.805,124.8713,126.7387,127.3157,2024-08-27 12:27:00,124.8713,INITIAL_STOP,-1.067,0.0,True,False,True,2024-08,2024,8,Q3
GAZP,2024-08-27 15:10:00,2024-08-27 16:35:00,LONG,2024-08-27 16:51:00,122.975,122.4155,123.5345,123.8802,2024-08-27 19:32:00,123.8802,GRID_B_FULL_TP,1.199,1.309,True,False,True,2024-08,2024,8,Q3
GAZP,2024-09-02 07:00:00,2024-09-02 07:50:00,SHORT,2024-09-02 07:55:00,123.005,123.9245,122.0855,121.5172,2024-09-02 09:24:00,122.9435,BE_STOP,0.433,0.5,True,False,True,2024-09,2024,9,Q3
GAZP,2024-09-02 17:20:00,2024-09-02 17:35:00,LONG,2024-09-02 17:42:00,122.155,121.4168,122.8932,123.3495,2024-09-02 20:01:00,122.2161,BE_STOP,0.417,0.5,True,False,True,2024-09,2024,9,Q3
GAZP,2024-09-03 12:10:00,2024-09-03 13:05:00,LONG,2024-09-03 13:34:00,122.57,121.4361,123.7039,124.4046,2024-09-03 14:16:00,121.4361,INITIAL_STOP,-1.054,0.0,True,False,True,2024-09,2024,9,Q3
GAZP,2024-09-10 07:05:00,2024-09-10 07:20:00,LONG,2024-09-10 07:46:00,124.955,124.3326,125.5774,125.9621,2024-09-10 08:49:00,124.3326,INITIAL_STOP,-1.1,0.0,True,False,True,2024-09,2024,9,Q3
GAZP,2024-09-17 07:10:00,2024-09-17 07:25:00,LONG,2024-09-17 07:31:00,121.185,119.9882,122.3818,123.1214,2024-09-17 14:59:00,123.1214,GRID_B_FULL_TP,1.258,1.309,True,False,True,2024-09,2024,9,Q3
GAZP,2024-09-18 08:15:00,2024-09-18 08:35:00,LONG,2024-09-18 08:40:00,122.445,121.7163,123.1737,123.624,2024-09-18 10:28:00,122.5062,BE_STOP,0.416,0.5,True,False,True,2024-09,2024,9,Q3
GAZP,2024-09-30 07:00:00,2024-09-30 07:30:00,LONG,2024-09-30 09:17:00,140.905,139.2986,142.5114,143.5041,2024-09-30 09:18:00,139.2986,INITIAL_STOP,-1.044,0.0,True,False,True,2024-09,2024,9,Q3
GAZP,2024-09-30 09:15:00,2024-09-30 10:10:00,LONG,2024-09-30 10:21:00,138.5,136.9922,140.0078,140.9395,2024-09-30 11:06:00,138.5693,BE_STOP,0.454,0.5,True,False,True,2024-09,2024,9,Q3
GAZP,2024-10-07 18:50:00,2024-10-07 19:50:00,SHORT,2024-10-07 19:57:00,133.085,133.3396,132.8304,132.673,2024-10-07 20:40:00,133.3396,INITIAL_STOP,-1.261,0.0,True,False,True,2024-10,2024,10,Q4
GAZP,2024-10-11 04:00:00,2024-10-11 04:35:00,SHORT,2024-10-11 04:47:00,132.84,133.8793,131.8007,131.1585,2024-10-11 16:54:00,132.7736,BE_STOP,0.436,0.5,False,False,True,2024-10,2024,10,Q4
GAZP,2024-10-14 04:00:00,2024-10-14 04:20:00,SHORT,2024-10-14 04:29:00,131.31,132.327,130.293,129.6646,2024-10-14 10:26:00,132.327,INITIAL_STOP,-1.065,0.0,False,False,True,2024-10,2024,10,Q4
GAZP,2024-10-14 09:45:00,2024-10-14 10:00:00,SHORT,2024-10-14 10:08:00,131.29,131.9569,130.6231,130.2109,2024-10-14 10:25:00,131.9569,INITIAL_STOP,-1.098,0.0,False,False,True,2024-10,2024,10,Q4
GAZP,2024-10-15 04:00:00,2024-10-15 04:35:00,LONG,2024-10-15 04:53:00,132.04,131.2719,132.8081,133.2827,2024-10-15 11:45:00,133.2827,GRID_B_FULL_TP,1.223,1.309,False,False,True,2024-10,2024,10,Q4
GAZP,2024-10-15 07:00:00,2024-10-15 07:35:00,LONG,2024-10-15 07:56:00,132.135,131.2318,133.0382,133.5964,2024-10-15 12:08:00,133.5964,GRID_B_FULL_TP,1.236,1.309,True,False,True,2024-10,2024,10,Q4
GAZP,2024-10-21 14:25:00,2024-10-21 15:05:00,SHORT,2024-10-21 16:29:00,135.945,136.6939,135.1961,134.7333,2024-10-22 09:16:00,136.6939,INITIAL_STOP,-1.091,0.0,True,False,True,2024-10,2024,10,Q4
GAZP,2024-10-25 10:55:00,2024-10-25 11:30:00,SHORT,2024-10-25 12:05:00,135.13,136.7027,133.5573,132.5854,2024-10-25 13:58:00,132.5854,GRID_B_FULL_TP,1.266,1.309,True,False,True,2024-10,2024,10,Q4
GAZP,2024-10-28 07:05:00,2024-10-28 07:20:00,SHORT,2024-10-28 07:40:00,131.585,132.3274,130.8426,130.3838,2024-10-28 10:16:00,130.3838,GRID_B_FULL_TP,1.22,1.309,False,False,True,2024-10,2024,10,Q4
GAZP,2024-11-01 07:00:00,2024-11-01 07:20:00,SHORT,2024-11-01 07:25:00,123.8,124.1857,123.4143,123.1759,2024-11-01 07:30:00,124.1857,INITIAL_STOP,-1.16,0.0,False,False,True,2024-11,2024,11,Q4
GAZP,2024-11-03 04:00:00,2024-11-03 04:10:00,LONG,2024-11-03 04:31:00,128.79,128.1168,129.4632,129.8792,2024-11-05 04:13:00,128.8544,BE_STOP,0.404,0.5,False,False,True,2024-11,2024,11,Q4
GAZP,2024-11-05 07:10:00,2024-11-05 07:35:00,SHORT,2024-11-05 07:44:00,128.53,129.5628,127.4972,126.8589,2024-11-05 09:39:00,128.4657,BE_STOP,0.438,0.5,False,False,True,2024-11,2024,11,Q4
GAZP,2024-11-08 10:15:00,2024-11-08 10:40:00,LONG,2024-11-08 10:46:00,134.265,133.4386,135.0914,135.6021,2024-11-08 15:11:00,135.6021,GRID_B_FULL_TP,1.228,1.309,True,False,True,2024-11,2024,11,Q4
GAZP,2024-11-10 04:00:00,2024-11-10 05:10:00,LONG,2024-11-10 05:38:00,136.25,135.8956,136.6044,136.8234,2024-11-10 09:48:00,136.3181,BE_STOP,0.308,0.5,False,False,True,2024-11,2024,11,Q4
GAZP,2024-11-18 11:50:00,2024-11-18 12:15:00,SHORT,2024-11-18 13:31:00,129.865,130.1348,129.5952,129.4285,2024-11-18 13:53:00,130.1348,INITIAL_STOP,-1.241,0.0,False,False,True,2024-11,2024,11,Q4
GAZP,2024-11-27 09:25:00,2024-11-27 10:15:00,SHORT,2024-11-27 10:38:00,115.415,115.8231,115.0069,114.7547,2024-11-27 11:05:00,114.7547,GRID_B_FULL_TP,1.168,1.309,True,False,True,2024-11,2024,11,Q4
GAZP,2024-11-27 09:30:00,2024-11-27 10:15:00,SHORT,2024-11-27 10:38:00,115.415,116.0731,114.7569,114.3502,2024-11-27 11:26:00,115.3573,BE_STOP,0.412,0.5,True,False,True,2024-11,2024,11,Q4
GAZP,2024-11-27 15:20:00,2024-11-27 15:35:00,SHORT,2024-11-27 16:22:00,118.87,119.9883,117.7517,117.0606,2024-11-28 04:01:00,119.9883,INITIAL_STOP,-1.053,0.0,True,False,True,2024-11,2024,11,Q4
GAZP,2024-11-29 13:00:00,2024-11-29 13:50:00,LONG,2024-11-29 15:25:00,123.3,122.8551,123.7449,124.0199,2024-11-29 16:28:00,122.8551,INITIAL_STOP,-1.139,0.0,True,False,True,2024-11,2024,11,Q4
GAZP,2024-12-02 09:10:00,2024-12-02 09:20:00,LONG,2024-12-02 09:26:00,124.5,123.5632,125.4368,126.0157,2024-12-02 13:08:00,123.5632,INITIAL_STOP,-1.066,0.0,True,False,True,2024-12,2024,12,Q4
GAZP,2024-12-04 04:00:00,2024-12-04 05:00:00,SHORT,2024-12-04 05:20:00,121.3,123.582,119.018,117.6078,2024-12-04 15:17:00,117.6078,GRID_B_FULL_TP,1.282,1.309,False,False,True,2024-12,2024,12,Q4
GAZP,2024-12-13 04:00:00,2024-12-13 04:35:00,SHORT,2024-12-13 04:47:00,113.18,114.4198,111.9402,111.1741,2024-12-15 19:45:00,112.75,TIMEOUT,0.301,0.0,False,False,True,2024-12,2024,12,Q4
GAZP,2024-12-17 07:00:00,2024-12-17 07:30:00,SHORT,2024-12-17 07:50:00,108.945,109.6334,108.2566,107.8311,2024-12-17 11:33:00,107.8311,GRID_B_FULL_TP,1.23,1.309,True,False,True,2024-12,2024,12,Q4
GAZP,2024-12-20 19:50:00,2024-12-20 20:05:00,LONG,2024-12-20 23:00:00,114.94,114.5576,115.3224,115.5587,2024-12-20 23:01:00,114.5576,INITIAL_STOP,-1.15,0.0,True,False,True,2024-12,2024,12,Q4
GAZP,2025-01-07 05:10:00,2025-01-07 06:30:00,SHORT,2025-01-07 06:37:00,128.325,128.8725,127.7775,127.4392,2025-01-08 04:00:00,128.8725,INITIAL_STOP,-1.117,0.0,False,False,True,2025-01,2025,1,Q1
GAZP,2025-01-10 11:10:00,2025-01-10 11:35:00,SHORT,2025-01-10 12:06:00,125.57,126.5684,124.5716,123.9547,2025-01-10 13:17:00,125.5072,BE_STOP,0.437,0.5,True,False,True,2025-01,2025,1,Q1
GAZP,2025-01-10 14:35:00,2025-01-10 15:05:00,SHORT,2025-01-10 15:10:00,126.72,127.0501,126.3899,126.1859,2025-01-10 15:11:00,127.0501,INITIAL_STOP,-1.192,0.0,True,False,True,2025-01,2025,1,Q1
GAZP,2025-01-10 18:30:00,2025-01-10 19:25:00,SHORT,2025-01-10 19:30:00,126.58,126.8599,126.3001,126.1272,2025-01-10 23:01:00,126.5167,BE_STOP,0.274,0.5,True,False,True,2025-01,2025,1,Q1
GAZP,2025-01-13 07:00:00,2025-01-13 07:10:00,LONG,2025-01-13 07:17:00,128.95,127.5266,130.3734,131.2531,2025-01-13 11:17:00,129.0145,BE_STOP,0.455,0.5,True,False,True,2025-01,2025,1,Q1
GAZP,2025-01-14 14:15:00,2025-01-14 14:35:00,LONG,2025-01-14 15:18:00,133.27,132.5101,134.0299,134.4995,2025-01-14 16:10:00,132.5101,INITIAL_STOP,-1.088,0.0,True,False,True,2025-01,2025,1,Q1
GAZP,2025-01-25 23:00:00,2025-01-25 23:30:00,LONG,2025-01-25 23:35:00,138.175,137.3827,138.9673,139.4569,2025-01-26 01:12:00,139.4569,GRID_B_FULL_TP,1.222,1.309,True,False,True,2025-01,2025,1,Q1
GAZP,2025-01-28 05:50:00,2025-01-28 07:00:00,SHORT,2025-01-28 08:07:00,134.675,135.122,134.228,133.9517,2025-01-28 08:26:00,133.9517,GRID_B_FULL_TP,1.158,1.309,False,False,True,2025-01,2025,1,Q1
GAZP,2025-01-28 12:00:00,2025-01-28 12:35:00,SHORT,2025-01-28 12:53:00,135.02,135.9425,134.0975,133.5273,2025-01-28 12:54:00,135.9425,INITIAL_STOP,-1.073,0.0,True,False,True,2025-01,2025,1,Q1
GAZP,2025-02-01 02:30:00,2025-02-01 03:50:00,LONG,2025-02-01 04:01:00,141.12,140.2383,142.0017,142.5466,2025-02-02 11:58:00,141.1906,BE_STOP,0.42,0.5,False,False,True,2025-02,2025,2,Q1
GAZP,2025-02-15 06:05:00,2025-02-15 06:25:00,LONG,2025-02-15 06:31:00,167.57,166.8286,168.3114,168.7695,2025-02-15 17:37:00,168.7695,GRID_B_FULL_TP,1.196,1.309,True,False,True,2025-02,2025,2,Q1
GAZP,2025-02-17 08:35:00,2025-02-17 09:10:00,LONG,2025-02-17 09:16:00,172.365,170.9615,173.7685,174.6359,2025-02-17 15:23:00,174.6359,GRID_B_FULL_TP,1.248,1.309,True,False,True,2025-02,2025,2,Q1
GAZP,2025-02-19 10:20:00,2025-02-19 10:45:00,SHORT,2025-02-19 10:52:00,171.055,171.5366,170.5734,170.2758,2025-02-19 11:13:00,171.5366,INITIAL_STOP,-1.178,0.0,False,False,True,2025-02,2025,2,Q1
GAZP,2025-02-19 14:45:00,2025-02-19 15:30:00,SHORT,2025-02-19 16:10:00,172.86,173.6293,172.0907,171.6153,2025-02-19 16:12:00,173.6293,INITIAL_STOP,-1.112,0.0,False,False,True,2025-02,2025,2,Q1
GAZP,2025-02-25 15:20:00,2025-02-25 16:10:00,LONG,2025-02-25 16:20:00,174.6,174.3181,174.8819,175.0561,2025-02-25 16:26:00,175.0561,GRID_B_FULL_TP,0.999,1.309,True,False,True,2025-02,2025,2,Q1
GAZP,2025-02-25 15:25:00,2025-02-25 16:10:00,LONG,2025-02-25 16:20:00,174.6,173.5881,175.6119,176.2373,2025-02-25 20:31:00,174.6873,BE_STOP,0.414,0.5,True,False,True,2025-02,2025,2,Q1
GAZP,2025-02-28 17:30:00,2025-02-28 18:00:00,SHORT,2025-02-28 18:14:00,171.455,171.9272,170.9828,170.691,2025-02-28 18:16:00,171.9272,INITIAL_STOP,-1.182,0.0,True,False,True,2025-02,2025,2,Q1
GAZP,2025-03-03 11:40:00,2025-03-03 12:25:00,SHORT,2025-03-03 12:31:00,165.67,166.3885,164.9515,164.5075,2025-03-03 13:03:00,166.3885,INITIAL_STOP,-1.115,0.0,True,False,True,2025-03,2025,3,Q1
GAZP,2025-03-05 18:35:00,2025-03-05 19:00:00,LONG,2025-03-05 19:09:00,174.295,173.5086,175.0814,175.5675,2025-03-05 19:18:00,173.5086,INITIAL_STOP,-1.111,0.0,True,False,True,2025-03,2025,3,Q1
GAZP,2025-03-11 08:00:00,2025-03-11 08:45:00,SHORT,2025-03-11 08:51:00,171.345,171.857,170.833,170.5166,2025-03-11 10:02:00,171.2593,BE_STOP,0.333,0.5,True,False,True,2025-03,2025,3,Q1
GAZP,2025-03-11 17:00:00,2025-03-11 17:30:00,SHORT,2025-03-11 17:47:00,171.35,172.257,170.443,169.8824,2025-03-11 17:58:00,172.257,INITIAL_STOP,-1.094,0.0,True,False,True,2025-03,2025,3,Q1
GAZP,2025-03-11 17:55:00,2025-03-11 18:45:00,SHORT,2025-03-11 19:22:00,170.225,172.7553,167.6947,166.1309,2025-03-13 06:33:00,166.1309,GRID_B_FULL_TP,1.275,1.309,True,False,True,2025-03,2025,3,Q1
GAZP,2025-03-18 05:40:00,2025-03-18 06:05:00,SHORT,2025-03-18 06:14:00,173.505,173.9103,173.0997,172.8493,2025-03-18 07:31:00,172.8493,GRID_B_FULL_TP,1.095,1.309,False,False,True,2025-03,2025,3,Q1
GAZP,2025-03-31 15:00:00,2025-03-31 16:10:00,SHORT,2025-03-31 17:17:00,145.91,146.9189,144.9011,144.2777,2025-04-01 04:01:00,146.9189,INITIAL_STOP,-1.072,0.0,True,False,True,2025-03,2025,3,Q1
GAZP,2025-04-02 10:50:00,2025-04-02 11:40:00,SHORT,2025-04-02 11:54:00,139.055,140.0486,138.0614,137.4474,2025-04-02 14:01:00,138.9855,BE_STOP,0.43,0.5,True,False,True,2025-04,2025,4,Q2
GAZP,2025-04-14 04:40:00,2025-04-14 05:50:00,LONG,2025-04-14 06:00:00,134.6,134.2981,134.9019,135.0885,2025-04-14 06:01:00,134.2981,INITIAL_STOP,-1.223,0.0,False,False,True,2025-04,2025,4,Q2
GAZP,2025-04-14 05:05:00,2025-04-14 05:50:00,LONG,2025-04-14 06:00:00,134.6,133.8581,135.3419,135.8004,2025-04-14 06:06:00,133.8581,INITIAL_STOP,-1.091,0.0,False,False,True,2025-04,2025,4,Q2
GAZP,2025-04-15 04:00:00,2025-04-15 04:20:00,SHORT,2025-04-15 04:25:00,132.06,133.0781,131.0419,130.4127,2025-04-15 06:21:00,133.0781,INITIAL_STOP,-1.065,0.0,False,False,True,2025-04,2025,4,Q2
GAZP,2025-04-15 06:20:00,2025-04-15 06:50:00,SHORT,2025-04-15 06:56:00,133.265,133.6799,132.8501,132.5937,2025-04-15 07:03:00,133.6799,INITIAL_STOP,-1.161,0.0,True,False,True,2025-04,2025,4,Q2
GAZP,2025-04-15 12:35:00,2025-04-15 13:30:00,SHORT,2025-04-15 13:40:00,131.11,131.4467,130.7733,130.5653,2025-04-15 13:44:00,131.0444,BE_STOP,0.305,0.5,True,False,True,2025-04,2025,4,Q2
GAZP,2025-04-19 23:00:00,2025-04-19 23:40:00,LONG,2025-04-19 23:52:00,138.1,136.6728,139.5272,140.4091,2025-04-20 15:19:00,136.6728,INITIAL_STOP,-1.048,0.0,True,False,True,2025-04,2025,4,Q2
GAZP,2025-04-30 06:00:00,2025-04-30 06:25:00,SHORT,2025-04-30 06:44:00,149.165,150.0837,148.2463,147.6785,2025-04-30 07:22:00,149.0904,BE_STOP,0.419,0.5,True,False,True,2025-04,2025,4,Q2
GAZP,2025-04-30 12:05:00,2025-04-30 12:15:00,SHORT,2025-04-30 12:41:00,153.24,154.1099,152.3701,151.8326,2025-04-30 12:47:00,151.8326,GRID_B_FULL_TP,1.221,1.309,True,False,True,2025-04,2025,4,Q2
GAZP,2025-05-03 06:00:00,2025-05-03 06:25:00,SHORT,2025-05-03 07:06:00,140.155,141.5802,138.7298,137.849,2025-05-04 07:01:00,140.0849,BE_STOP,0.451,0.5,True,False,True,2025-05,2025,5,Q2
GAZP,2025-05-03 16:05:00,2025-05-03 17:05:00,SHORT,2025-05-03 17:13:00,139.5,140.1993,138.8007,138.3686,2025-05-04 07:01:00,140.1993,INITIAL_STOP,-1.1,0.0,True,False,True,2025-05,2025,5,Q2
GAZP,2025-05-12 10:00:00,2025-05-12 10:25:00,LONG,2025-05-12 11:59:00,146.67,146.07,147.27,147.6408,2025-05-12 13:26:00,146.07,INITIAL_STOP,-1.122,0.0,True,False,True,2025-05,2025,5,Q2
GAZP,2025-05-12 13:25:00,2025-05-12 14:40:00,LONG,2025-05-12 15:22:00,145.91,145.5811,146.2389,146.4421,2025-05-12 15:45:00,146.4421,GRID_B_FULL_TP,1.087,1.309,True,False,True,2025-05,2025,5,Q2
GAZP,2025-05-19 04:00:00,2025-05-19 04:35:00,LONG,2025-05-19 04:40:00,142.88,142.3257,143.4343,143.7769,2025-05-19 04:46:00,142.3257,INITIAL_STOP,-1.129,0.0,False,False,True,2025-05,2025,5,Q2
GAZP,2025-05-19 12:00:00,2025-05-19 12:30:00,SHORT,2025-05-19 12:44:00,142.325,142.8535,141.7965,141.4699,2025-05-19 13:07:00,141.4699,GRID_B_FULL_TP,1.174,1.309,False,False,True,2025-05,2025,5,Q2
GAZP,2025-05-21 04:15:00,2025-05-21 05:00:00,SHORT,2025-05-21 05:07:00,137.535,137.9263,137.1437,136.9019,2025-05-21 06:10:00,136.9019,GRID_B_FULL_TP,1.133,1.309,False,False,True,2025-05,2025,5,Q2
GAZP,2025-05-21 15:00:00,2025-05-21 15:15:00,SHORT,2025-05-21 15:32:00,136.59,138.8049,134.3751,133.0063,2025-05-22 12:23:00,133.0063,GRID_B_FULL_TP,1.278,1.309,True,False,True,2025-05,2025,5,Q2
GAZP,2025-05-23 09:10:00,2025-05-23 09:25:00,SHORT,2025-05-23 09:30:00,130.31,130.7755,129.8445,129.5569,2025-05-23 10:02:00,130.7755,INITIAL_STOP,-1.14,0.0,False,False,True,2025-05,2025,5,Q2
GAZP,2025-05-27 06:55:00,2025-05-27 07:35:00,SHORT,2025-05-27 07:59:00,125.435,126.4882,124.3818,123.731,2025-05-27 12:36:00,126.4882,INITIAL_STOP,-1.06,0.0,True,False,True,2025-05,2025,5,Q2
GAZP,2025-06-09 04:00:00,2025-06-09 04:35:00,SHORT,2025-06-09 04:42:00,125.485,126.1182,124.8518,124.4604,2025-06-09 07:07:00,125.4223,BE_STOP,0.401,0.5,False,False,True,2025-06,2025,6,Q2
GAZP,2025-06-09 05:00:00,2025-06-09 05:50:00,SHORT,2025-06-09 06:01:00,125.715,126.2886,125.1414,124.787,2025-06-09 07:00:00,124.787,GRID_B_FULL_TP,1.199,1.309,False,False,True,2025-06,2025,6,Q2
GAZP,2025-06-09 16:40:00,2025-06-09 17:55:00,SHORT,2025-06-09 18:01:00,123.47,123.6952,123.2448,123.1056,2025-06-09 18:37:00,123.1056,GRID_B_FULL_TP,1.035,1.309,True,False,True,2025-06,2025,6,Q2
GAZP,2025-06-11 15:15:00,2025-06-11 16:20:00,SHORT,2025-06-11 16:35:00,122.89,123.2543,122.5257,122.3005,2025-06-11 17:32:00,122.8286,BE_STOP,0.331,0.5,False,False,True,2025-06,2025,6,Q2
GAZP,2025-06-22 19:45:00,2025-06-23 03:55:00,SHORT,2025-06-23 04:00:00,125.25,125.8879,124.6121,124.2179,2025-06-23 07:06:00,124.2179,GRID_B_FULL_TP,1.211,1.309,True,False,True,2025-06,2025,6,Q2
GAZP,2025-06-25 12:25:00,2025-06-25 13:05:00,LONG,2025-06-25 13:16:00,125.54,125.1517,125.9283,126.1683,2025-06-25 14:01:00,125.1517,INITIAL_STOP,-1.162,0.0,True,False,True,2025-06,2025,6,Q2
GAZP,2025-06-28 23:00:00,2025-06-28 23:25:00,LONG,2025-06-28 23:32:00,127.59,126.5386,128.6414,129.2911,2025-06-30 05:48:00,126.5386,INITIAL_STOP,-1.061,0.0,True,False,True,2025-06,2025,6,Q2
GAZP,2025-07-01 04:00:00,2025-07-01 04:30:00,LONG,2025-07-01 06:03:00,130.195,129.4647,130.9253,131.3766,2025-07-01 08:34:00,129.4647,INITIAL_STOP,-1.089,0.0,False,False,True,2025-07,2025,7,Q3
GAZP,2025-07-01 16:30:00,2025-07-01 17:45:00,LONG,2025-07-01 17:54:00,129.29,128.9361,129.6439,129.8627,2025-07-01 18:37:00,128.9361,INITIAL_STOP,-1.183,0.0,True,False,True,2025-07,2025,7,Q3
GAZP,2025-07-07 04:35:00,2025-07-07 05:50:00,LONG,2025-07-07 06:27:00,127.025,126.7095,127.3405,127.5355,2025-07-07 07:19:00,126.7095,INITIAL_STOP,-1.201,0.0,False,False,True,2025-07,2025,7,Q3
GAZP,2025-07-12 23:00:00,2025-07-12 23:20:00,SHORT,2025-07-12 23:44:00,116.805,117.2252,116.3848,116.1251,2025-07-13 08:00:00,116.1251,GRID_B_FULL_TP,1.17,1.309,True,False,True,2025-07,2025,7,Q3
GAZP,2025-07-13 11:45:00,2025-07-13 12:25:00,SHORT,2025-07-13 13:15:00,116.08,116.3541,115.8059,115.6365,2025-07-13 14:22:00,116.3541,INITIAL_STOP,-1.212,0.0,True,False,True,2025-07,2025,7,Q3
GAZP,2025-07-14 06:40:00,2025-07-14 07:25:00,SHORT,2025-07-14 07:30:00,116.265,116.5144,116.0156,115.8615,2025-07-14 07:57:00,116.5144,INITIAL_STOP,-1.233,0.0,True,False,True,2025-07,2025,7,Q3
GAZP,2025-07-18 04:10:00,2025-07-18 04:30:00,SHORT,2025-07-18 05:30:00,121.545,122.0823,121.0077,120.6756,2025-07-18 06:54:00,120.6756,GRID_B_FULL_TP,1.196,1.309,False,False,True,2025-07,2025,7,Q3
GAZP,2025-07-20 13:00:00,2025-07-20 13:25:00,LONG,2025-07-20 13:31:00,128.355,128.0475,128.6625,128.8526,2025-07-20 15:25:00,128.0475,INITIAL_STOP,-1.209,0.0,True,False,True,2025-07,2025,7,Q3
GAZP,2025-07-23 14:25:00,2025-07-23 15:10:00,LONG,2025-07-23 16:22:00,129.125,128.8163,129.4337,129.6245,2025-07-23 16:56:00,129.6245,GRID_B_FULL_TP,1.1,1.309,True,False,True,2025-07,2025,7,Q3
GAZP,2025-07-23 14:30:00,2025-07-23 15:10:00,LONG,2025-07-23 16:22:00,129.125,128.6063,129.6437,129.9642,2025-07-23 18:45:00,129.9642,GRID_B_FULL_TP,1.185,1.309,True,False,True,2025-07,2025,7,Q3
GAZP,2025-07-26 03:20:00,2025-07-26 04:05:00,SHORT,2025-07-26 04:16:00,126.785,127.0602,126.5098,126.3398,2025-07-26 04:28:00,126.7216,BE_STOP,0.27,0.5,False,False,True,2025-07,2025,7,Q3
GAZP,2025-07-29 03:55:00,2025-07-29 04:05:00,SHORT,2025-07-29 04:19:00,123.19,123.4648,122.9152,122.7454,2025-07-29 04:32:00,123.4648,INITIAL_STOP,-1.224,0.0,False,False,True,2025-07,2025,7,Q3
GAZP,2025-08-04 06:25:00,2025-08-04 06:35:00,LONG,2025-08-04 06:59:00,121.965,121.5671,122.3629,122.6089,2025-08-04 07:49:00,122.6089,GRID_B_FULL_TP,1.156,1.309,True,False,True,2025-08,2025,8,Q3
GAZP,2025-08-15 04:05:00,2025-08-15 04:20:00,SHORT,2025-08-15 05:31:00,140.535,141.1708,139.8992,139.5063,2025-08-15 08:46:00,140.4647,BE_STOP,0.389,0.5,False,False,True,2025-08,2025,8,Q3
GAZP,2025-08-15 19:40:00,2025-08-15 20:30:00,LONG,2025-08-15 20:38:00,142.6,141.5461,143.6539,144.3052,2025-08-15 23:00:00,144.3052,GRID_B_FULL_TP,1.241,1.309,True,False,True,2025-08,2025,8,Q3
GAZP,2025-08-22 06:05:00,2025-08-22 06:30:00,SHORT,2025-08-22 07:04:00,131.55,132.0473,131.0527,130.7453,2025-08-22 07:53:00,130.7453,GRID_B_FULL_TP,1.177,1.309,True,False,True,2025-08,2025,8,Q3
GAZP,2025-08-22 10:50:00,2025-08-22 11:15:00,SHORT,2025-08-22 11:23:00,132.04,132.3781,131.7019,131.493,2025-08-22 11:32:00,132.3781,INITIAL_STOP,-1.195,0.0,True,False,True,2025-08,2025,8,Q3
GAZP,2025-08-30 15:00:00,2025-08-30 15:50:00,LONG,2025-08-30 16:05:00,135.45,135.0868,135.8132,136.0376,2025-08-30 16:20:00,135.5177,BE_STOP,0.314,0.5,True,False,True,2025-08,2025,8,Q3
GAZP,2025-09-03 10:15:00,2025-09-03 10:45:00,SHORT,2025-09-03 11:24:00,131.545,132.0673,131.0227,130.6999,2025-09-03 12:45:00,131.4792,BE_STOP,0.374,0.5,False,False,True,2025-09,2025,9,Q3
GAZP,2025-09-05 14:15:00,2025-09-05 15:00:00,SHORT,2025-09-05 15:11:00,132.08,132.5781,131.5819,131.274,2025-09-07 07:04:00,132.014,BE_STOP,0.367,0.5,True,False,True,2025-09,2025,9,Q3
GAZP,2025-09-14 05:40:00,2025-09-14 06:55:00,SHORT,2025-09-14 07:00:00,125.105,125.5877,124.6223,124.3241,2025-09-14 10:47:00,125.5877,INITIAL_STOP,-1.13,0.0,False,False,True,2025-09,2025,9,Q3
GAZP,2025-09-19 04:30:00,2025-09-19 04:40:00,LONG,2025-09-19 04:59:00,122.485,122.1363,122.8337,123.0492,2025-09-19 06:18:00,123.0492,GRID_B_FULL_TP,1.133,1.309,False,False,True,2025-09,2025,9,Q3
GAZP,2025-09-26 17:45:00,2025-09-26 18:15:00,LONG,2025-09-26 18:47:00,120.105,119.4698,120.7402,121.1327,2025-09-29 04:41:00,119.4698,INITIAL_STOP,-1.095,0.0,True,False,True,2025-09,2025,9,Q3
GAZP,2025-10-06 06:05:00,2025-10-06 06:20:00,LONG,2025-10-06 06:36:00,114.73,114.3579,115.1021,115.332,2025-10-06 07:00:00,114.3579,INITIAL_STOP,-1.154,0.0,True,False,True,2025-10,2025,10,Q4
GAZP,2025-10-06 20:45:00,2025-10-07 04:10:00,LONG,2025-10-07 04:19:00,118.95,118.5716,119.3284,119.5623,2025-10-07 04:22:00,118.5716,INITIAL_STOP,-1.157,0.0,True,False,True,2025-10,2025,10,Q4
GAZP,2025-10-19 07:30:00,2025-10-19 08:05:00,LONG,2025-10-19 08:10:00,125.685,125.4615,125.9085,126.0467,2025-10-19 08:26:00,125.7478,BE_STOP,0.219,0.5,True,False,True,2025-10,2025,10,Q4
GAZP,2025-10-19 13:10:00,2025-10-19 14:20:00,LONG,2025-10-19 14:52:00,125.37,124.9619,125.7781,126.0302,2025-10-19 18:09:00,126.0302,GRID_B_FULL_TP,1.155,1.309,True,False,True,2025-10,2025,10,Q4
GAZP,2025-10-22 08:30:00,2025-10-22 09:20:00,SHORT,2025-10-22 09:31:00,121.63,122.0024,121.2576,121.0274,2025-10-22 10:39:00,121.0274,GRID_B_FULL_TP,1.146,1.309,True,False,True,2025-10,2025,10,Q4
GAZP,2025-10-27 09:25:00,2025-10-27 10:05:00,SHORT,2025-10-27 10:25:00,116.395,117.1546,115.6354,115.166,2025-10-27 11:47:00,115.166,GRID_B_FULL_TP,1.232,1.309,True,False,True,2025-10,2025,10,Q4
GAZP,2025-10-31 07:10:00,2025-10-31 08:05:00,LONG,2025-10-31 08:17:00,116.81,116.2748,117.3452,117.676,2025-10-31 11:07:00,116.2748,INITIAL_STOP,-1.109,0.0,True,False,True,2025-10,2025,10,Q4
GAZP,2025-11-01 23:00:00,2025-11-01 23:10:00,LONG,2025-11-01 23:16:00,116.19,115.7457,116.6343,116.9089,2025-11-03 06:01:00,116.9089,GRID_B_FULL_TP,1.178,1.309,True,False,True,2025-11,2025,11,Q4
GAZP,2025-11-05 08:15:00,2025-11-05 09:20:00,SHORT,2025-11-05 09:32:00,116.885,117.1553,116.6147,116.4476,2025-11-05 10:35:00,117.1553,INITIAL_STOP,-1.216,0.0,True,False,True,2025-11,2025,11,Q4
GAZP,2025-11-07 18:00:00,2025-11-07 19:10:00,LONG,2025-11-07 20:04:00,120.065,119.6899,120.4401,120.6719,2025-11-07 23:00:00,120.125,BE_STOP,0.34,0.5,True,False,True,2025-11,2025,11,Q4
GAZP,2025-11-07 18:25:00,2025-11-07 19:10:00,LONG,2025-11-07 20:04:00,120.065,119.4599,120.6701,121.044,2025-11-08 07:04:00,121.044,GRID_B_FULL_TP,1.21,1.309,True,False,True,2025-11,2025,11,Q4
GAZP,2025-11-11 11:45:00,2025-11-11 12:50:00,SHORT,2025-11-11 13:03:00,120.65,121.081,120.219,119.9527,2025-11-11 14:05:00,121.081,INITIAL_STOP,-1.14,0.0,True,False,True,2025-11,2025,11,Q4
GAZP,2025-11-24 04:05:00,2025-11-24 04:50:00,SHORT,2025-11-24 04:57:00,129.2,130.0938,128.3062,127.7538,2025-11-24 07:18:00,129.1354,BE_STOP,0.428,0.5,False,False,True,2025-11,2025,11,Q4
GAZP,2025-11-24 20:30:00,2025-11-25 04:25:00,SHORT,2025-11-25 04:38:00,125.88,126.4388,125.3212,124.9758,2025-11-25 05:06:00,126.4388,INITIAL_STOP,-1.113,0.0,True,False,True,2025-11,2025,11,Q4
GAZP,2025-11-25 06:25:00,2025-11-25 06:55:00,SHORT,2025-11-25 07:17:00,126.845,127.3603,126.3297,126.0113,2025-11-25 08:36:00,126.0113,GRID_B_FULL_TP,1.186,1.309,True,False,True,2025-11,2025,11,Q4
GAZP,2025-11-28 19:25:00,2025-11-28 20:05:00,LONG,2025-11-28 20:46:00,127.615,127.2486,127.9814,128.2079,2025-11-28 23:04:00,127.6788,BE_STOP,0.326,0.5,True,False,True,2025-11,2025,11,Q4
GAZP,2025-11-30 03:05:00,2025-11-30 03:40:00,SHORT,2025-11-30 04:17:00,127.49,128.0712,126.9088,126.5496,2025-11-30 08:35:00,128.0712,INITIAL_STOP,-1.11,0.0,False,False,True,2025-11,2025,11,Q4
GAZP,2025-12-01 06:20:00,2025-12-01 06:40:00,LONG,2025-12-01 06:50:00,127.61,127.1486,128.0714,128.3566,2025-12-01 07:12:00,128.3566,GRID_B_FULL_TP,1.171,1.309,True,False,True,2025-12,2025,12,Q4
GAZP,2025-12-10 06:05:00,2025-12-10 06:55:00,LONG,2025-12-10 07:25:00,128.77,128.2368,129.3032,129.6326,2025-12-10 07:57:00,128.2368,INITIAL_STOP,-1.121,0.0,True,False,True,2025-12,2025,12,Q4
GAZP,2025-12-15 13:05:00,2025-12-15 14:10:00,LONG,2025-12-15 14:23:00,128.495,127.8273,129.1627,129.5754,2025-12-15 16:55:00,128.5592,BE_STOP,0.404,0.5,True,False,True,2025-12,2025,12,Q4
GAZP,2026-01-16 20:00:00,2026-01-16 20:45:00,LONG,2026-01-16 23:02:00,123.46,123.1148,123.8052,124.0185,2026-01-16 23:17:00,123.5217,BE_STOP,0.321,0.5,True,False,True,2026-01,2026,1,Q1
GAZP,2026-01-17 07:00:00,2026-01-17 07:10:00,LONG,2026-01-17 07:29:00,123.74,123.3444,124.1356,124.3801,2026-01-17 15:57:00,123.3444,INITIAL_STOP,-1.156,0.0,True,False,True,2026-01,2026,1,Q1
GAZP,2026-01-18 02:55:00,2026-01-18 04:35:00,LONG,2026-01-18 04:42:00,123.365,123.125,123.605,123.7534,2026-01-18 07:04:00,123.7534,GRID_B_FULL_TP,1.052,1.309,False,False,True,2026-01,2026,1,Q1
GAZP,2026-01-27 20:10:00,2026-01-28 03:55:00,LONG,2026-01-28 04:03:00,128.425,128.1374,128.7126,128.8904,2026-01-28 05:13:00,128.1374,INITIAL_STOP,-1.223,0.0,True,False,True,2026-01,2026,1,Q1
GAZP,2026-01-28 09:05:00,2026-01-28 10:15:00,LONG,2026-01-28 10:23:00,127.89,127.3982,128.3818,128.6858,2026-01-28 12:05:00,127.3982,INITIAL_STOP,-1.13,0.0,True,False,True,2026-01,2026,1,Q1
GAZP,2026-02-02 12:50:00,2026-02-02 13:10:00,SHORT,2026-02-02 13:54:00,126.9,127.5803,126.2197,125.7992,2026-02-02 16:15:00,127.5803,INITIAL_STOP,-1.093,0.0,True,False,True,2026-02,2026,2,Q1
GAZP,2026-02-07 23:05:00,2026-02-08 00:20:00,SHORT,2026-02-08 00:55:00,125.635,126.0985,125.1715,124.8851,2026-02-08 17:12:00,124.8851,GRID_B_FULL_TP,1.173,1.309,True,False,True,2026-02,2026,2,Q1
GAZP,2026-02-11 20:30:00,2026-02-11 20:40:00,LONG,2026-02-12 04:00:00,124.62,124.3131,124.9269,125.1166,2026-02-12 06:00:00,124.6823,BE_STOP,0.297,0.5,True,False,True,2026-02,2026,2,Q1
GAZP,2026-02-16 07:10:00,2026-02-16 08:00:00,LONG,2026-02-16 08:07:00,127.225,126.8192,127.6308,127.8816,2026-02-16 10:45:00,127.2886,BE_STOP,0.343,0.5,True,False,True,2026-02,2026,2,Q1
GAZP,2026-02-22 13:45:00,2026-02-22 14:10:00,LONG,2026-02-22 16:05:00,127.735,127.2084,128.2616,128.587,2026-02-22 23:00:00,128.587,GRID_B_FULL_TP,1.188,1.309,True,False,True,2026-02,2026,2,Q1
GAZP,2026-03-01 06:20:00,2026-03-01 07:05:00,LONG,2026-03-01 08:58:00,129.125,127.8563,130.3937,131.1777,2026-03-01 16:22:00,129.1896,BE_STOP,0.449,0.5,True,False,True,2026-03,2026,3,Q1
GAZP,2026-03-03 07:20:00,2026-03-03 07:40:00,LONG,2026-03-03 08:08:00,130.335,129.8145,130.8555,131.1772,2026-03-03 09:10:00,129.8145,INITIAL_STOP,-1.125,0.0,True,False,True,2026-03,2026,3,Q1
GAZP,2026-03-06 23:00:00,2026-03-06 23:10:00,LONG,2026-03-06 23:49:00,132.58,130.6511,134.5089,135.7009,2026-03-09 03:59:00,135.7009,GRID_B_FULL_TP,1.275,1.309,True,False,True,2026-03,2026,3,Q1
GAZP,2026-03-07 23:00:00,2026-03-08 00:15:00,LONG,2026-03-08 00:30:00,132.87,131.9807,133.7593,134.3089,2026-03-09 03:59:00,134.3089,GRID_B_FULL_TP,1.234,1.309,True,False,True,2026-03,2026,3,Q1
GAZP,2026-03-20 06:30:00,2026-03-20 07:40:00,LONG,2026-03-20 08:08:00,131.55,130.5127,132.5873,133.2284,2026-03-23 06:57:00,133.2284,GRID_B_FULL_TP,1.246,1.309,False,False,True,2026-03,2026,3,Q1
GAZP,2026-04-04 23:00:00,2026-04-04 23:50:00,SHORT,2026-04-05 04:43:00,133.01,133.5295,132.4905,132.1694,2026-04-05 15:55:00,132.1694,GRID_B_FULL_TP,1.181,1.309,True,False,True,2026-04,2026,4,Q2
GAZP,2026-04-07 04:20:00,2026-04-07 04:40:00,LONG,2026-04-07 04:57:00,133.23,132.9202,133.5398,133.7313,2026-04-07 05:43:00,133.7313,GRID_B_FULL_TP,1.094,1.309,False,False,True,2026-04,2026,4,Q2
GAZP,2026-04-15 12:00:00,2026-04-15 12:30:00,SHORT,2026-04-15 14:29:00,128.335,128.8725,127.7975,127.4653,2026-04-15 14:41:00,128.8725,INITIAL_STOP,-1.119,0.0,True,False,True,2026-04,2026,4,Q2
GAZP,2026-04-17 18:35:00,2026-04-17 18:50:00,SHORT,2026-04-17 19:03:00,124.85,125.3173,124.3827,124.0939,2026-04-17 23:00:00,124.0939,GRID_B_FULL_TP,1.175,1.309,True,False,True,2026-04,2026,4,Q2
GAZP,2026-04-24 23:00:00,2026-04-25 00:15:00,SHORT,2026-04-25 00:35:00,123.505,124.2053,122.8047,122.372,2026-04-25 16:00:00,124.2053,INITIAL_STOP,-1.088,0.0,True,False,True,2026-04,2026,4,Q2
GAZP,2026-04-25 23:00:00,2026-04-25 23:15:00,SHORT,2026-04-25 23:28:00,123.37,123.9851,122.7549,122.3748,2026-04-27 07:46:00,123.9851,INITIAL_STOP,-1.1,0.0,True,False,True,2026-04,2026,4,Q2
GAZP,2026-04-29 06:20:00,2026-04-29 07:10:00,SHORT,2026-04-29 07:57:00,120.89,121.2913,120.4887,120.2406,2026-04-29 09:36:00,120.8296,BE_STOP,0.349,0.5,True,False,True,2026-04,2026,4,Q2
GAZP,2026-05-03 16:00:00,2026-05-03 16:35:00,LONG,2026-05-03 16:40:00,120.53,119.9392,121.1208,121.4859,2026-05-03 17:05:00,120.5903,BE_STOP,0.398,0.5,True,False,True,2026-05,2026,5,Q2
GAZP,2026-05-05 10:45:00,2026-05-05 11:00:00,SHORT,2026-05-05 11:36:00,119.025,119.6285,118.4215,118.0485,2026-05-05 12:51:00,119.6285,INITIAL_STOP,-1.099,0.0,True,False,True,2026-05,2026,5,Q2
GAZP,2026-05-05 12:50:00,2026-05-05 13:15:00,SHORT,2026-05-05 13:46:00,119.74,120.1196,119.3604,119.1258,2026-05-05 13:50:00,120.1196,INITIAL_STOP,-1.158,0.0,True,False,True,2026-05,2026,5,Q2
GAZP,2026-05-11 20:45:00,2026-05-12 04:05:00,SHORT,2026-05-12 04:15:00,120.6,120.8709,120.3291,120.1617,2026-05-12 04:41:00,120.8709,INITIAL_STOP,-1.223,0.0,True,False,True,2026-05,2026,5,Q2
GAZP,2026-05-13 08:10:00,2026-05-13 08:40:00,LONG,2026-05-13 08:51:00,123.585,122.9446,124.2254,124.6211,2026-05-13 10:44:00,123.6468,BE_STOP,0.404,0.5,True,False,True,2026-05,2026,5,Q2
GAZP,2026-05-15 18:45:00,2026-05-15 19:30:00,SHORT,2026-05-15 19:36:00,120.555,120.9508,120.1592,119.9145,2026-05-15 23:06:00,120.4947,BE_STOP,0.348,0.5,True,False,True,2026-05,2026,5,Q2
GAZP,2026-05-16 23:05:00,2026-05-16 23:50:00,LONG,2026-05-17 00:25:00,121.31,120.818,121.802,122.106,2026-05-18 06:02:00,120.818,INITIAL_STOP,-1.123,0.0,True,False,True,2026-05,2026,5,Q2
GAZP,2026-05-17 05:25:00,2026-05-17 05:40:00,LONG,2026-05-17 06:16:00,121.3,120.8481,121.752,122.0313,2026-05-17 16:00:00,120.8481,INITIAL_STOP,-1.134,0.0,False,False,True,2026-05,2026,5,Q2
GAZP,2026-05-18 06:00:00,2026-05-18 06:25:00,LONG,2026-05-18 07:05:00,120.87,120.4387,121.3013,121.5679,2026-05-18 07:16:00,120.4387,INITIAL_STOP,-1.14,0.0,True,False,True,2026-05,2026,5,Q2
GAZP,2026-05-27 07:10:00,2026-05-27 07:25:00,SHORT,2026-05-27 08:56:00,115.87,116.4038,115.3362,115.0063,2026-05-27 10:35:00,116.4038,INITIAL_STOP,-1.109,0.0,True,False,True,2026-05,2026,5,Q2
GAZP,2026-06-09 10:25:00,2026-06-09 10:40:00,SHORT,2026-06-09 12:25:00,113.655,114.0505,113.2595,113.0151,2026-06-09 13:58:00,114.0505,INITIAL_STOP,-1.144,0.0,True,False,True,2026-06,2026,6,Q2
GAZP,2026-06-09 14:50:00,2026-06-09 15:35:00,LONG,2026-06-09 16:06:00,113.07,112.8404,113.2996,113.4415,2026-06-09 17:29:00,113.1265,BE_STOP,0.254,0.5,False,False,True,2026-06,2026,6,Q2
GAZP,2026-06-16 06:00:00,2026-06-16 07:20:00,LONG,2026-06-16 07:27:00,113.99,113.399,114.581,114.9462,2026-06-16 11:42:00,113.399,INITIAL_STOP,-1.096,0.0,True,False,True,2026-06,2026,6,Q2
GAZP,2026-06-20 23:00:00,2026-06-20 23:10:00,LONG,2026-06-20 23:52:00,104.78,103.9428,105.6172,106.1345,2026-06-22 06:03:00,103.9428,INITIAL_STOP,-1.063,0.0,False,False,True,2026-06,2026,6,Q2
GAZP,2026-06-21 19:05:00,2026-06-21 19:35:00,LONG,2026-06-21 20:00:00,104.865,104.5727,105.1573,105.3379,2026-06-21 20:28:00,104.5727,INITIAL_STOP,-1.179,0.0,True,False,True,2026-06,2026,6,Q2
GAZP,2026-06-23 06:10:00,2026-06-23 06:30:00,SHORT,2026-06-23 06:57:00,100.11,100.7602,99.4598,99.058,2026-06-23 07:06:00,100.0599,BE_STOP,0.423,0.5,True,False,True,2026-06,2026,6,Q2
GAZP,2026-06-30 05:55:00,2026-06-30 06:50:00,LONG,2026-06-30 06:56:00,101.84,101.3472,102.3328,102.6373,2026-06-30 07:33:00,102.6373,GRID_B_FULL_TP,1.206,1.309,False,False,True,2026-06,2026,6,Q2
GAZP,2026-06-30 12:25:00,2026-06-30 12:50:00,LONG,2026-06-30 13:48:00,102.255,102.0466,102.4634,102.5922,2026-06-30 13:49:00,102.0466,INITIAL_STOP,-1.245,0.0,True,False,True,2026-06,2026,6,Q2
GAZP,2026-06-30 13:55:00,2026-06-30 15:05:00,LONG,2026-06-30 15:14:00,101.265,100.7081,101.8219,102.1661,2026-06-30 15:18:00,100.7081,INITIAL_STOP,-1.091,0.0,True,False,True,2026-06,2026,6,Q2
GAZP,2026-07-03 06:15:00,2026-07-03 07:05:00,SHORT,2026-07-03 07:16:00,97.575,98.0864,97.0636,96.7476,2026-07-03 07:45:00,96.7476,GRID_B_FULL_TP,1.214,1.309,True,False,True,2026-07,2026,7,Q3
GAZP,2026-07-03 11:35:00,2026-07-03 12:05:00,SHORT,2026-07-03 12:27:00,98.14,98.5772,97.7028,97.4326,2026-07-03 12:46:00,97.4326,GRID_B_FULL_TP,1.197,1.309,True,False,True,2026-07,2026,7,Q3
GAZP,2026-07-05 03:50:00,2026-07-05 04:10:00,LONG,2026-07-05 04:19:00,97.73,97.4634,97.9966,98.1614,2026-07-05 04:35:00,98.1614,GRID_B_FULL_TP,1.126,1.309,False,False,True,2026-07,2026,7,Q3
GAZP,2026-07-06 08:00:00,2026-07-06 08:55:00,SHORT,2026-07-06 09:06:00,97.57,97.8564,97.2836,97.1067,2026-07-06 09:24:00,97.1067,GRID_B_FULL_TP,1.139,1.309,True,False,True,2026-07,2026,7,Q3
GAZP,2026-07-07 17:05:00,2026-07-07 17:55:00,SHORT,2026-07-07 18:02:00,93.69,94.0305,93.3495,93.139,2026-07-07 18:48:00,93.139,GRID_B_FULL_TP,1.171,1.309,False,False,True,2026-07,2026,7,Q3
GAZP,2026-07-07 20:00:00,2026-07-07 20:15:00,SHORT,2026-07-08 04:00:00,94.55,94.8418,94.2582,94.0778,2026-07-08 04:18:00,94.8418,INITIAL_STOP,-1.162,0.0,False,False,True,2026-07,2026,7,Q3
GAZP,2026-07-08 05:05:00,2026-07-08 05:40:00,SHORT,2026-07-08 05:54:00,94.77,95.4722,94.0678,93.6339,2026-07-08 07:16:00,93.6339,GRID_B_FULL_TP,1.242,1.309,False,False,True,2026-07,2026,7,Q3
GAZP,2026-07-08 05:10:00,2026-07-08 05:40:00,SHORT,2026-07-08 05:54:00,94.77,95.5222,94.0178,93.553,2026-07-08 07:16:00,93.553,GRID_B_FULL_TP,1.246,1.309,False,False,True,2026-07,2026,7,Q3
GAZP,2026-07-12 03:10:00,2026-07-12 04:05:00,SHORT,2026-07-12 04:13:00,93.075,93.2396,92.9104,92.8087,2026-07-12 04:38:00,93.0285,BE_STOP,0.217,0.5,False,False,True,2026-07,2026,7,Q3
GAZP,2026-07-12 16:00:00,2026-07-12 16:25:00,SHORT,2026-07-12 16:44:00,93.175,93.6498,92.7002,92.4068,2026-07-13 04:26:00,93.6498,INITIAL_STOP,-1.098,0.0,True,False,True,2026-07,2026,7,Q3
GAZP,2026-07-13 04:25:00,2026-07-13 05:30:00,SHORT,2026-07-13 07:29:00,93.28,93.9799,92.5801,92.1475,2026-07-13 07:37:00,93.9799,INITIAL_STOP,-1.067,0.0,False,False,True,2026-07,2026,7,Q3
GAZP,2026-07-13 15:00:00,2026-07-13 16:15:00,LONG,2026-07-13 16:20:00,93.415,92.9899,93.8401,94.1028,2026-07-13 18:00:00,94.1028,GRID_B_FULL_TP,1.199,1.309,False,False,True,2026-07,2026,7,Q3
GAZP,2026-07-17 10:20:00,2026-07-17 11:25:00,SHORT,2026-07-17 11:35:00,83.61,84.0454,83.1746,82.9055,2026-07-17 12:02:00,82.9055,GRID_B_FULL_TP,1.213,1.309,False,False,True,2026-07,2026,7,Q3
GAZP,2026-07-21 09:55:00,2026-07-21 10:15:00,LONG,2026-07-21 10:32:00,84.075,83.6239,84.5261,84.8049,2026-07-21 10:37:00,83.6239,INITIAL_STOP,-1.093,0.0,True,False,True,2026-07,2026,7,Q3
GAZP,2026-07-24 04:30:00,2026-07-24 04:50:00,LONG,2026-07-24 05:40:00,89.905,89.4751,90.3349,90.6005,2026-07-24 06:13:00,89.4751,INITIAL_STOP,-1.105,0.0,False,False,True,2026-07,2026,7,Q3
GAZP,2026-07-25 08:20:00,2026-07-25 08:40:00,LONG,2026-07-25 09:49:00,93.155,92.6603,93.6497,93.9555,2026-07-25 16:01:00,93.2016,BE_STOP,0.406,0.5,True,False,True,2026-07,2026,7,Q3
GAZP,2026-07-26 07:05:00,2026-07-26 07:35:00,LONG,2026-07-26 08:00:00,92.86,92.5107,93.2093,93.4252,2026-07-26 08:21:00,92.5107,INITIAL_STOP,-1.133,0.0,True,False,True,2026-07,2026,7,Q3
GAZP,2026-07-27 05:05:00,2026-07-27 05:30:00,SHORT,2026-07-27 05:35:00,92.565,92.9088,92.2212,92.0087,2026-07-27 06:09:00,92.0087,GRID_B_FULL_TP,1.174,1.309,False,False,True,2026-07,2026,7,Q3
GAZP,2026-08-04 04:05:00,2026-08-04 04:50:00,LONG,2026-08-04 04:58:00,93.95,93.6391,94.2609,94.4531,2026-08-04 05:10:00,93.6391,INITIAL_STOP,-1.151,0.0,False,False,True,2026-08,2026,8,Q3
GAZP,2026-08-04 04:30:00,2026-08-04 04:50:00,LONG,2026-08-04 04:58:00,93.95,93.5891,94.3109,94.534,2026-08-04 05:22:00,93.5891,INITIAL_STOP,-1.13,0.0,False,False,True,2026-08,2026,8,Q3
GAZP,2026-08-10 12:00:00,2026-08-10 12:20:00,SHORT,2026-08-10 12:34:00,92.665,93.439,91.891,91.4127,2026-08-10 16:57:00,93.439,INITIAL_STOP,-1.06,0.0,True,False,True,2026-08,2026,8,Q3
GAZP,2026-08-10 19:45:00,2026-08-10 20:20:00,SHORT,2026-08-11 04:00:00,93.455,93.6602,93.2498,93.123,2026-08-11 04:03:00,93.123,GRID_B_FULL_TP,1.081,1.309,False,False,True,2026-08,2026,8,Q3
GAZP,2026-08-14 05:00:00,2026-08-14 05:55:00,SHORT,2026-08-14 06:15:00,88.92,89.2734,88.5666,88.3482,2026-08-14 07:13:00,89.2734,INITIAL_STOP,-1.126,0.0,False,False,True,2026-08,2026,8,Q3
GAZP,2026-08-14 07:10:00,2026-08-14 07:40:00,SHORT,2026-08-14 07:52:00,89.235,89.7639,88.7061,88.3793,2026-08-14 08:26:00,88.3793,GRID_B_FULL_TP,1.225,1.309,True,False,True,2026-08,2026,8,Q3
GAZP,2026-08-18 05:00:00,2026-08-18 05:55:00,SHORT,2026-08-18 06:04:00,83.84,84.4958,83.1842,82.779,2026-08-18 07:42:00,82.779,GRID_B_FULL_TP,1.245,1.309,False,False,True,2026-08,2026,8,Q3
GAZP,2026-08-24 14:55:00,2026-08-24 15:10:00,SHORT,2026-08-24 15:20:00,83.405,83.8251,82.9849,82.7253,2026-08-24 16:28:00,83.3633,BE_STOP,0.401,0.5,True,False,True,2026-08,2026,8,Q3
GAZP,2026-08-24 15:00:00,2026-08-24 15:10:00,SHORT,2026-08-24 15:20:00,83.405,84.1151,82.6949,82.256,2026-08-25 04:17:00,84.1151,INITIAL_STOP,-1.059,0.0,True,False,True,2026-08,2026,8,Q3
GAZP,2026-08-25 16:55:00,2026-08-25 17:10:00,LONG,2026-08-25 18:10:00,85.265,84.9521,85.5779,85.7713,2026-08-25 18:38:00,84.9521,INITIAL_STOP,-1.136,0.0,True,False,True,2026-08,2026,8,Q3
GAZP,2026-08-26 06:50:00,2026-08-26 08:10:00,LONG,2026-08-26 10:00:00,84.09,83.9139,84.2661,84.375,2026-08-26 10:01:00,83.9139,INITIAL_STOP,-1.239,0.0,True,False,True,2026-08,2026,8,Q3
GAZP,2026-08-28 11:20:00,2026-08-28 12:20:00,SHORT,2026-08-28 12:25:00,84.15,84.3262,83.9738,83.8649,2026-08-28 12:36:00,84.3262,INITIAL_STOP,-1.239,0.0,True,False,True,2026-08,2026,8,Q3
GAZP,2026-08-31 10:10:00,2026-08-31 10:45:00,LONG,2026-08-31 10:58:00,86.92,86.3696,87.4704,87.8105,2026-08-31 11:24:00,86.9635,BE_STOP,0.421,0.5,False,False,True,2026-08,2026,8,Q3
GAZP,2026-09-01 04:30:00,2026-09-01 05:00:00,LONG,2026-09-01 05:43:00,88.375,87.9674,88.7826,89.0344,2026-09-01 07:23:00,89.0344,GRID_B_FULL_TP,1.201,1.309,False,False,True,2026-09,2026,9,Q3
GAZP,2026-09-01 12:45:00,2026-09-01 13:35:00,LONG,2026-09-01 14:15:00,88.44,87.8673,89.0127,89.3666,2026-09-01 17:21:00,88.4842,BE_STOP,0.423,0.5,True,False,True,2026-09,2026,9,Q3
GAZP,2026-09-02 10:15:00,2026-09-02 10:45:00,SHORT,2026-09-02 11:02:00,87.58,87.9314,87.2286,87.0115,2026-09-02 12:07:00,87.9314,INITIAL_STOP,-1.125,0.0,False,False,True,2026-09,2026,9,Q3
GAZP,2026-09-02 12:05:00,2026-09-02 12:30:00,SHORT,2026-09-02 12:39:00,87.81,88.2617,87.3583,87.0791,2026-09-02 15:49:00,88.2617,INITIAL_STOP,-1.097,0.0,True,False,True,2026-09,2026,9,Q3
GAZP,2026-09-04 17:45:00,2026-09-04 18:05:00,LONG,2026-09-04 19:02:00,90.82,90.5938,91.0462,91.186,2026-09-04 20:30:00,91.186,GRID_B_FULL_TP,1.108,1.309,False,False,True,2026-09,2026,9,Q3
GAZP,2026-09-04 17:50:00,2026-09-04 18:05:00,LONG,2026-09-04 19:02:00,90.82,90.5338,91.1062,91.2831,2026-09-04 20:31:00,91.2831,GRID_B_FULL_TP,1.15,1.309,False,False,True,2026-09,2026,9,Q3
GAZP,2026-09-06 01:10:00,2026-09-06 02:00:00,SHORT,2026-09-06 02:28:00,91.38,91.5271,91.2329,91.142,2026-09-06 02:42:00,91.3343,BE_STOP,0.189,0.5,False,False,True,2026-09,2026,9,Q3
GAZP,2026-09-08 06:00:00,2026-09-08 06:25:00,LONG,2026-09-08 06:49:00,90.56,90.1442,90.9758,91.2328,2026-09-08 07:06:00,90.1442,INITIAL_STOP,-1.109,0.0,True,False,True,2026-09,2026,9,Q3
GAZP,2026-09-09 12:40:00,2026-09-09 13:15:00,SHORT,2026-09-09 13:24:00,89.36,89.854,88.866,88.5606,2026-09-09 15:51:00,89.3153,BE_STOP,0.41,0.5,True,False,True,2026-09,2026,9,Q3
GAZP,2026-09-11 05:35:00,2026-09-11 06:15:00,LONG,2026-09-11 06:31:00,92.825,92.2408,93.4092,93.7703,2026-09-11 08:35:00,92.8714,BE_STOP,0.421,0.5,False,False,True,2026-09,2026,9,Q3
LKOH,2025-09-15 04:40:00,2025-09-15 05:00:00,LONG,2025-09-15 05:59:00,6463.75,6442.8044,6484.6956,6497.64,2025-09-15 06:09:00,6442.8044,INITIAL_STOP,-1.154,0.0,False,False,True,2025-09,2025,9,Q3
LKOH,2025-09-15 06:05:00,2025-09-15 06:35:00,LONG,2025-09-15 06:47:00,6440.25,6427.3396,6453.1604,6461.139,2025-09-15 06:51:00,6427.3396,INITIAL_STOP,-1.249,0.0,True,False,True,2025-09,2025,9,Q3
LKOH,2025-09-17 13:10:00,2025-09-17 13:35:00,LONG,2025-09-17 13:50:00,6351.5,6327.4727,6375.5273,6390.3761,2025-09-17 14:24:00,6390.3761,GRID_B_FULL_TP,1.177,1.309,True,False,True,2025-09,2025,9,Q3
LKOH,2025-09-20 23:00:00,2025-09-21 00:40:00,SHORT,2025-09-21 01:20:00,6242.75,6284.3641,6201.1359,6175.4183,2025-09-22 05:30:00,6239.6286,BE_STOP,0.425,0.5,True,False,True,2025-09,2025,9,Q3
LKOH,2025-09-22 11:50:00,2025-09-22 12:40:00,SHORT,2025-09-22 12:50:00,6190.5,6240.7858,6140.2142,6109.1377,2025-09-22 14:44:00,6187.4047,BE_STOP,0.438,0.5,True,False,True,2025-09,2025,9,Q3
LKOH,2025-09-22 15:05:00,2025-09-22 15:30:00,SHORT,2025-09-22 15:45:00,6215.5,6249.3233,6181.6767,6160.774,2025-09-22 17:51:00,6249.3233,INITIAL_STOP,-1.092,0.0,False,False,True,2025-09,2025,9,Q3
LKOH,2025-09-23 06:00:00,2025-09-23 06:30:00,LONG,2025-09-23 07:02:00,6261.0,6244.1085,6277.8915,6288.3304,2025-09-23 07:06:00,6244.1085,INITIAL_STOP,-1.185,0.0,True,False,True,2025-09,2025,9,Q3
LKOH,2025-10-03 23:00:00,2025-10-03 23:10:00,SHORT,2025-10-04 02:13:00,5944.75,5967.9171,5921.5829,5907.2656,2025-10-04 02:50:00,5941.7776,BE_STOP,0.372,0.5,True,False,True,2025-10,2025,10,Q4
LKOH,2025-10-06 20:45:00,2025-10-07 04:10:00,LONG,2025-10-07 04:21:00,6105.0,6092.8425,6117.1575,6124.6708,2025-10-07 04:57:00,6092.8425,INITIAL_STOP,-1.251,0.0,True,False,True,2025-10,2025,10,Q4
LKOH,2025-10-07 04:00:00,2025-10-07 04:10:00,LONG,2025-10-07 04:21:00,6105.0,6072.8425,6137.1575,6157.0308,2025-10-07 05:29:00,6157.0308,GRID_B_FULL_TP,1.214,1.309,False,False,True,2025-10,2025,10,Q4
LKOH,2025-10-07 12:05:00,2025-10-07 12:35:00,LONG,2025-10-07 13:29:00,6110.0,6087.335,6132.665,6146.672,2025-10-08 04:00:00,6146.672,GRID_B_FULL_TP,1.174,1.309,False,False,True,2025-10,2025,10,Q4
LKOH,2025-10-08 08:10:00,2025-10-08 08:35:00,LONG,2025-10-08 08:51:00,6125.0,6096.8125,6153.1875,6170.6074,2025-10-08 09:27:00,6096.8125,INITIAL_STOP,-1.109,0.0,True,False,True,2025-10,2025,10,Q4
LKOH,2025-10-13 06:05:00,2025-10-13 06:35:00,LONG,2025-10-13 07:06:00,6024.75,5991.4629,6058.0371,6078.6086,2025-10-13 07:45:00,5991.4629,INITIAL_STOP,-1.09,0.0,True,False,True,2025-10,2025,10,Q4
LKOH,2025-10-15 10:05:00,2025-10-15 10:20:00,SHORT,2025-10-15 11:34:00,5878.75,5908.8181,5848.6819,5830.0998,2025-10-16 07:14:00,5830.0998,GRID_B_FULL_TP,1.211,1.309,True,False,True,2025-10,2025,10,Q4
LKOH,2025-10-17 05:10:00,2025-10-17 05:45:00,LONG,2025-10-17 06:19:00,6150.0,6128.275,6171.725,6185.1511,2025-10-17 06:46:00,6185.1511,GRID_B_FULL_TP,1.167,1.309,False,False,True,2025-10,2025,10,Q4
LKOH,2025-10-18 16:05:00,2025-10-18 16:50:00,LONG,2025-10-18 17:16:00,6421.5,6388.3678,6454.6322,6475.108,2025-10-18 19:54:00,6388.3678,INITIAL_STOP,-1.097,0.0,True,False,True,2025-10,2025,10,Q4
LKOH,2025-10-22 08:40:00,2025-10-22 09:20:00,SHORT,2025-10-22 09:28:00,6264.75,6293.3971,6236.1029,6218.399,2025-10-22 09:40:00,6293.3971,INITIAL_STOP,-1.109,0.0,True,False,True,2025-10,2025,10,Q4
LKOH,2025-10-24 04:00:00,2025-10-24 04:25:00,SHORT,2025-10-24 04:35:00,5771.25,5795.1569,5747.3431,5732.5687,2025-10-24 05:06:00,5795.1569,INITIAL_STOP,-1.121,0.0,False,False,True,2025-10,2025,10,Q4
LKOH,2025-10-24 23:00:00,2025-10-24 23:20:00,SHORT,2025-10-24 23:26:00,5634.5,5673.9518,5595.0482,5570.6671,2025-10-27 04:01:00,5570.6671,GRID_B_FULL_TP,1.238,1.309,True,False,True,2025-10,2025,10,Q4
LKOH,2025-11-03 23:00:00,2025-11-03 23:25:00,LONG,2025-11-03 23:45:00,5577.5,5539.6337,5615.3663,5638.7676,2025-11-05 05:04:00,5539.6337,INITIAL_STOP,-1.074,0.0,True,False,True,2025-11,2025,11,Q4
LKOH,2025-11-05 05:00:00,2025-11-05 05:40:00,LONG,2025-11-05 05:49:00,5538.5,5521.6923,5555.3077,5565.6949,2025-11-05 06:35:00,5521.6923,INITIAL_STOP,-1.165,0.0,False,False,True,2025-11,2025,11,Q4
LKOH,2025-11-11 05:40:00,2025-11-11 06:25:00,SHORT,2025-11-11 06:37:00,5149.25,5181.2239,5117.2761,5097.5163,2025-11-11 11:48:00,5146.6754,BE_STOP,0.419,0.5,False,False,True,2025-11,2025,11,Q4
LKOH,2025-11-14 04:00:00,2025-11-14 04:20:00,SHORT,2025-11-14 06:20:00,4967.5,4979.9513,4955.0487,4947.3539,2025-11-14 06:49:00,4979.9513,INITIAL_STOP,-1.199,0.0,False,False,True,2025-11,2025,11,Q4
LKOH,2025-11-14 12:10:00,2025-11-14 13:15:00,SHORT,2025-11-14 13:31:00,4957.25,4995.4359,4919.0641,4895.4653,2025-11-14 14:45:00,4995.4359,INITIAL_STOP,-1.065,0.0,True,False,True,2025-11,2025,11,Q4
LKOH,2025-11-18 04:55:00,2025-11-18 05:05:00,SHORT,2025-11-18 06:13:00,4891.0,4908.3365,4873.6635,4862.9495,2025-11-18 06:49:00,4908.3365,INITIAL_STOP,-1.141,0.0,False,False,True,2025-11,2025,11,Q4
LKOH,2025-11-18 20:25:00,2025-11-19 03:55:00,LONG,2025-11-19 04:00:00,5058.5,5047.9123,5069.0877,5075.631,2025-11-19 04:02:00,5075.631,GRID_B_FULL_TP,1.07,1.309,True,False,True,2025-11,2025,11,Q4
LKOH,2025-11-19 07:10:00,2025-11-19 07:45:00,LONG,2025-11-19 08:35:00,5056.75,5047.4149,5066.0851,5071.8542,2025-11-19 08:36:00,5047.4149,INITIAL_STOP,-1.271,0.0,False,False,True,2025-11,2025,11,Q4
LKOH,2025-12-03 15:45:00,2025-12-03 16:10:00,SHORT,2025-12-03 16:26:00,5444.75,5460.6671,5428.8329,5418.9961,2025-12-04 04:00:00,5460.6671,INITIAL_STOP,-1.171,0.0,False,False,True,2025-12,2025,12,Q4
LKOH,2025-12-08 04:35:00,2025-12-08 04:50:00,SHORT,2025-12-08 05:00:00,5579.0,5606.3685,5551.6315,5534.7178,2025-12-08 05:51:00,5606.3685,INITIAL_STOP,-1.102,0.0,False,False,True,2025-12,2025,12,Q4
LKOH,2025-12-12 08:05:00,2025-12-12 08:20:00,LONG,2025-12-12 08:54:00,5703.0,5679.4455,5726.5545,5741.1112,2025-12-12 13:17:00,5705.8515,BE_STOP,0.379,0.5,True,False,True,2025-12,2025,12,Q4
LKOH,2025-12-12 23:00:00,2025-12-12 23:30:00,SHORT,2025-12-13 02:05:00,5652.25,5668.4784,5636.0216,5625.9925,2025-12-13 04:58:00,5668.4784,INITIAL_STOP,-1.174,0.0,True,False,True,2025-12,2025,12,Q4
LKOH,2025-12-15 04:00:00,2025-12-15 05:05:00,SHORT,2025-12-15 05:52:00,5686.75,5773.5301,5599.9699,5546.3398,2025-12-17 04:59:00,5773.5301,INITIAL_STOP,-1.033,0.0,False,False,True,2025-12,2025,12,Q4
LKOH,2025-12-17 09:00:00,2025-12-17 10:10:00,LONG,2025-12-17 10:29:00,5742.0,5721.387,5762.613,5775.3518,2025-12-17 11:21:00,5721.387,INITIAL_STOP,-1.139,0.0,True,False,True,2025-12,2025,12,Q4
LKOH,2025-12-19 10:30:00,2025-12-19 11:45:00,LONG,2025-12-19 12:24:00,5868.75,5856.1969,5881.3031,5889.061,2025-12-19 13:03:00,5856.1969,INITIAL_STOP,-1.234,0.0,True,False,True,2025-12,2025,12,Q4
LKOH,2025-12-26 23:00:00,2025-12-26 23:40:00,LONG,2025-12-26 23:55:00,5806.75,5762.2899,5851.2101,5878.6865,2025-12-27 16:05:00,5878.6865,GRID_B_FULL_TP,1.244,1.309,True,False,True,2025-12,2025,12,Q4
LKOH,2025-12-29 13:30:00,2025-12-29 14:00:00,LONG,2025-12-29 15:10:00,5906.25,5895.6406,5916.8594,5923.416,2025-12-29 15:11:00,5895.6406,INITIAL_STOP,-1.278,0.0,True,False,True,2025-12,2025,12,Q4
LKOH,2025-12-30 07:45:00,2025-12-30 08:00:00,SHORT,2025-12-30 08:17:00,5848.25,5863.2724,5833.2276,5823.9438,2025-12-30 09:34:00,5845.3259,BE_STOP,0.305,0.5,True,False,True,2025-12,2025,12,Q4
LKOH,2025-12-30 09:35:00,2025-12-30 10:20:00,SHORT,2025-12-30 10:26:00,5859.75,5878.7896,5840.7104,5828.9439,2025-12-30 12:58:00,5878.7896,INITIAL_STOP,-1.154,0.0,True,False,True,2025-12,2025,12,Q4
LKOH,2025-12-30 16:55:00,2025-12-30 17:10:00,SHORT,2025-12-30 17:48:00,5899.0,5913.8485,5884.1515,5874.9751,2025-12-30 23:00:00,5913.8485,INITIAL_STOP,-1.199,0.0,True,False,True,2025-12,2025,12,Q4
LKOH,2026-01-03 23:00:00,2026-01-03 23:40:00,SHORT,2026-01-04 00:32:00,5939.5,5988.9092,5890.0908,5859.5558,2026-01-05 06:04:00,5859.5558,GRID_B_FULL_TP,1.249,1.309,True,False,True,2026-01,2026,1,Q1
LKOH,2026-01-10 23:00:00,2026-01-11 00:15:00,SHORT,2026-01-11 00:26:00,5517.5,5688.2762,5346.7238,5241.184,2026-01-14 07:37:00,5360.0,TIMEOUT,0.906,0.0,True,False,True,2026-01,2026,1,Q1
LKOH,2026-02-04 05:15:00,2026-02-04 05:45:00,SHORT,2026-02-04 06:58:00,5240.0,5253.86,5226.14,5217.5745,2026-02-04 07:01:00,5253.86,INITIAL_STOP,-1.189,0.0,False,False,True,2026-02,2026,2,Q1
LKOH,2026-02-06 04:50:00,2026-02-06 05:05:00,SHORT,2026-02-06 05:31:00,5145.5,5162.7182,5128.2818,5117.6409,2026-02-06 08:30:00,5117.6409,GRID_B_FULL_TP,1.16,1.309,False,False,True,2026-02,2026,2,Q1
LKOH,2026-02-08 20:15:00,2026-02-09 03:55:00,SHORT,2026-02-09 04:00:00,5101.0,5122.6515,5079.3485,5065.9679,2026-02-09 04:53:00,5065.9679,GRID_B_FULL_TP,1.191,1.309,True,False,True,2026-02,2026,2,Q1
LKOH,2026-02-10 04:00:00,2026-02-10 04:20:00,LONG,2026-02-10 06:01:00,5190.25,5136.7146,5243.7854,5276.8702,2026-02-10 12:49:00,5136.7146,INITIAL_STOP,-1.048,0.0,False,False,True,2026-02,2026,2,Q1
LKOH,2026-02-11 12:10:00,2026-02-11 12:25:00,SHORT,2026-02-11 12:42:00,5190.25,5207.2854,5173.2146,5162.6868,2026-02-11 12:43:00,5207.2854,INITIAL_STOP,-1.152,0.0,True,False,True,2026-02,2026,2,Q1
LKOH,2026-02-16 11:05:00,2026-02-16 11:20:00,SHORT,2026-02-16 11:34:00,5251.0,5266.8765,5235.1235,5225.3118,2026-02-17 04:00:00,5248.3745,BE_STOP,0.335,0.5,True,False,True,2026-02,2026,2,Q1
LKOH,2026-02-18 12:05:00,2026-02-18 13:05:00,SHORT,2026-02-18 13:49:00,5167.25,5184.2509,5150.2491,5139.7426,2026-02-18 15:09:00,5184.2509,INITIAL_STOP,-1.152,0.0,True,False,True,2026-02,2026,2,Q1
LKOH,2026-02-25 05:05:00,2026-02-25 06:05:00,SHORT,2026-02-25 07:14:00,5180.25,5200.7704,5159.7296,5147.048,2026-02-25 13:29:00,5177.6599,BE_STOP,0.374,0.5,False,False,True,2026-02,2026,2,Q1
LKOH,2026-03-01 16:05:00,2026-03-01 16:55:00,LONG,2026-03-01 17:08:00,5426.0,5351.861,5500.139,5545.9569,2026-03-03 04:00:00,5545.9569,GRID_B_FULL_TP,1.272,1.309,True,False,True,2026-03,2026,3,Q1
LKOH,2026-03-03 07:20:00,2026-03-03 07:45:00,LONG,2026-03-03 07:57:00,5519.0,5498.7215,5539.2785,5551.8106,2026-03-03 08:10:00,5521.7595,BE_STOP,0.364,0.5,True,False,True,2026-03,2026,3,Q1
LKOH,2026-03-09 09:20:00,2026-03-09 09:55:00,LONG,2026-03-09 10:01:00,5751.5,5724.3728,5778.6272,5795.3919,2026-03-09 10:45:00,5795.3919,GRID_B_FULL_TP,1.203,1.309,True,False,True,2026-03,2026,3,Q1
LKOH,2026-03-09 09:35:00,2026-03-09 09:55:00,LONG,2026-03-09 10:01:00,5751.5,5704.3728,5798.6272,5827.7519,2026-03-09 12:44:00,5827.7519,GRID_B_FULL_TP,1.248,1.309,True,False,True,2026-03,2026,3,Q1
LKOH,2026-03-27 15:45:00,2026-03-27 16:30:00,SHORT,2026-03-27 16:50:00,5629.75,5646.4446,5613.0554,5602.7381,2026-03-27 16:52:00,5646.4446,INITIAL_STOP,-1.169,0.0,True,False,True,2026-03,2026,3,Q1
LKOH,2026-03-31 15:35:00,2026-03-31 15:55:00,SHORT,2026-03-31 16:06:00,5595.0,5605.8925,5584.1075,5577.3759,2026-03-31 17:24:00,5577.3759,GRID_B_FULL_TP,1.052,1.309,True,False,True,2026-03,2026,3,Q1
LKOH,2026-04-06 10:45:00,2026-04-06 11:00:00,SHORT,2026-04-06 11:14:00,5503.25,5518.2549,5488.2451,5478.9721,2026-04-06 11:20:00,5518.2549,INITIAL_STOP,-1.183,0.0,True,False,True,2026-04,2026,4,Q2
LKOH,2026-04-07 07:10:00,2026-04-07 08:00:00,LONG,2026-04-07 09:13:00,5556.75,5548.1649,5565.3351,5570.6407,2026-04-07 09:26:00,5570.6407,GRID_B_FULL_TP,0.985,1.309,True,False,True,2026-04,2026,4,Q2
LKOH,2026-04-13 11:30:00,2026-04-13 11:40:00,LONG,2026-04-13 11:55:00,5448.75,5431.8269,5465.6731,5476.1316,2026-04-13 12:52:00,5451.4744,BE_STOP,0.339,0.5,True,False,True,2026-04,2026,4,Q2
LKOH,2026-04-22 11:05:00,2026-04-22 11:40:00,LONG,2026-04-22 12:01:00,5451.25,5434.3231,5468.1769,5478.6377,2026-04-22 15:57:00,5453.9756,BE_STOP,0.339,0.5,True,False,True,2026-04,2026,4,Q2
LKOH,2026-04-24 10:30:00,2026-04-24 11:40:00,LONG,2026-04-24 11:52:00,5481.75,5472.7774,5490.7226,5496.2677,2026-04-24 12:16:00,5472.7774,INITIAL_STOP,-1.305,0.0,True,False,True,2026-04,2026,4,Q2
LKOH,2026-04-24 10:35:00,2026-04-24 11:40:00,LONG,2026-04-24 11:52:00,5481.75,5459.7774,5503.7226,5517.3017,2026-04-24 12:16:00,5459.7774,INITIAL_STOP,-1.125,0.0,True,False,True,2026-04,2026,4,Q2
LKOH,2026-04-24 20:35:00,2026-04-24 23:05:00,SHORT,2026-04-25 02:23:00,5473.0,5486.7095,5459.2905,5450.818,2026-04-25 07:24:00,5486.7095,INITIAL_STOP,-1.2,0.0,True,False,True,2026-04,2026,4,Q2
LKOH,2026-04-26 03:30:00,2026-04-26 04:55:00,SHORT,2026-04-26 05:01:00,5493.0,5504.7395,5481.2605,5474.0055,2026-04-26 12:34:00,5474.0055,GRID_B_FULL_TP,1.075,1.309,False,False,True,2026-04,2026,4,Q2
LKOH,2026-04-27 04:55:00,2026-04-27 06:05:00,SHORT,2026-04-27 07:26:00,5480.5,5491.2208,5469.7792,5463.1538,2026-04-27 07:30:00,5491.2208,INITIAL_STOP,-1.256,0.0,False,False,True,2026-04,2026,4,Q2
LKOH,2026-04-27 09:50:00,2026-04-27 11:00:00,LONG,2026-04-27 11:19:00,5540.25,5530.1896,5550.3104,5556.5277,2026-04-27 11:30:00,5530.1896,INITIAL_STOP,-1.275,0.0,True,False,True,2026-04,2026,4,Q2
LKOH,2026-04-27 15:25:00,2026-04-27 16:05:00,LONG,2026-04-27 16:45:00,5544.75,5523.1829,5566.3171,5579.6456,2026-04-28 06:36:00,5579.6456,GRID_B_FULL_TP,1.18,1.309,True,False,True,2026-04,2026,4,Q2
LKOH,2026-04-28 12:55:00,2026-04-28 13:10:00,LONG,2026-04-28 13:57:00,5551.0,5531.6735,5570.3265,5582.2703,2026-04-28 15:00:00,5553.7755,BE_STOP,0.356,0.5,True,False,True,2026-04,2026,4,Q2
LKOH,2026-04-28 15:35:00,2026-04-28 16:05:00,LONG,2026-04-28 16:16:00,5546.25,5531.6806,5560.8194,5569.8232,2026-04-28 16:49:00,5531.6806,INITIAL_STOP,-1.19,0.0,True,False,True,2026-04,2026,4,Q2
LKOH,2026-05-01 02:25:00,2026-05-01 03:45:00,SHORT,2026-05-01 03:58:00,5263.5,5276.8952,5250.1048,5241.8265,2026-05-01 07:00:00,5260.8683,BE_STOP,0.304,0.5,False,False,True,2026-05,2026,5,Q2
LKOH,2026-05-02 23:00:00,2026-05-02 23:55:00,LONG,2026-05-03 00:34:00,5245.5,5212.6317,5278.3683,5298.6808,2026-05-04 07:23:00,5248.1228,BE_STOP,0.42,0.5,True,False,True,2026-05,2026,5,Q2
LKOH,2026-05-04 15:05:00,2026-05-04 15:15:00,SHORT,2026-05-04 15:23:00,5190.0,5205.285,5174.715,5165.2689,2026-05-04 15:50:00,5205.285,INITIAL_STOP,-1.17,0.0,True,False,True,2026-05,2026,5,Q2
LKOH,2026-05-13 11:55:00,2026-05-13 12:35:00,LONG,2026-05-13 12:57:00,5238.0,5224.643,5251.357,5259.6116,2026-05-13 20:32:00,5224.643,INITIAL_STOP,-1.196,0.0,True,False,True,2026-05,2026,5,Q2
LKOH,2026-05-13 12:10:00,2026-05-13 12:35:00,LONG,2026-05-13 12:57:00,5238.0,5223.143,5252.857,5262.0386,2026-05-13 20:32:00,5223.143,INITIAL_STOP,-1.176,0.0,True,False,True,2026-05,2026,5,Q2
LKOH,2026-05-15 07:10:00,2026-05-15 07:45:00,SHORT,2026-05-15 07:55:00,5163.5,5177.7452,5149.2548,5140.4512,2026-05-15 08:23:00,5160.9182,BE_STOP,0.319,0.5,True,False,True,2026-05,2026,5,Q2
LKOH,2026-05-24 16:00:00,2026-05-24 16:30:00,SHORT,2026-05-24 16:59:00,5112.5,5126.1687,5098.8313,5090.384,2026-05-25 06:02:00,5090.384,GRID_B_FULL_TP,1.122,1.309,True,False,True,2026-05,2026,5,Q2
LKOH,2026-05-26 14:25:00,2026-05-26 14:50:00,SHORT,2026-05-26 15:08:00,5019.75,5044.5296,4994.9704,4979.6566,2026-05-26 17:23:00,5017.2401,BE_STOP,0.399,0.5,True,False,True,2026-05,2026,5,Q2
LKOH,2026-06-01 13:00:00,2026-06-01 13:30:00,LONG,2026-06-01 13:36:00,4911.25,4877.6331,4944.8669,4965.6421,2026-06-01 15:39:00,4877.6331,INITIAL_STOP,-1.073,0.0,True,False,True,2026-06,2026,6,Q2
LKOH,2026-06-05 09:25:00,2026-06-05 09:35:00,SHORT,2026-06-05 09:55:00,4848.5,4865.2728,4831.7272,4821.3617,2026-06-05 13:49:00,4821.3617,GRID_B_FULL_TP,1.164,1.309,False,False,True,2026-06,2026,6,Q2
LKOH,2026-06-09 04:15:00,2026-06-09 05:00:00,SHORT,2026-06-09 05:23:00,4758.0,4797.137,4718.863,4694.6763,2026-06-09 08:19:00,4694.6763,GRID_B_FULL_TP,1.248,1.309,False,False,True,2026-06,2026,6,Q2
LKOH,2026-06-15 10:55:00,2026-06-15 11:30:00,LONG,2026-06-15 12:46:00,4717.0,4702.9245,4731.0755,4739.7742,2026-06-15 13:55:00,4739.7742,GRID_B_FULL_TP,1.141,1.309,True,False,True,2026-06,2026,6,Q2
LKOH,2026-06-16 07:45:00,2026-06-16 08:35:00,LONG,2026-06-16 08:46:00,4713.0,4703.4305,4722.5695,4728.4835,2026-06-16 08:54:00,4703.4305,INITIAL_STOP,-1.246,0.0,True,False,True,2026-06,2026,6,Q2
LKOH,2026-06-17 08:15:00,2026-06-17 08:35:00,SHORT,2026-06-17 09:59:00,4529.25,4561.7939,4496.7061,4476.594,2026-06-17 12:51:00,4561.7939,INITIAL_STOP,-1.07,0.0,True,False,True,2026-06,2026,6,Q2
LKOH,2026-06-20 13:35:00,2026-06-20 13:55:00,SHORT,2026-06-20 14:06:00,4403.0,4446.6045,4359.3955,4332.4479,2026-06-22 07:38:00,4400.7985,BE_STOP,0.45,0.5,True,False,True,2026-06,2026,6,Q2
LKOH,2026-06-23 10:30:00,2026-06-23 10:45:00,SHORT,2026-06-23 10:58:00,4219.5,4247.8292,4191.1708,4173.6633,2026-06-23 11:47:00,4217.3903,BE_STOP,0.426,0.5,True,False,True,2026-06,2026,6,Q2
LKOH,2026-06-30 04:05:00,2026-06-30 04:30:00,LONG,2026-06-30 04:45:00,4540.25,4514.1896,4566.3104,4582.4157,2026-06-30 05:42:00,4542.5201,BE_STOP,0.413,0.5,False,False,True,2026-06,2026,6,Q2
LKOH,2026-06-30 06:30:00,2026-06-30 06:50:00,LONG,2026-06-30 07:02:00,4520.75,4504.2189,4537.2811,4547.4974,2026-06-30 07:15:00,4547.4974,GRID_B_FULL_TP,1.172,1.309,True,False,True,2026-06,2026,6,Q2
LKOH,2026-06-30 12:25:00,2026-06-30 12:50:00,LONG,2026-06-30 13:38:00,4620.25,4611.5696,4628.9304,4634.2948,2026-06-30 13:46:00,4611.5696,INITIAL_STOP,-1.266,0.0,True,False,True,2026-06,2026,6,Q2
LKOH,2026-07-01 04:15:00,2026-07-01 04:50:00,LONG,2026-07-01 05:52:00,4536.25,4519.1956,4553.3044,4563.844,2026-07-01 06:02:00,4563.844,GRID_B_FULL_TP,1.176,1.309,False,False,True,2026-07,2026,7,Q3
LKOH,2026-07-01 07:10:00,2026-07-01 07:25:00,SHORT,2026-07-01 09:17:00,4584.0,4614.876,4553.124,4534.0426,2026-07-01 09:18:00,4614.876,INITIAL_STOP,-1.074,0.0,True,False,True,2026-07,2026,7,Q3
LKOH,2026-07-03 04:00:00,2026-07-03 05:20:00,SHORT,2026-07-03 06:19:00,4274.0,4303.411,4244.589,4226.413,2026-07-03 07:17:00,4303.411,INITIAL_STOP,-1.073,0.0,False,False,True,2026-07,2026,7,Q3
LKOH,2026-07-03 23:00:00,2026-07-03 23:20:00,SHORT,2026-07-03 23:48:00,4263.5,4276.8952,4250.1048,4241.8265,2026-07-04 00:27:00,4261.3683,BE_STOP,0.341,0.5,False,False,True,2026-07,2026,7,Q3
LKOH,2026-07-03 23:35:00,2026-07-04 00:15:00,SHORT,2026-07-04 00:24:00,4259.0,4302.3885,4215.6115,4188.7974,2026-07-04 23:00:00,4256.8705,BE_STOP,0.451,0.5,True,False,True,2026-07,2026,7,Q3
LKOH,2026-07-06 04:00:00,2026-07-06 04:20:00,LONG,2026-07-06 04:26:00,4258.5,4241.6123,4275.3877,4285.8244,2026-07-06 05:02:00,4241.6123,INITIAL_STOP,-1.126,0.0,False,False,True,2026-07,2026,7,Q3
LKOH,2026-07-07 09:30:00,2026-07-07 09:45:00,SHORT,2026-07-07 10:00:00,4262.0,4296.393,4227.607,4206.3521,2026-07-07 10:20:00,4206.3521,GRID_B_FULL_TP,1.247,1.309,True,False,True,2026-07,2026,7,Q3
LKOH,2026-07-08 10:15:00,2026-07-08 10:40:00,LONG,2026-07-08 11:02:00,4462.5,4427.3062,4497.6938,4519.4435,2026-07-08 11:45:00,4464.7312,BE_STOP,0.437,0.5,True,False,True,2026-07,2026,7,Q3
LKOH,2026-07-12 13:40:00,2026-07-12 13:55:00,LONG,2026-07-12 14:03:00,4450.25,4437.8246,4462.6754,4470.3543,2026-07-12 15:38:00,4470.3543,GRID_B_FULL_TP,1.13,1.309,True,False,True,2026-07,2026,7,Q3
LKOH,2026-07-13 13:00:00,2026-07-13 13:15:00,LONG,2026-07-13 13:22:00,4497.25,4472.2541,4522.2459,4537.6933,2026-07-13 14:09:00,4499.4986,BE_STOP,0.41,0.5,False,False,True,2026-07,2026,7,Q3
LKOH,2026-07-15 11:25:00,2026-07-15 11:50:00,SHORT,2026-07-15 11:56:00,4407.25,4444.6109,4369.8891,4346.8001,2026-07-15 15:14:00,4346.8001,GRID_B_FULL_TP,1.25,1.309,True,False,True,2026-07,2026,7,Q3
LKOH,2026-07-17 04:25:00,2026-07-17 05:25:00,SHORT,2026-07-17 05:31:00,4191.25,4211.2869,4171.2131,4158.8303,2026-07-17 05:35:00,4211.2869,INITIAL_STOP,-1.105,0.0,False,False,True,2026-07,2026,7,Q3
LKOH,2026-07-17 06:30:00,2026-07-17 06:45:00,SHORT,2026-07-17 07:03:00,4230.0,4251.345,4208.655,4195.4638,2026-07-17 07:57:00,4195.4638,GRID_B_FULL_TP,1.21,1.309,True,False,True,2026-07,2026,7,Q3
LKOH,2026-07-17 10:40:00,2026-07-17 11:25:00,SHORT,2026-07-17 11:35:00,4167.0,4206.2505,4127.7495,4103.4927,2026-07-17 14:48:00,4103.4927,GRID_B_FULL_TP,1.256,1.309,False,False,True,2026-07,2026,7,Q3
LKOH,2026-07-18 06:30:00,2026-07-18 07:30:00,SHORT,2026-07-18 07:49:00,4035.0,4043.0525,4026.9475,4021.9711,2026-07-18 07:53:00,4043.0525,INITIAL_STOP,-1.251,0.0,True,False,True,2026-07,2026,7,Q3
LKOH,2026-07-19 02:45:00,2026-07-19 03:25:00,SHORT,2026-07-19 03:33:00,4079.75,4090.6196,4068.8804,4062.1629,2026-07-19 04:10:00,4090.6196,INITIAL_STOP,-1.188,0.0,False,False,True,2026-07,2026,7,Q3
LKOH,2026-07-20 09:15:00,2026-07-20 10:30:00,SHORT,2026-07-20 10:49:00,4108.25,4153.6624,4062.8376,4034.7728,2026-07-20 12:52:00,4153.6624,INITIAL_STOP,-1.045,0.0,True,False,True,2026-07,2026,7,Q3
LKOH,2026-07-21 09:30:00,2026-07-21 10:15:00,LONG,2026-07-21 10:29:00,4246.75,4236.1299,4257.3701,4263.9334,2026-07-21 10:30:00,4236.1299,INITIAL_STOP,-1.2,0.0,True,False,True,2026-07,2026,7,Q3
LKOH,2026-07-22 04:25:00,2026-07-22 05:40:00,LONG,2026-07-22 05:57:00,4286.0,4258.571,4313.429,4330.3801,2026-07-22 06:10:00,4258.571,INITIAL_STOP,-1.078,0.0,False,False,True,2026-07,2026,7,Q3
LKOH,2026-07-31 09:45:00,2026-07-31 10:25:00,SHORT,2026-07-31 10:50:00,4619.0,4627.9285,4610.0715,4604.5537,2026-07-31 10:59:00,4627.9285,INITIAL_STOP,-1.259,0.0,True,False,True,2026-07,2026,7,Q3
LKOH,2026-08-03 08:55:00,2026-08-03 09:20:00,SHORT,2026-08-03 09:27:00,4587.25,4624.8809,4549.6191,4526.3632,2026-08-04 04:00:00,4624.8809,INITIAL_STOP,-1.061,0.0,True,False,True,2026-08,2026,8,Q3
LKOH,2026-08-04 06:55:00,2026-08-04 07:45:00,LONG,2026-08-04 07:50:00,4577.5,4570.1337,4584.8663,4589.4186,2026-08-04 07:54:00,4570.1337,INITIAL_STOP,-1.311,0.0,True,False,True,2026-08,2026,8,Q3
LKOH,2026-08-04 07:10:00,2026-08-04 07:45:00,LONG,2026-08-04 07:50:00,4577.5,4555.6337,4599.3663,4612.8796,2026-08-04 09:14:00,4612.8796,GRID_B_FULL_TP,1.204,1.309,True,False,True,2026-08,2026,8,Q3
LKOH,2026-08-07 06:15:00,2026-08-07 06:45:00,LONG,2026-08-07 06:57:00,4633.0,4613.0505,4652.9495,4665.2783,2026-08-07 07:37:00,4665.2783,GRID_B_FULL_TP,1.193,1.309,True,False,True,2026-08,2026,8,Q3
LKOH,2026-08-07 23:50:00,2026-08-08 00:45:00,LONG,2026-08-08 01:31:00,4602.75,4573.0959,4632.4041,4650.7304,2026-08-08 14:08:00,4650.7304,GRID_B_FULL_TP,1.231,1.309,True,False,True,2026-08,2026,8,Q3
LKOH,2026-08-18 05:10:00,2026-08-18 06:00:00,SHORT,2026-08-18 06:39:00,4236.5,4257.8548,4215.1452,4201.948,2026-08-18 07:37:00,4201.948,GRID_B_FULL_TP,1.21,1.309,False,False,True,2026-08,2026,8,Q3
LKOH,2026-08-19 09:50:00,2026-08-19 10:05:00,LONG,2026-08-19 10:52:00,4236.75,4213.6449,4259.8551,4274.1341,2026-08-19 12:18:00,4274.1341,GRID_B_FULL_TP,1.217,1.309,True,False,True,2026-08,2026,8,Q3
LKOH,2026-08-21 09:15:00,2026-08-21 10:15:00,SHORT,2026-08-21 11:08:00,4222.0,4266.833,4177.167,4149.4602,2026-08-23 00:24:00,4266.833,INITIAL_STOP,-1.047,0.0,True,False,True,2026-08,2026,8,Q3
LKOH,2026-08-26 05:15:00,2026-08-26 05:30:00,LONG,2026-08-26 05:58:00,4206.0,4194.191,4217.809,4225.107,2026-08-26 06:30:00,4225.107,GRID_B_FULL_TP,1.131,1.309,False,False,True,2026-08,2026,8,Q3
LKOH,2026-08-26 07:00:00,2026-08-26 08:05:00,LONG,2026-08-26 08:47:00,4212.75,4184.6809,4240.8191,4258.1658,2026-08-26 10:00:00,4214.8564,BE_STOP,0.425,0.5,True,False,True,2026-08,2026,8,Q3
LKOH,2026-08-26 10:00:00,2026-08-26 11:10:00,LONG,2026-08-26 11:31:00,4209.0,4186.1865,4231.8135,4245.9122,2026-08-26 11:43:00,4186.1865,INITIAL_STOP,-1.092,0.0,True,False,True,2026-08,2026,8,Q3
LKOH,2026-08-28 09:50:00,2026-08-28 10:40:00,LONG,2026-08-28 10:52:00,4258.25,4230.1126,4286.3874,4303.7763,2026-08-28 12:02:00,4303.7763,GRID_B_FULL_TP,1.233,1.309,True,False,True,2026-08,2026,8,Q3
LKOH,2026-08-29 23:00:00,2026-08-29 23:45:00,LONG,2026-08-30 00:09:00,4636.0,4584.546,4687.454,4719.2526,2026-08-31 09:33:00,4584.546,INITIAL_STOP,-1.045,0.0,True,False,True,2026-08,2026,8,Q3
LKOH,2026-08-31 04:05:00,2026-08-31 04:45:00,LONG,2026-08-31 05:48:00,4630.25,4610.0546,4650.4454,4662.9261,2026-08-31 06:12:00,4610.0546,INITIAL_STOP,-1.115,0.0,False,False,True,2026-08,2026,8,Q3
LKOH,2026-08-31 06:10:00,2026-08-31 06:25:00,LONG,2026-08-31 07:06:00,4619.0,4599.5715,4638.4285,4650.4353,2026-08-31 07:33:00,4621.3095,BE_STOP,0.381,0.5,True,False,True,2026-08,2026,8,Q3
LKOH,2026-08-31 12:50:00,2026-08-31 13:20:00,SHORT,2026-08-31 13:32:00,4605.75,4626.9086,4584.5914,4571.5153,2026-08-31 14:56:00,4626.9086,INITIAL_STOP,-1.109,0.0,True,False,True,2026-08,2026,8,Q3
LKOH,2026-09-04 17:50:00,2026-09-04 18:50:00,LONG,2026-09-04 19:01:00,5039.5,5017.9407,5061.0593,5074.3829,2026-09-04 23:02:00,5042.0198,BE_STOP,0.383,0.5,True,False,True,2026-09,2026,9,Q3
LKOH,2026-09-11 07:05:00,2026-09-11 07:30:00,LONG,2026-09-11 07:45:00,5280.0,5265.08,5294.92,5304.1406,2026-09-11 07:59:00,5265.08,INITIAL_STOP,-1.177,0.0,True,False,True,2026-09,2026,9,Q3
LKOH,2026-09-11 08:05:00,2026-09-11 09:15:00,LONG,2026-09-11 10:31:00,5262.25,5243.6066,5280.8934,5292.415,2026-09-11 10:32:00,5243.6066,INITIAL_STOP,-1.141,0.0,True,False,True,2026-09,2026,9,Q3
LKOH,2026-09-11 10:30:00,2026-09-11 11:10:00,LONG,2026-09-11 11:48:00,5250.5,5223.1242,5277.8758,5294.794,2026-09-11 12:21:00,5223.1242,INITIAL_STOP,-1.096,0.0,True,False,True,2026-09,2026,9,Q3
ROSN,2025-09-14 02:55:00,2025-09-14 03:15:00,SHORT,2025-09-14 03:20:00,445.925,448.0189,443.8311,442.5371,2025-09-14 10:46:00,448.0189,INITIAL_STOP,-1.106,0.0,False,False,True,2025-09,2025,9,Q3
ROSN,2025-09-16 05:35:00,2025-09-16 05:50:00,SHORT,2025-09-16 06:01:00,442.5,443.9137,441.0863,440.2126,2025-09-16 07:21:00,442.2788,BE_STOP,0.344,0.5,False,False,True,2025-09,2025,9,Q3
ROSN,2025-09-16 14:55:00,2025-09-16 15:45:00,SHORT,2025-09-16 16:07:00,438.05,439.3071,436.7929,436.0161,2025-09-17 06:20:00,436.0161,GRID_B_FULL_TP,1.135,1.309,True,False,True,2025-09,2025,9,Q3
ROSN,2025-09-19 11:55:00,2025-09-19 12:40:00,SHORT,2025-09-19 12:54:00,432.6,433.6489,431.5511,430.9029,2025-09-19 13:19:00,432.3837,BE_STOP,0.294,0.5,True,False,True,2025-09,2025,9,Q3
ROSN,2025-09-20 23:00:00,2025-09-20 23:35:00,SHORT,2025-09-20 23:51:00,429.725,431.9446,427.5054,426.1337,2025-09-22 07:36:00,426.1337,GRID_B_FULL_TP,1.212,1.309,True,False,True,2025-09,2025,9,Q3
ROSN,2025-09-22 04:00:00,2025-09-22 04:10:00,SHORT,2025-09-22 04:15:00,427.875,430.4918,425.2582,423.641,2025-09-22 09:53:00,423.641,GRID_B_FULL_TP,1.227,1.309,False,False,True,2025-09,2025,9,Q3
ROSN,2025-09-26 16:05:00,2025-09-26 16:20:00,SHORT,2025-09-26 16:53:00,425.325,426.638,424.012,423.2006,2025-09-26 18:20:00,425.1123,BE_STOP,0.338,0.5,True,False,True,2025-09,2025,9,Q3
ROSN,2025-09-26 23:00:00,2025-09-26 23:10:00,SHORT,2025-09-26 23:20:00,424.125,428.1362,420.1138,417.6349,2025-09-27 18:53:00,428.1362,INITIAL_STOP,-1.053,0.0,True,False,True,2025-09,2025,9,Q3
ROSN,2025-09-27 06:25:00,2025-09-27 06:55:00,SHORT,2025-09-27 07:00:00,424.15,427.0862,421.2138,419.3992,2025-09-27 16:05:00,427.0862,INITIAL_STOP,-1.072,0.0,True,False,True,2025-09,2025,9,Q3
ROSN,2025-10-01 06:15:00,2025-10-01 06:45:00,SHORT,2025-10-01 06:58:00,414.075,415.4211,412.7289,411.897,2025-10-01 07:42:00,411.897,GRID_B_FULL_TP,1.155,1.309,True,False,True,2025-10,2025,10,Q4
ROSN,2025-10-01 20:10:00,2025-10-01 20:25:00,SHORT,2025-10-01 20:47:00,406.525,407.8598,405.1902,404.3653,2025-10-02 04:49:00,404.3653,GRID_B_FULL_TP,1.157,1.309,True,False,True,2025-10,2025,10,Q4
ROSN,2025-10-05 07:40:00,2025-10-05 08:05:00,SHORT,2025-10-05 08:11:00,401.625,404.3524,398.8976,397.212,2025-10-05 16:05:00,404.3524,INITIAL_STOP,-1.074,0.0,True,False,True,2025-10,2025,10,Q4
ROSN,2025-10-10 04:00:00,2025-10-10 04:20:00,LONG,2025-10-10 05:00:00,416.5,415.1753,417.8247,418.6434,2025-10-10 05:14:00,415.1753,INITIAL_STOP,-1.157,0.0,False,False,True,2025-10,2025,10,Q4
ROSN,2025-10-15 10:05:00,2025-10-15 10:30:00,SHORT,2025-10-15 10:46:00,401.025,403.1515,398.8985,397.5843,2025-10-15 11:34:00,400.8245,BE_STOP,0.406,0.5,True,False,True,2025-10,2025,10,Q4
ROSN,2025-10-15 10:10:00,2025-10-15 10:30:00,SHORT,2025-10-15 10:46:00,401.025,403.5515,398.4985,396.9371,2025-10-15 11:34:00,400.8245,BE_STOP,0.421,0.5,True,False,True,2025-10,2025,10,Q4
ROSN,2025-10-17 13:35:00,2025-10-17 13:50:00,LONG,2025-10-17 14:02:00,418.375,416.4224,420.3276,421.5342,2025-10-17 17:45:00,421.5342,GRID_B_FULL_TP,1.202,1.309,True,False,True,2025-10,2025,10,Q4
ROSN,2025-10-17 18:10:00,2025-10-17 18:55:00,LONG,2025-10-17 19:08:00,418.625,416.5721,420.6779,421.9467,2025-10-17 23:00:00,416.5721,INITIAL_STOP,-1.102,0.0,True,False,True,2025-10,2025,10,Q4
ROSN,2025-10-19 20:00:00,2025-10-20 04:20:00,SHORT,2025-10-20 05:12:00,422.55,423.7838,421.3162,420.5537,2025-10-20 06:16:00,420.5537,GRID_B_FULL_TP,1.138,1.309,True,False,True,2025-10,2025,10,Q4
ROSN,2025-10-21 20:40:00,2025-10-22 04:30:00,SHORT,2025-10-22 04:36:00,411.475,413.6172,409.3328,408.0089,2025-10-22 07:03:00,411.2693,BE_STOP,0.404,0.5,True,False,True,2025-10,2025,10,Q4
ROSN,2025-10-22 09:05:00,2025-10-22 09:20:00,SHORT,2025-10-22 09:31:00,413.875,415.4708,412.2792,411.293,2025-10-22 10:37:00,411.293,GRID_B_FULL_TP,1.179,1.309,True,False,True,2025-10,2025,10,Q4
ROSN,2025-10-24 20:30:00,2025-10-24 20:40:00,SHORT,2025-10-24 23:01:00,390.0,392.385,387.615,386.1411,2025-10-25 23:02:00,392.385,INITIAL_STOP,-1.082,0.0,True,False,True,2025-10,2025,10,Q4
ROSN,2025-10-29 10:30:00,2025-10-29 11:10:00,LONG,2025-10-29 11:23:00,378.0,376.683,379.317,380.1309,2025-10-29 11:36:00,376.683,INITIAL_STOP,-1.144,0.0,True,False,True,2025-10,2025,10,Q4
ROSN,2025-11-11 04:00:00,2025-11-11 04:25:00,SHORT,2025-11-11 04:56:00,390.35,391.6355,389.0645,388.27,2025-11-11 05:42:00,391.6355,INITIAL_STOP,-1.152,0.0,False,False,True,2025-11,2025,11,Q4
ROSN,2025-11-12 04:00:00,2025-11-12 04:40:00,SHORT,2025-11-12 05:05:00,390.1,391.9851,388.2149,387.0498,2025-11-12 07:31:00,387.0498,GRID_B_FULL_TP,1.206,1.309,False,False,True,2025-11,2025,11,Q4
ROSN,2025-11-17 09:00:00,2025-11-17 10:15:00,SHORT,2025-11-17 10:53:00,383.275,384.5749,381.9751,381.1717,2025-11-17 14:42:00,381.1717,GRID_B_FULL_TP,1.162,1.309,True,False,True,2025-11,2025,11,Q4
ROSN,2025-11-22 23:00:00,2025-11-22 23:25:00,LONG,2025-11-22 23:36:00,412.575,410.3311,414.8189,416.2056,2025-11-23 12:42:00,412.7813,BE_STOP,0.408,0.5,True,False,True,2025-11,2025,11,Q4
ROSN,2025-12-02 18:15:00,2025-12-02 19:10:00,SHORT,2025-12-02 19:16:00,405.275,406.7079,403.8421,402.9565,2025-12-03 03:59:00,402.9565,GRID_B_FULL_TP,1.168,1.309,True,False,True,2025-12,2025,12,Q4
ROSN,2025-12-17 04:55:00,2025-12-17 06:05:00,SHORT,2025-12-17 06:37:00,414.45,415.3717,413.5283,412.9587,2025-12-17 07:11:00,412.9587,GRID_B_FULL_TP,1.084,1.309,False,False,True,2025-12,2025,12,Q4
ROSN,2025-12-17 05:00:00,2025-12-17 06:05:00,SHORT,2025-12-17 06:37:00,414.45,417.1717,411.7283,410.0463,2025-12-17 08:16:00,414.2428,BE_STOP,0.424,0.5,False,False,True,2025-12,2025,12,Q4
ROSN,2025-12-23 11:55:00,2025-12-23 12:35:00,SHORT,2025-12-23 12:53:00,404.65,406.607,402.693,401.4836,2025-12-23 14:00:00,406.607,INITIAL_STOP,-1.103,0.0,True,False,True,2025-12,2025,12,Q4
ROSN,2025-12-26 08:20:00,2025-12-26 08:45:00,SHORT,2025-12-26 10:36:00,407.325,408.511,406.139,405.4061,2025-12-26 11:44:00,405.4061,GRID_B_FULL_TP,1.137,1.309,True,False,True,2025-12,2025,12,Q4
ROSN,2025-12-29 04:00:00,2025-12-29 05:10:00,SHORT,2025-12-29 05:28:00,411.325,413.417,409.233,407.9402,2025-12-29 07:07:00,411.1193,BE_STOP,0.402,0.5,False,False,True,2025-12,2025,12,Q4
ROSN,2025-12-29 15:10:00,2025-12-29 16:45:00,LONG,2025-12-29 18:17:00,409.125,408.3863,409.8637,410.3202,2025-12-29 18:40:00,410.3202,GRID_B_FULL_TP,1.032,1.309,True,False,True,2025-12,2025,12,Q4
ROSN,2025-12-29 16:15:00,2025-12-29 16:45:00,LONG,2025-12-29 18:17:00,409.125,405.8863,412.3637,414.3652,2025-12-30 07:08:00,409.3296,BE_STOP,0.437,0.5,True,False,True,2025-12,2025,12,Q4
ROSN,2026-01-05 15:30:00,2026-01-05 16:05:00,SHORT,2026-01-05 16:19:00,403.65,404.6055,402.6945,402.104,2026-01-06 04:00:00,403.4482,BE_STOP,0.289,0.5,False,False,True,2026-01,2026,1,Q1
ROSN,2026-01-06 04:00:00,2026-01-06 04:25:00,SHORT,2026-01-06 04:31:00,403.85,404.6058,403.0942,402.6272,2026-01-06 06:20:00,404.6058,INITIAL_STOP,-1.267,0.0,False,False,True,2026-01,2026,1,Q1
ROSN,2026-01-10 23:00:00,2026-01-10 23:35:00,SHORT,2026-01-10 23:40:00,396.1,397.9941,394.2059,393.0353,2026-01-12 07:00:00,397.9941,INITIAL_STOP,-1.105,0.0,True,False,True,2026-01,2026,1,Q1
ROSN,2026-01-12 07:00:00,2026-01-12 07:25:00,SHORT,2026-01-12 07:52:00,396.9,399.8954,393.9046,392.0535,2026-01-12 14:04:00,392.0535,GRID_B_FULL_TP,1.243,1.309,False,False,True,2026-01,2026,1,Q1
ROSN,2026-02-02 09:50:00,2026-02-02 10:10:00,SHORT,2026-02-02 10:30:00,404.725,405.4571,403.9929,403.5405,2026-02-02 10:47:00,403.5405,GRID_B_FULL_TP,1.033,1.309,True,False,True,2026-02,2026,2,Q1
ROSN,2026-02-03 04:00:00,2026-02-03 04:40:00,SHORT,2026-02-03 04:49:00,401.125,402.9017,399.3483,398.2503,2026-02-03 09:36:00,400.9244,BE_STOP,0.387,0.5,False,False,True,2026-02,2026,2,Q1
ROSN,2026-02-04 18:10:00,2026-02-04 18:50:00,SHORT,2026-02-04 18:56:00,400.2,401.7503,398.6497,397.6916,2026-02-05 10:24:00,397.6916,GRID_B_FULL_TP,1.18,1.309,True,False,True,2026-02,2026,2,Q1
ROSN,2026-02-11 05:50:00,2026-02-11 06:05:00,SHORT,2026-02-11 06:50:00,391.05,392.3366,389.7634,388.9683,2026-02-11 07:11:00,388.9683,GRID_B_FULL_TP,1.157,1.309,False,False,True,2026-02,2026,2,Q1
ROSN,2026-02-20 10:05:00,2026-02-20 10:30:00,LONG,2026-02-20 10:36:00,394.1,392.2088,395.9912,397.1599,2026-02-20 12:06:00,397.1599,GRID_B_FULL_TP,1.205,1.309,True,False,True,2026-02,2026,2,Q1
ROSN,2026-02-27 15:25:00,2026-02-27 16:50:00,LONG,2026-02-27 17:00:00,393.125,391.3103,394.9397,396.0612,2026-02-28 06:28:00,396.0612,GRID_B_FULL_TP,1.201,1.309,True,False,True,2026-02,2026,2,Q1
ROSN,2026-03-03 19:40:00,2026-03-03 20:40:00,LONG,2026-03-04 04:57:00,440.325,438.0395,442.6105,444.0229,2026-03-04 05:17:00,440.5452,BE_STOP,0.404,0.5,False,False,True,2026-03,2026,3,Q1
ROSN,2026-03-04 12:15:00,2026-03-04 12:25:00,LONG,2026-03-04 12:40:00,438.6,436.4421,440.7579,442.0915,2026-03-04 14:57:00,438.8193,BE_STOP,0.398,0.5,True,False,True,2026-03,2026,3,Q1
ROSN,2026-03-06 20:15:00,2026-03-06 20:40:00,LONG,2026-03-06 20:47:00,466.45,465.1003,467.7997,468.6338,2026-03-06 23:00:00,468.6338,GRID_B_FULL_TP,1.136,1.309,True,False,True,2026-03,2026,3,Q1
ROSN,2026-03-06 20:30:00,2026-03-06 20:40:00,LONG,2026-03-06 20:47:00,466.45,463.8503,469.0497,470.6563,2026-03-06 23:00:00,470.6563,GRID_B_FULL_TP,1.219,1.309,True,False,True,2026-03,2026,3,Q1
ROSN,2026-03-07 23:00:00,2026-03-07 23:15:00,LONG,2026-03-08 00:01:00,483.825,477.2743,490.3757,494.4241,2026-03-09 03:59:00,494.4241,GRID_B_FULL_TP,1.272,1.309,False,False,True,2026-03,2026,3,Q1
ROSN,2026-03-08 07:55:00,2026-03-08 08:45:00,LONG,2026-03-08 08:55:00,483.25,481.4751,485.0249,486.1217,2026-03-09 03:59:00,486.1217,GRID_B_FULL_TP,1.173,1.309,True,False,True,2026-03,2026,3,Q1
ROSN,2026-03-09 08:35:00,2026-03-09 09:05:00,LONG,2026-03-09 09:17:00,494.95,491.5076,498.3924,500.5198,2026-03-09 09:21:00,491.5076,INITIAL_STOP,-1.072,0.0,True,False,True,2026-03,2026,3,Q1
ROSN,2026-03-16 04:00:00,2026-03-16 04:20:00,LONG,2026-03-16 04:53:00,506.175,503.0907,509.2593,511.1653,2026-03-16 06:01:00,503.0907,INITIAL_STOP,-1.082,0.0,False,False,True,2026-03,2026,3,Q1
ROSN,2026-03-20 04:10:00,2026-03-20 05:25:00,LONG,2026-03-20 05:56:00,509.9,505.9851,513.8148,516.2342,2026-03-20 12:13:00,505.9851,INITIAL_STOP,-1.065,0.0,False,False,True,2026-03,2026,3,Q1
ROSN,2026-03-24 03:55:00,2026-03-24 04:05:00,SHORT,2026-03-24 04:13:00,504.1,505.0562,503.1439,502.5529,2026-03-24 05:49:00,502.5529,GRID_B_FULL_TP,1.045,1.309,False,False,True,2026-03,2026,3,Q1
ROSN,2026-03-27 23:00:00,2026-03-27 23:20:00,SHORT,2026-03-27 23:28:00,495.075,498.8426,491.3074,488.979,2026-03-29 11:51:00,494.8275,BE_STOP,0.434,0.5,True,False,True,2026-03,2026,3,Q1
ROSN,2026-04-01 19:20:00,2026-04-01 19:40:00,SHORT,2026-04-01 20:29:00,467.675,469.2515,466.0985,465.1242,2026-04-02 03:59:00,469.2515,INITIAL_STOP,-1.148,0.0,True,False,True,2026-04,2026,4,Q2
ROSN,2026-04-03 13:10:00,2026-04-03 13:35:00,SHORT,2026-04-03 13:43:00,465.8,467.1987,464.4013,463.5369,2026-04-03 14:13:00,465.5671,BE_STOP,0.333,0.5,True,False,True,2026-04,2026,4,Q2
ROSN,2026-04-03 23:00:00,2026-04-03 23:15:00,LONG,2026-04-03 23:26:00,473.25,470.4901,476.0099,477.7155,2026-04-04 04:08:00,470.4901,INITIAL_STOP,-1.086,0.0,True,False,True,2026-04,2026,4,Q2
ROSN,2026-04-07 07:00:00,2026-04-07 07:25:00,LONG,2026-04-07 07:34:00,470.3,469.3946,471.2054,471.765,2026-04-07 07:42:00,469.3946,INITIAL_STOP,-1.26,0.0,True,False,True,2026-04,2026,4,Q2
ROSN,2026-04-07 07:05:00,2026-04-07 07:25:00,LONG,2026-04-07 07:34:00,470.3,467.6446,472.9554,474.5965,2026-04-07 08:21:00,470.5351,BE_STOP,0.411,0.5,True,False,True,2026-04,2026,4,Q2
ROSN,2026-04-07 15:25:00,2026-04-07 16:15:00,LONG,2026-04-07 16:31:00,482.275,480.9266,483.6234,484.4567,2026-04-07 17:34:00,482.5161,BE_STOP,0.321,0.5,True,False,True,2026-04,2026,4,Q2
ROSN,2026-04-11 02:20:00,2026-04-11 03:00:00,SHORT,2026-04-11 03:24:00,446.6,448.1199,445.0801,444.1408,2026-04-11 03:29:00,448.1199,INITIAL_STOP,-1.147,0.0,False,False,True,2026-04,2026,4,Q2
ROSN,2026-04-13 13:50:00,2026-04-13 14:50:00,LONG,2026-04-13 14:55:00,455.425,453.1169,457.7331,459.1596,2026-04-13 15:29:00,459.1596,GRID_B_FULL_TP,1.21,1.309,True,False,True,2026-04,2026,4,Q2
ROSN,2026-04-21 15:25:00,2026-04-21 16:25:00,SHORT,2026-04-21 16:34:00,435.925,438.3539,433.4961,431.9951,2026-04-21 17:11:00,438.3539,INITIAL_STOP,-1.09,0.0,True,False,True,2026-04,2026,4,Q2
ROSN,2026-04-22 05:10:00,2026-04-22 06:20:00,LONG,2026-04-22 06:45:00,435.075,433.5974,436.5526,437.4658,2026-04-22 07:13:00,433.5974,INITIAL_STOP,-1.147,0.0,False,False,True,2026-04,2026,4,Q2
ROSN,2026-04-25 23:00:00,2026-04-26 00:25:00,LONG,2026-04-26 00:33:00,437.825,435.5433,440.1067,441.5169,2026-04-26 16:00:00,435.5433,INITIAL_STOP,-1.096,0.0,True,False,True,2026-04,2026,4,Q2
ROSN,2026-05-04 04:00:00,2026-05-04 04:45:00,SHORT,2026-05-04 04:52:00,424.275,426.6364,421.9136,420.4542,2026-05-04 06:25:00,426.6364,INITIAL_STOP,-1.09,0.0,False,False,True,2026-05,2026,5,Q2
ROSN,2026-05-04 09:25:00,2026-05-04 09:55:00,LONG,2026-05-04 10:00:00,421.975,419.717,424.233,425.6284,2026-05-04 10:08:00,425.6284,GRID_B_FULL_TP,1.216,1.309,True,False,True,2026-05,2026,5,Q2
ROSN,2026-05-16 23:00:00,2026-05-17 00:35:00,SHORT,2026-05-17 00:48:00,408.2,412.5623,403.8377,401.1418,2026-05-18 15:01:00,412.5623,INITIAL_STOP,-1.047,0.0,True,False,True,2026-05,2026,5,Q2
ROSN,2026-05-17 06:55:00,2026-05-17 07:05:00,SHORT,2026-05-17 07:31:00,408.625,409.5629,407.6871,407.1074,2026-05-17 19:11:00,409.5629,INITIAL_STOP,-1.218,0.0,True,False,True,2026-05,2026,5,Q2
ROSN,2026-05-18 19:05:00,2026-05-18 20:25:00,LONG,2026-05-18 20:30:00,413.525,412.2297,414.8203,415.6208,2026-05-18 20:31:00,412.2297,INITIAL_STOP,-1.16,0.0,True,False,True,2026-05,2026,5,Q2
ROSN,2026-05-20 12:30:00,2026-05-20 13:20:00,SHORT,2026-05-20 13:36:00,407.35,409.411,405.289,404.0153,2026-05-20 15:30:00,404.0153,GRID_B_FULL_TP,1.21,1.309,True,False,True,2026-05,2026,5,Q2
ROSN,2026-05-22 07:10:00,2026-05-22 08:30:00,SHORT,2026-05-22 08:35:00,403.325,405.455,401.195,399.8787,2026-05-22 13:05:00,399.8787,GRID_B_FULL_TP,1.214,1.309,True,False,True,2026-05,2026,5,Q2
ROSN,2026-06-03 14:50:00,2026-06-03 15:05:00,LONG,2026-06-03 16:01:00,396.55,395.0052,398.0948,399.0495,2026-06-03 17:05:00,395.0052,INITIAL_STOP,-1.128,0.0,True,False,True,2026-06,2026,6,Q2
ROSN,2026-06-06 02:20:00,2026-06-06 03:00:00,SHORT,2026-06-06 03:41:00,387.325,389.531,385.119,383.7557,2026-06-06 04:00:00,389.531,INITIAL_STOP,-1.088,0.0,False,False,True,2026-06,2026,6,Q2
ROSN,2026-06-06 04:00:00,2026-06-06 04:30:00,SHORT,2026-06-06 05:13:00,388.7,390.6831,386.717,385.4914,2026-06-06 16:01:00,385.4914,GRID_B_FULL_TP,1.211,1.309,False,False,True,2026-06,2026,6,Q2
ROSN,2026-06-15 07:00:00,2026-06-15 07:30:00,SHORT,2026-06-15 07:58:00,360.075,362.0901,358.0599,356.8145,2026-06-15 16:33:00,362.0901,INITIAL_STOP,-1.089,0.0,False,False,True,2026-06,2026,6,Q2
ROSN,2026-06-23 13:45:00,2026-06-23 14:05:00,SHORT,2026-06-23 14:10:00,315.175,316.8228,313.5272,312.5089,2026-06-23 17:20:00,316.8228,INITIAL_STOP,-1.096,0.0,True,False,True,2026-06,2026,6,Q2
ROSN,2026-06-30 06:35:00,2026-06-30 06:50:00,LONG,2026-06-30 06:57:00,329.95,328.5051,331.3949,332.2879,2026-06-30 07:21:00,332.2879,GRID_B_FULL_TP,1.195,1.309,False,False,True,2026-06,2026,6,Q2
ROSN,2026-06-30 11:40:00,2026-06-30 12:10:00,LONG,2026-06-30 12:22:00,336.8,334.6948,338.9052,340.2062,2026-06-30 12:26:00,334.6948,INITIAL_STOP,-1.08,0.0,True,False,True,2026-06,2026,6,Q2
ROSN,2026-07-03 23:00:00,2026-07-03 23:30:00,SHORT,2026-07-03 23:39:00,307.5,308.5613,306.4387,305.7829,2026-07-04 07:26:00,305.7829,GRID_B_FULL_TP,1.164,1.309,True,False,True,2026-07,2026,7,Q3
ROSN,2026-07-03 23:20:00,2026-07-03 23:30:00,SHORT,2026-07-03 23:39:00,307.5,309.0613,305.9387,304.9739,2026-07-04 07:32:00,304.9739,GRID_B_FULL_TP,1.211,1.309,False,False,True,2026-07,2026,7,Q3
ROSN,2026-07-05 16:00:00,2026-07-05 16:35:00,LONG,2026-07-05 16:52:00,309.25,306.7361,311.7639,313.3174,2026-07-06 04:02:00,306.7361,INITIAL_STOP,-1.062,0.0,False,False,True,2026-07,2026,7,Q3
ROSN,2026-07-06 08:05:00,2026-07-06 09:25:00,SHORT,2026-07-06 09:30:00,307.2,309.7608,304.6392,303.0566,2026-07-06 12:43:00,303.0566,GRID_B_FULL_TP,1.249,1.309,True,False,True,2026-07,2026,7,Q3
ROSN,2026-07-07 18:05:00,2026-07-07 18:15:00,SHORT,2026-07-07 18:34:00,298.9,299.9484,297.8516,297.2038,2026-07-07 18:59:00,298.7505,BE_STOP,0.357,0.5,False,False,True,2026-07,2026,7,Q3
ROSN,2026-07-14 10:20:00,2026-07-14 11:00:00,LONG,2026-07-14 11:05:00,333.2,332.5002,333.8998,334.3323,2026-07-14 11:09:00,332.5002,INITIAL_STOP,-1.238,0.0,True,False,True,2026-07,2026,7,Q3
ROSN,2026-07-14 12:35:00,2026-07-14 12:55:00,LONG,2026-07-14 13:34:00,329.875,327.8052,331.9448,333.224,2026-07-14 13:48:00,327.8052,INITIAL_STOP,-1.08,0.0,True,False,True,2026-07,2026,7,Q3
ROSN,2026-07-15 15:20:00,2026-07-15 15:50:00,SHORT,2026-07-15 16:22:00,313.1,314.4697,311.7304,310.8839,2026-07-15 19:32:00,312.9435,BE_STOP,0.386,0.5,True,False,True,2026-07,2026,7,Q3
ROSN,2026-07-17 23:55:00,2026-07-18 00:25:00,SHORT,2026-07-18 00:44:00,299.45,301.3492,297.5508,296.3771,2026-07-18 03:23:00,299.3003,BE_STOP,0.421,0.5,False,False,True,2026-07,2026,7,Q3
ROSN,2026-07-21 07:55:00,2026-07-21 08:30:00,LONG,2026-07-21 08:38:00,318.575,316.2221,320.9279,322.3819,2026-07-21 09:05:00,322.3819,GRID_B_FULL_TP,1.241,1.309,True,False,True,2026-07,2026,7,Q3
ROSN,2026-07-27 10:30:00,2026-07-27 10:45:00,SHORT,2026-07-27 11:52:00,343.55,345.4653,341.6347,340.451,2026-07-27 12:44:00,343.3782,BE_STOP,0.41,0.5,True,False,True,2026-07,2026,7,Q3
ROSN,2026-07-31 11:20:00,2026-07-31 11:40:00,SHORT,2026-07-31 11:55:00,346.05,348.2691,343.8309,342.4595,2026-07-31 13:04:00,342.4595,GRID_B_FULL_TP,1.231,1.309,True,False,True,2026-07,2026,7,Q3
ROSN,2026-07-31 14:35:00,2026-07-31 15:05:00,SHORT,2026-07-31 15:17:00,346.25,348.0194,344.4806,343.3872,2026-07-31 19:19:00,348.0194,INITIAL_STOP,-1.098,0.0,True,False,True,2026-07,2026,7,Q3
ROSN,2026-08-03 06:00:00,2026-08-03 06:15:00,SHORT,2026-08-03 06:23:00,343.95,345.1659,342.7341,341.9826,2026-08-03 06:55:00,341.9826,GRID_B_FULL_TP,1.168,1.309,True,False,True,2026-08,2026,8,Q3
ROSN,2026-08-03 17:40:00,2026-08-03 18:00:00,LONG,2026-08-03 19:35:00,346.325,345.0805,347.5695,348.3386,2026-08-04 04:00:00,348.3386,GRID_B_FULL_TP,1.17,1.309,True,False,True,2026-08,2026,8,Q3
ROSN,2026-08-04 05:50:00,2026-08-04 06:05:00,LONG,2026-08-04 06:38:00,346.825,345.3298,348.3202,349.2443,2026-08-04 06:56:00,345.3298,INITIAL_STOP,-1.116,0.0,False,False,True,2026-08,2026,8,Q3
ROSN,2026-08-14 07:10:00,2026-08-14 07:40:00,SHORT,2026-08-14 07:52:00,336.05,337.6541,334.4459,333.4546,2026-08-14 08:27:00,333.4546,GRID_B_FULL_TP,1.204,1.309,True,False,True,2026-08,2026,8,Q3
ROSN,2026-08-18 12:35:00,2026-08-18 13:15:00,LONG,2026-08-18 13:27:00,312.875,310.4807,315.2693,316.749,2026-08-18 14:39:00,310.4807,INITIAL_STOP,-1.065,0.0,True,False,True,2026-08,2026,8,Q3
ROSN,2026-08-18 12:45:00,2026-08-18 13:15:00,LONG,2026-08-18 13:27:00,312.875,309.5307,316.2193,318.2861,2026-08-19 08:08:00,313.0314,BE_STOP,0.453,0.5,True,False,True,2026-08,2026,8,Q3
ROSN,2026-08-19 09:50:00,2026-08-19 10:05:00,LONG,2026-08-19 10:28:00,312.525,310.9312,314.1188,315.1037,2026-08-19 11:34:00,312.6813,BE_STOP,0.402,0.5,True,False,True,2026-08,2026,8,Q3
ROSN,2026-08-19 13:50:00,2026-08-19 14:05:00,LONG,2026-08-19 14:14:00,313.3,312.2801,314.3199,314.9503,2026-08-19 14:34:00,314.9503,GRID_B_FULL_TP,1.155,1.309,True,False,True,2026-08,2026,8,Q3
ROSN,2026-08-25 04:15:00,2026-08-25 04:30:00,SHORT,2026-08-25 04:35:00,310.0,311.465,308.535,307.6296,2026-08-25 08:54:00,309.845,BE_STOP,0.394,0.5,False,False,True,2026-08,2026,8,Q3
ROSN,2026-08-25 12:35:00,2026-08-25 13:00:00,SHORT,2026-08-25 13:10:00,308.95,309.9634,307.9366,307.3103,2026-08-25 13:49:00,307.3103,GRID_B_FULL_TP,1.157,1.309,False,False,True,2026-08,2026,8,Q3
ROSN,2026-09-01 12:15:00,2026-09-01 12:25:00,LONG,2026-09-01 12:47:00,318.45,316.7223,320.1777,321.2454,2026-09-01 16:07:00,316.7223,INITIAL_STOP,-1.092,0.0,True,False,True,2026-09,2026,9,Q3
ROSN,2026-09-01 18:20:00,2026-09-01 18:35:00,LONG,2026-09-01 19:10:00,315.3,313.927,316.673,317.5214,2026-09-01 20:01:00,317.5214,GRID_B_FULL_TP,1.194,1.309,True,False,True,2026-09,2026,9,Q3
ROSN,2026-09-01 18:25:00,2026-09-01 18:35:00,LONG,2026-09-01 19:10:00,315.3,313.377,317.223,318.4113,2026-09-01 20:20:00,315.4577,BE_STOP,0.418,0.5,False,False,True,2026-09,2026,9,Q3
ROSN,2026-09-02 07:10:00,2026-09-02 07:20:00,LONG,2026-09-02 07:26:00,318.45,317.1223,319.7777,320.5982,2026-09-02 08:57:00,317.1223,INITIAL_STOP,-1.12,0.0,False,False,True,2026-09,2026,9,Q3
ROSN,2026-09-04 04:00:00,2026-09-04 04:25:00,LONG,2026-09-04 04:32:00,321.925,320.5171,323.3329,324.203,2026-09-04 05:40:00,322.086,BE_STOP,0.386,0.5,False,False,True,2026-09,2026,9,Q3
ROSN,2026-09-07 04:00:00,2026-09-07 04:15:00,LONG,2026-09-07 05:46:00,334.9,332.0977,337.7023,339.4342,2026-09-07 08:31:00,332.0977,INITIAL_STOP,-1.06,0.0,False,False,True,2026-09,2026,9,Q3
ROSN,2026-09-08 12:40:00,2026-09-08 13:15:00,LONG,2026-09-08 13:21:00,334.8,333.3478,336.2522,337.1497,2026-09-08 13:23:00,333.3478,INITIAL_STOP,-1.115,0.0,True,False,True,2026-09,2026,9,Q3
ROSN,2026-09-08 14:25:00,2026-09-08 15:35:00,LONG,2026-09-08 16:11:00,331.425,330.1029,332.7471,333.5642,2026-09-08 20:37:00,333.5642,GRID_B_FULL_TP,1.184,1.309,True,False,True,2026-09,2026,9,Q3
ROSN,2026-09-09 05:35:00,2026-09-09 06:10:00,LONG,2026-09-09 06:21:00,331.825,330.9023,332.7477,333.318,2026-09-09 07:13:00,330.9023,INITIAL_STOP,-1.18,0.0,False,False,True,2026-09,2026,9,Q3
ROSN,2026-09-11 05:10:00,2026-09-11 06:15:00,LONG,2026-09-11 06:30:00,353.3,352.3201,354.2799,354.8856,2026-09-11 06:52:00,352.3201,INITIAL_STOP,-1.18,0.0,False,False,True,2026-09,2026,9,Q3
ROSN,2026-09-11 07:50:00,2026-09-11 09:05:00,LONG,2026-09-11 09:11:00,349.575,347.7256,351.4244,352.5673,2026-09-11 10:16:00,349.7498,BE_STOP,0.405,0.5,True,False,True,2026-09,2026,9,Q3
ROSN,2026-09-11 10:15:00,2026-09-11 11:00:00,LONG,2026-09-11 11:47:00,348.625,345.4771,351.7729,353.7184,2026-09-11 14:11:00,349.6,TIMEOUT,0.254,0.0,True,False,True,2026-09,2026,9,Q3
YDEX,2025-09-22 07:40:00,2025-09-22 07:55:00,LONG,2025-09-22 08:00:00,4058.0,4033.913,4082.087,4096.9728,2025-09-22 08:35:00,4033.913,INITIAL_STOP,-1.084,0.0,True,False,True,2025-09,2025,9,Q3
YDEX,2025-10-03 13:30:00,2025-10-03 14:30:00,SHORT,2025-10-03 14:36:00,3793.75,3810.1906,3777.3094,3767.1491,2025-10-03 16:41:00,3767.1491,GRID_B_FULL_TP,1.194,1.309,True,False,True,2025-10,2025,10,Q4
YDEX,2025-10-03 23:00:00,2025-10-03 23:25:00,SHORT,2025-10-03 23:33:00,3772.75,3814.1591,3731.3409,3705.75,2025-10-04 10:32:00,3705.75,GRID_B_FULL_TP,1.263,1.309,True,False,True,2025-10,2025,10,Q4
YDEX,2025-10-05 02:40:00,2025-10-05 02:50:00,SHORT,2025-10-05 03:37:00,3717.5,3732.5763,3702.4237,3693.1066,2025-10-05 08:44:00,3715.6413,BE_STOP,0.377,0.5,False,False,True,2025-10,2025,10,Q4
YDEX,2025-10-07 16:30:00,2025-10-07 17:10:00,LONG,2025-10-07 18:10:00,3909.0,3902.1365,3915.8635,3920.1051,2025-10-07 20:21:00,3920.1051,GRID_B_FULL_TP,1.024,1.309,False,False,True,2025-10,2025,10,Q4
YDEX,2025-10-10 04:05:00,2025-10-10 04:45:00,LONG,2025-10-10 05:00:00,3929.0,3910.6065,3947.3935,3958.7607,2025-10-10 05:24:00,3910.6065,INITIAL_STOP,-1.107,0.0,False,False,True,2025-10,2025,10,Q4
YDEX,2025-10-10 05:20:00,2025-10-10 05:55:00,LONG,2025-10-10 07:18:00,3908.5,3902.1373,3914.8627,3918.7949,2025-10-10 07:21:00,3910.4542,BE_STOP,0.193,0.5,False,False,True,2025-10,2025,10,Q4
YDEX,2025-10-11 16:05:00,2025-10-11 17:05:00,LONG,2025-10-11 17:13:00,3832.25,3795.7516,3868.7484,3891.3044,2025-10-13 07:14:00,3891.3044,GRID_B_FULL_TP,1.257,1.309,True,False,True,2025-10,2025,10,Q4
YDEX,2025-10-19 07:30:00,2025-10-19 08:00:00,LONG,2025-10-19 08:10:00,4164.25,4153.7536,4174.7464,4181.2331,2025-10-19 12:37:00,4166.3321,BE_STOP,0.302,0.5,True,False,True,2025-10,2025,10,Q4
YDEX,2025-10-22 08:40:00,2025-10-22 09:20:00,SHORT,2025-10-22 09:31:00,3989.25,3999.9839,3978.5161,3971.8826,2025-10-22 09:49:00,3999.9839,INITIAL_STOP,-1.186,0.0,True,False,True,2025-10,2025,10,Q4
YDEX,2025-10-26 17:00:00,2025-10-26 17:15:00,SHORT,2025-10-26 17:21:00,3859.5,3867.7892,3851.2108,3846.088,2025-10-26 17:46:00,3846.088,GRID_B_FULL_TP,1.076,1.309,True,False,True,2025-10,2025,10,Q4
YDEX,2025-10-27 08:35:00,2025-10-27 08:50:00,SHORT,2025-10-27 09:15:00,3809.5,3825.2142,3793.7858,3784.0743,2025-10-27 09:28:00,3825.2142,INITIAL_STOP,-1.121,0.0,False,False,True,2025-10,2025,10,Q4
YDEX,2025-10-27 09:25:00,2025-10-27 09:45:00,SHORT,2025-10-27 09:53:00,3817.5,3834.7263,3800.2737,3789.6279,2025-10-27 11:20:00,3789.6279,GRID_B_FULL_TP,1.198,1.309,False,False,True,2025-10,2025,10,Q4
YDEX,2025-10-28 03:55:00,2025-10-28 04:05:00,SHORT,2025-10-28 04:12:00,3810.5,3820.7157,3800.2843,3793.9709,2025-10-28 05:01:00,3820.7157,INITIAL_STOP,-1.187,0.0,False,False,True,2025-10,2025,10,Q4
YDEX,2025-10-28 05:00:00,2025-10-28 05:15:00,SHORT,2025-10-28 05:29:00,3817.5,3827.7263,3807.2737,3800.9539,2025-10-28 06:01:00,3827.7263,INITIAL_STOP,-1.187,0.0,False,False,True,2025-10,2025,10,Q4
YDEX,2025-10-28 13:20:00,2025-10-28 13:30:00,LONG,2025-10-28 14:04:00,3829.75,3810.2554,3849.2446,3861.2923,2025-10-28 14:34:00,3861.2923,GRID_B_FULL_TP,1.211,1.309,True,False,True,2025-10,2025,10,Q4
YDEX,2025-10-31 13:45:00,2025-10-31 14:05:00,LONG,2025-10-31 14:10:00,3998.0,3981.003,4014.997,4025.5011,2025-10-31 14:29:00,3981.003,INITIAL_STOP,-1.118,0.0,True,False,True,2025-10,2025,10,Q4
YDEX,2025-11-03 23:00:00,2025-11-04 00:00:00,LONG,2025-11-04 00:19:00,4073.5,4044.3897,4102.6102,4120.6004,2025-11-05 04:56:00,4044.3897,INITIAL_STOP,-1.07,0.0,True,False,True,2025-11,2025,11,Q4
YDEX,2025-11-16 05:00:00,2025-11-16 05:40:00,LONG,2025-11-16 05:52:00,3961.5,3944.5577,3978.4423,3988.9126,2025-11-16 07:07:00,3944.5577,INITIAL_STOP,-1.117,0.0,False,False,True,2025-11,2025,11,Q4
YDEX,2025-11-18 20:25:00,2025-11-19 03:55:00,LONG,2025-11-19 04:00:00,3928.25,3917.1076,3939.3924,3946.2784,2025-11-19 04:15:00,3946.2784,GRID_B_FULL_TP,1.133,1.309,True,False,True,2025-11,2025,11,Q4
YDEX,2025-11-18 20:30:00,2025-11-19 03:55:00,LONG,2025-11-19 04:00:00,3928.25,3906.6076,3949.8924,3963.2674,2025-11-19 06:01:00,3963.2674,GRID_B_FULL_TP,1.218,1.309,True,False,True,2025-11,2025,11,Q4
YDEX,2025-11-24 04:00:00,2025-11-24 04:55:00,SHORT,2025-11-24 05:07:00,4171.75,4193.2576,4150.2424,4136.9507,2025-11-24 08:49:00,4136.9507,GRID_B_FULL_TP,1.212,1.309,False,False,True,2025-11,2025,11,Q4
YDEX,2025-11-24 12:20:00,2025-11-24 12:45:00,SHORT,2025-11-24 12:53:00,4098.75,4112.6481,4084.8519,4076.2628,2025-11-24 13:17:00,4112.6481,INITIAL_STOP,-1.147,0.0,True,False,True,2025-11,2025,11,Q4
YDEX,2025-11-28 07:35:00,2025-11-28 08:10:00,SHORT,2025-11-28 08:18:00,4117.25,4130.6759,4103.8241,4095.5269,2025-11-28 13:02:00,4115.1914,BE_STOP,0.347,0.5,True,False,True,2025-11,2025,11,Q4
YDEX,2025-12-05 15:00:00,2025-12-05 15:45:00,LONG,2025-12-05 16:05:00,4288.75,4258.5669,4318.9331,4337.5863,2025-12-05 20:11:00,4258.5669,INITIAL_STOP,-1.071,0.0,True,False,True,2025-12,2025,12,Q4
YDEX,2025-12-05 15:05:00,2025-12-05 15:45:00,LONG,2025-12-05 16:05:00,4288.75,4249.5669,4327.9331,4352.1483,2025-12-08 09:40:00,4352.1483,GRID_B_FULL_TP,1.254,1.309,True,False,True,2025-12,2025,12,Q4
YDEX,2025-12-05 20:10:00,2025-12-05 20:25:00,LONG,2025-12-05 20:42:00,4279.5,4243.5808,4315.4192,4337.6173,2025-12-08 07:46:00,4337.6173,GRID_B_FULL_TP,1.249,1.309,True,False,True,2025-12,2025,12,Q4
YDEX,2025-12-12 23:00:00,2025-12-13 00:30:00,SHORT,2025-12-13 00:44:00,4282.75,4294.4241,4271.0759,4263.8613,2025-12-13 02:55:00,4294.4241,INITIAL_STOP,-1.183,0.0,True,False,True,2025-12,2025,12,Q4
YDEX,2025-12-15 03:55:00,2025-12-15 04:05:00,SHORT,2025-12-15 04:20:00,4294.5,4303.4417,4285.5583,4280.0322,2025-12-15 05:40:00,4303.4417,INITIAL_STOP,-1.24,0.0,False,False,True,2025-12,2025,12,Q4
YDEX,2025-12-19 10:30:00,2025-12-19 11:10:00,LONG,2025-12-19 11:29:00,4466.75,4410.2999,4523.2001,4558.0863,2025-12-19 13:50:00,4410.2999,INITIAL_STOP,-1.04,0.0,True,False,True,2025-12,2025,12,Q4
YDEX,2025-12-23 09:15:00,2025-12-23 10:10:00,LONG,2025-12-23 10:37:00,4430.0,4415.855,4444.145,4452.8866,2025-12-23 11:55:00,4452.8866,GRID_B_FULL_TP,1.152,1.309,True,False,True,2025-12,2025,12,Q4
YDEX,2025-12-28 16:05:00,2025-12-28 17:15:00,LONG,2025-12-28 17:21:00,4586.25,4536.6206,4635.8794,4666.5503,2025-12-29 08:59:00,4666.5503,GRID_B_FULL_TP,1.263,1.309,True,False,True,2025-12,2025,12,Q4
YDEX,2025-12-29 04:05:00,2025-12-29 05:25:00,LONG,2025-12-29 06:04:00,4577.75,4559.6334,4595.8666,4607.0627,2025-12-29 08:19:00,4607.0627,GRID_B_FULL_TP,1.183,1.309,False,False,True,2025-12,2025,12,Q4
YDEX,2025-12-31 03:50:00,2025-12-31 04:20:00,LONG,2025-12-31 04:26:00,4577.5,4560.1337,4594.8663,4605.5986,2025-12-31 04:39:00,4560.1337,INITIAL_STOP,-1.132,0.0,False,False,True,2025-12,2025,12,Q4
YDEX,2025-12-31 20:45:00,2026-01-01 23:15:00,LONG,2026-01-01 23:25:00,4565.75,4557.1514,4574.3486,4579.6626,2026-01-01 23:31:00,4568.0329,BE_STOP,0.235,0.5,False,False,True,2026-01,2026,1,Q1
YDEX,2026-01-01 23:00:00,2026-01-01 23:15:00,LONG,2026-01-01 23:25:00,4565.75,4526.6514,4604.8486,4629.0116,2026-01-02 23:01:00,4568.0329,BE_STOP,0.442,0.5,False,False,True,2026-01,2026,1,Q1
YDEX,2026-01-06 06:20:00,2026-01-06 07:05:00,SHORT,2026-01-06 08:06:00,4516.0,4530.274,4501.726,4492.9047,2026-01-06 12:02:00,4492.9047,GRID_B_FULL_TP,1.151,1.309,True,False,True,2026-01,2026,1,Q1
YDEX,2026-01-12 13:10:00,2026-01-12 13:25:00,SHORT,2026-01-12 13:32:00,4492.25,4514.7384,4469.7616,4455.8638,2026-01-12 20:42:00,4490.0039,BE_STOP,0.4,0.5,True,False,True,2026-01,2026,1,Q1
YDEX,2026-01-16 23:00:00,2026-01-17 00:00:00,LONG,2026-01-17 00:37:00,4655.25,4594.0171,4716.4829,4754.3248,2026-01-19 19:36:00,4671.0,TIMEOUT,0.219,0.0,True,False,True,2026-01,2026,1,Q1
YDEX,2026-01-18 14:50:00,2026-01-18 15:10:00,SHORT,2026-01-18 15:47:00,4630.5,4640.4457,4620.5543,4614.4078,2026-01-18 16:53:00,4640.4457,INITIAL_STOP,-1.233,0.0,True,False,True,2026-01,2026,1,Q1
YDEX,2026-01-23 06:50:00,2026-01-23 07:15:00,LONG,2026-01-23 07:31:00,4740.5,4721.8893,4759.1107,4770.6122,2026-01-23 10:09:00,4742.8702,BE_STOP,0.373,0.5,True,False,True,2026-01,2026,1,Q1
YDEX,2026-01-27 13:55:00,2026-01-27 14:10:00,SHORT,2026-01-27 14:15:00,4744.75,4757.1171,4732.3829,4724.74,2026-01-27 16:07:00,4757.1171,INITIAL_STOP,-1.192,0.0,True,False,True,2026-01,2026,1,Q1
YDEX,2026-02-03 09:00:00,2026-02-03 09:10:00,LONG,2026-02-03 09:55:00,4743.75,4725.8844,4761.6156,4772.6566,2026-02-03 13:04:00,4725.8844,INITIAL_STOP,-1.133,0.0,True,False,True,2026-02,2026,2,Q1
YDEX,2026-02-04 20:35:00,2026-02-05 04:05:00,SHORT,2026-02-05 04:12:00,4699.5,4710.0493,4688.9507,4682.4313,2026-02-05 05:22:00,4682.4313,GRID_B_FULL_TP,1.086,1.309,True,False,True,2026-02,2026,2,Q1
YDEX,2026-02-06 23:00:00,2026-02-06 23:20:00,SHORT,2026-02-06 23:25:00,4611.75,4636.9176,4586.5824,4571.0288,2026-02-07 23:00:00,4571.0288,GRID_B_FULL_TP,1.217,1.309,True,False,True,2026-02,2026,2,Q1
YDEX,2026-02-08 07:05:00,2026-02-08 08:10:00,SHORT,2026-02-08 08:17:00,4605.25,4619.4079,4591.0921,4582.3426,2026-02-08 16:05:00,4602.9474,BE_STOP,0.337,0.5,True,False,True,2026-02,2026,2,Q1
YDEX,2026-02-13 13:35:00,2026-02-13 14:20:00,LONG,2026-02-13 14:38:00,4800.5,4779.2993,4821.7007,4834.8028,2026-02-13 18:34:00,4834.8028,GRID_B_FULL_TP,1.196,1.309,True,False,True,2026-02,2026,2,Q1
YDEX,2026-02-14 23:00:00,2026-02-15 00:10:00,LONG,2026-02-15 00:32:00,4836.25,4813.2456,4859.2544,4873.4711,2026-02-15 01:23:00,4838.6681,BE_STOP,0.395,0.5,True,False,True,2026-02,2026,2,Q1
YDEX,2026-02-15 04:35:00,2026-02-15 05:15:00,LONG,2026-02-15 05:28:00,4842.5,4818.7362,4866.2638,4880.9497,2026-02-16 04:08:00,4880.9497,GRID_B_FULL_TP,1.207,1.309,False,False,True,2026-02,2026,2,Q1
YDEX,2026-02-16 04:00:00,2026-02-16 04:45:00,LONG,2026-02-16 05:04:00,4877.75,4839.6834,4915.8166,4939.3418,2026-02-16 07:14:00,4880.1889,BE_STOP,0.436,0.5,False,False,True,2026-02,2026,2,Q1
YDEX,2026-02-16 08:40:00,2026-02-16 09:05:00,LONG,2026-02-16 10:25:00,4858.75,4833.2119,4884.2881,4900.0707,2026-02-16 12:41:00,4900.0707,GRID_B_FULL_TP,1.214,1.309,True,False,True,2026-02,2026,2,Q1
YDEX,2026-02-17 08:05:00,2026-02-17 08:35:00,LONG,2026-02-17 09:26:00,4823.25,4804.7651,4841.7349,4853.1585,2026-02-17 09:32:00,4853.1585,GRID_B_FULL_TP,1.179,1.309,True,False,True,2026-02,2026,2,Q1
YDEX,2026-02-20 14:15:00,2026-02-20 14:30:00,SHORT,2026-02-20 14:36:00,4800.0,4811.2,4788.8,4781.8784,2026-02-20 15:02:00,4797.6,BE_STOP,0.286,0.5,False,False,True,2026-02,2026,2,Q1
YDEX,2026-02-20 23:00:00,2026-02-20 23:10:00,SHORT,2026-02-21 00:13:00,4805.0,4821.2075,4788.7925,4778.7763,2026-02-21 07:44:00,4802.5975,BE_STOP,0.352,0.5,True,False,True,2026-02,2026,2,Q1
YDEX,2026-03-01 16:05:00,2026-03-01 16:20:00,SHORT,2026-03-01 16:25:00,4742.75,4884.1141,4601.3859,4514.0228,2026-03-04 15:30:00,4553.0,TIMEOUT_P50,1.154,0.5,True,False,True,2026-03,2026,3,Q1
YDEX,2026-03-02 09:05:00,2026-03-02 09:20:00,SHORT,2026-03-02 09:41:00,4711.5,4726.0673,4696.9327,4687.9302,2026-03-02 09:45:00,4726.0673,INITIAL_STOP,-1.162,0.0,True,False,True,2026-03,2026,3,Q1
YDEX,2026-03-10 15:35:00,2026-03-10 16:05:00,LONG,2026-03-10 16:50:00,4551.75,4539.6724,4563.8276,4571.2916,2026-03-10 20:37:00,4571.2916,GRID_B_FULL_TP,1.121,1.309,True,False,True,2026-03,2026,3,Q1
YDEX,2026-03-14 23:00:00,2026-03-14 23:45:00,SHORT,2026-03-14 23:58:00,4509.75,4536.7646,4482.7354,4466.0403,2026-03-17 04:00:00,4507.4951,BE_STOP,0.417,0.5,True,False,True,2026-03,2026,3,Q1
YDEX,2026-03-16 15:45:00,2026-03-16 16:05:00,SHORT,2026-03-16 16:13:00,4498.75,4508.7481,4488.7519,4482.573,2026-03-17 04:00:00,4496.5006,BE_STOP,0.275,0.5,True,False,True,2026-03,2026,3,Q1
YDEX,2026-03-18 11:50:00,2026-03-18 12:20:00,LONG,2026-03-18 12:51:00,4543.0,4528.1855,4557.8145,4566.9699,2026-03-18 13:00:00,4528.1855,INITIAL_STOP,-1.153,0.0,True,False,True,2026-03,2026,3,Q1
YDEX,2026-03-21 23:00:00,2026-03-21 23:30:00,SHORT,2026-03-21 23:47:00,4412.5,4443.1187,4381.8813,4362.9589,2026-03-23 08:15:00,4362.9589,GRID_B_FULL_TP,1.237,1.309,True,False,True,2026-03,2026,3,Q1
YDEX,2026-03-25 06:25:00,2026-03-25 07:20:00,SHORT,2026-03-25 08:55:00,4326.25,4350.4894,4302.0106,4287.0307,2026-03-25 11:16:00,4350.4894,INITIAL_STOP,-1.089,0.0,True,False,True,2026-03,2026,3,Q1
YDEX,2026-03-27 04:00:00,2026-03-27 04:30:00,SHORT,2026-03-27 04:57:00,4268.25,4292.4024,4244.0976,4229.1715,2026-03-27 06:55:00,4292.4024,INITIAL_STOP,-1.088,0.0,False,False,True,2026-03,2026,3,Q1
YDEX,2026-03-27 23:00:00,2026-03-27 23:15:00,SHORT,2026-03-27 23:26:00,4238.5,4258.8578,4218.1422,4205.5612,2026-03-28 16:01:00,4258.8578,INITIAL_STOP,-1.104,0.0,True,False,True,2026-03,2026,3,Q1
YDEX,2026-03-29 02:00:00,2026-03-29 03:00:00,SHORT,2026-03-29 03:08:00,4245.75,4256.8686,4234.6314,4227.7601,2026-03-29 09:10:00,4243.6271,BE_STOP,0.309,0.5,False,False,True,2026-03,2026,3,Q1
YDEX,2026-03-29 16:00:00,2026-03-29 16:25:00,SHORT,2026-03-29 16:35:00,4248.75,4269.8731,4227.6269,4214.5728,2026-03-30 09:12:00,4246.6256,BE_STOP,0.399,0.5,True,False,True,2026-03,2026,3,Q1
YDEX,2026-03-30 17:40:00,2026-03-30 18:40:00,LONG,2026-03-30 19:12:00,4281.75,4267.0774,4296.4226,4305.4903,2026-03-31 06:49:00,4305.4903,GRID_B_FULL_TP,1.163,1.309,True,False,True,2026-03,2026,3,Q1
YDEX,2026-04-03 23:00:00,2026-04-03 23:40:00,SHORT,2026-04-03 23:53:00,4148.5,4176.2227,4120.7773,4103.6446,2026-04-04 16:00:00,4176.2227,INITIAL_STOP,-1.075,0.0,True,False,True,2026-04,2026,4,Q2
YDEX,2026-04-05 16:00:00,2026-04-05 16:55:00,SHORT,2026-04-05 17:20:00,4141.25,4176.2119,4106.2881,4084.6817,2026-04-06 09:00:00,4176.2119,INITIAL_STOP,-1.059,0.0,True,False,True,2026-04,2026,4,Q2
YDEX,2026-04-13 06:25:00,2026-04-13 06:40:00,SHORT,2026-04-13 06:52:00,4148.25,4164.7224,4131.7776,4121.5977,2026-04-13 07:33:00,4121.5977,GRID_B_FULL_TP,1.183,1.309,True,False,True,2026-04,2026,4,Q2
YDEX,2026-04-17 07:10:00,2026-04-17 08:20:00,LONG,2026-04-17 09:13:00,4257.5,4244.6138,4270.3862,4278.35,2026-04-17 11:23:00,4278.35,GRID_B_FULL_TP,1.144,1.309,True,False,True,2026-04,2026,4,Q2
YDEX,2026-04-18 23:00:00,2026-04-18 23:20:00,LONG,2026-04-19 00:07:00,4295.5,4270.5567,4320.4433,4335.8582,2026-04-20 08:30:00,4270.5567,INITIAL_STOP,-1.086,0.0,True,False,True,2026-04,2026,4,Q2
YDEX,2026-04-21 10:50:00,2026-04-21 11:15:00,LONG,2026-04-21 11:22:00,4312.0,4293.532,4330.468,4341.8812,2026-04-21 14:29:00,4341.8812,GRID_B_FULL_TP,1.192,1.309,True,False,True,2026-04,2026,4,Q2
YDEX,2026-04-29 06:55:00,2026-04-29 07:25:00,SHORT,2026-04-29 07:34:00,4074.5,4095.1118,4053.8882,4041.1502,2026-04-29 10:42:00,4041.1502,GRID_B_FULL_TP,1.21,1.309,True,False,True,2026-04,2026,4,Q2
YDEX,2026-05-12 05:35:00,2026-05-12 06:25:00,LONG,2026-05-12 06:30:00,4101.75,4094.3474,4109.1526,4113.7274,2026-05-12 07:09:00,4113.7274,GRID_B_FULL_TP,1.032,1.309,False,False,True,2026-05,2026,5,Q2
YDEX,2026-05-12 06:15:00,2026-05-12 06:25:00,LONG,2026-05-12 06:30:00,4101.75,4087.3474,4116.1526,4125.0534,2026-05-12 07:39:00,4125.0534,GRID_B_FULL_TP,1.167,1.309,True,False,True,2026-05,2026,5,Q2
YDEX,2026-05-22 23:00:00,2026-05-22 23:20:00,SHORT,2026-05-22 23:26:00,4033.25,4046.5499,4019.9501,4011.7308,2026-05-24 04:49:00,4031.2334,BE_STOP,0.348,0.5,True,False,True,2026-05,2026,5,Q2
YDEX,2026-06-01 10:10:00,2026-06-01 11:05:00,LONG,2026-06-01 11:13:00,4022.75,4007.9659,4037.5341,4046.6707,2026-06-01 11:54:00,4007.9659,INITIAL_STOP,-1.136,0.0,True,False,True,2026-06,2026,6,Q2
YDEX,2026-06-09 06:10:00,2026-06-09 06:30:00,SHORT,2026-06-09 08:04:00,3901.75,3910.3526,3893.1474,3887.831,2026-06-09 08:09:00,3899.7991,BE_STOP,0.273,0.5,True,False,True,2026-06,2026,6,Q2
YDEX,2026-06-10 06:15:00,2026-06-10 06:55:00,LONG,2026-06-10 07:00:00,3961.5,3950.0577,3972.9423,3980.0136,2026-06-10 07:08:00,3980.0136,GRID_B_FULL_TP,1.136,1.309,True,False,True,2026-06,2026,6,Q2
YDEX,2026-06-17 10:35:00,2026-06-17 11:05:00,SHORT,2026-06-17 11:27:00,4038.0,4059.557,4016.443,4003.1208,2026-06-17 13:29:00,4059.557,INITIAL_STOP,-1.094,0.0,True,False,True,2026-06,2026,6,Q2
YDEX,2026-06-20 04:20:00,2026-06-20 05:45:00,SHORT,2026-06-20 06:25:00,3924.25,3932.3864,3916.1136,3911.0853,2026-06-20 06:57:00,3922.2879,BE_STOP,0.259,0.5,False,False,True,2026-06,2026,6,Q2
YDEX,2026-06-20 05:05:00,2026-06-20 05:45:00,SHORT,2026-06-20 06:25:00,3924.25,3941.8864,3906.6136,3895.7143,2026-06-20 23:07:00,3922.2879,BE_STOP,0.389,0.5,False,False,True,2026-06,2026,6,Q2
YDEX,2026-06-27 07:25:00,2026-06-27 08:05:00,LONG,2026-06-27 08:58:00,3590.5,3583.6143,3597.3857,3601.6411,2026-06-27 09:14:00,3583.6143,INITIAL_STOP,-1.261,0.0,True,False,True,2026-06,2026,6,Q2
YDEX,2026-06-30 06:40:00,2026-06-30 06:50:00,LONG,2026-06-30 07:01:00,3624.75,3607.5629,3641.9371,3652.5588,2026-06-30 07:21:00,3652.5588,GRID_B_FULL_TP,1.204,1.309,True,False,True,2026-06,2026,6,Q2
YDEX,2026-07-03 11:35:00,2026-07-03 12:10:00,SHORT,2026-07-03 12:17:00,3491.75,3515.2376,3468.2624,3453.747,2026-07-03 12:30:00,3515.2376,INITIAL_STOP,-1.074,0.0,False,False,True,2026-07,2026,7,Q3
YDEX,2026-07-06 11:00:00,2026-07-06 11:15:00,SHORT,2026-07-06 11:28:00,3476.5,3489.7148,3463.2852,3455.1185,2026-07-06 12:25:00,3474.7618,BE_STOP,0.368,0.5,True,False,True,2026-07,2026,7,Q3
YDEX,2026-07-07 07:10:00,2026-07-07 07:50:00,SHORT,2026-07-07 08:13:00,3404.25,3413.1064,3395.3936,3389.9204,2026-07-07 08:19:00,3402.5479,BE_STOP,0.308,0.5,True,False,True,2026-07,2026,7,Q3
YDEX,2026-07-07 07:15:00,2026-07-07 07:50:00,SHORT,2026-07-07 08:13:00,3404.25,3425.1064,3383.3936,3370.5044,2026-07-07 09:05:00,3402.5479,BE_STOP,0.418,0.5,True,False,True,2026-07,2026,7,Q3
YDEX,2026-07-07 14:30:00,2026-07-07 14:40:00,SHORT,2026-07-07 14:45:00,3446.75,3475.1701,3418.3299,3400.7662,2026-07-07 15:00:00,3475.1701,INITIAL_STOP,-1.061,0.0,True,False,True,2026-07,2026,7,Q3
YDEX,2026-07-07 17:40:00,2026-07-07 18:10:00,SHORT,2026-07-07 19:08:00,3470.5,3516.7058,3424.2942,3395.7391,2026-07-08 08:33:00,3516.7058,INITIAL_STOP,-1.038,0.0,True,False,True,2026-07,2026,7,Q3
YDEX,2026-07-08 10:50:00,2026-07-08 11:30:00,LONG,2026-07-08 11:46:00,3498.5,3479.2523,3517.7477,3529.6429,2026-07-08 12:39:00,3529.6429,GRID_B_FULL_TP,1.218,1.309,True,False,True,2026-07,2026,7,Q3
YDEX,2026-07-10 05:55:00,2026-07-10 06:05:00,LONG,2026-07-10 07:08:00,3568.0,3549.148,3586.852,3598.5025,2026-07-10 07:56:00,3569.784,BE_STOP,0.405,0.5,False,False,True,2026-07,2026,7,Q3
YDEX,2026-07-13 20:10:00,2026-07-14 04:05:00,LONG,2026-07-14 04:15:00,3626.5,3601.5602,3651.4398,3666.8525,2026-07-14 09:51:00,3628.3133,BE_STOP,0.427,0.5,True,False,True,2026-07,2026,7,Q3
YDEX,2026-07-15 10:15:00,2026-07-15 10:30:00,SHORT,2026-07-15 10:37:00,3524.0,3544.786,3503.214,3490.3683,2026-07-15 11:00:00,3490.3683,GRID_B_FULL_TP,1.224,1.309,True,False,True,2026-07,2026,7,Q3
YDEX,2026-07-18 05:30:00,2026-07-18 06:55:00,SHORT,2026-07-18 07:01:00,3234.0,3260.851,3207.149,3190.5551,2026-07-18 07:12:00,3232.383,BE_STOP,0.44,0.5,False,False,True,2026-07,2026,7,Q3
YDEX,2026-07-18 08:25:00,2026-07-18 09:10:00,SHORT,2026-07-18 10:45:00,3250.75,3267.8761,3233.6239,3223.0399,2026-07-18 14:27:00,3249.1246,BE_STOP,0.405,0.5,True,False,True,2026-07,2026,7,Q3
YDEX,2026-07-22 04:10:00,2026-07-22 04:50:00,LONG,2026-07-22 04:55:00,3579.0,3565.6315,3592.3685,3600.6302,2026-07-22 05:18:00,3565.6315,INITIAL_STOP,-1.134,0.0,False,False,True,2026-07,2026,7,Q3
YDEX,2026-07-22 05:55:00,2026-07-22 06:20:00,LONG,2026-07-22 06:29:00,3558.75,3533.1619,3584.3381,3600.1516,2026-07-22 07:34:00,3560.5294,BE_STOP,0.43,0.5,False,False,True,2026-07,2026,7,Q3
YDEX,2026-07-24 10:30:00,2026-07-24 11:20:00,SHORT,2026-07-24 11:27:00,3630.0,3712.445,3547.555,3496.604,2026-07-24 13:18:00,3712.445,INITIAL_STOP,-1.022,0.0,True,False,True,2026-07,2026,7,Q3
YDEX,2026-08-04 03:55:00,2026-08-04 04:30:00,SHORT,2026-08-04 04:44:00,3971.75,3988.4576,3955.0424,3944.7171,2026-08-04 07:14:00,3944.7171,GRID_B_FULL_TP,1.19,1.309,False,False,True,2026-08,2026,8,Q3
YDEX,2026-08-04 04:00:00,2026-08-04 04:30:00,SHORT,2026-08-04 04:44:00,3971.75,3994.9576,3948.5424,3934.2001,2026-08-04 07:18:00,3934.2001,GRID_B_FULL_TP,1.223,1.309,False,False,True,2026-08,2026,8,Q3
YDEX,2026-08-07 04:05:00,2026-08-07 04:25:00,SHORT,2026-08-07 04:30:00,4042.5,4059.5637,4025.4363,4014.8909,2026-08-07 07:47:00,4040.4788,BE_STOP,0.382,0.5,False,False,True,2026-08,2026,8,Q3
YDEX,2026-08-10 14:35:00,2026-08-10 15:00:00,SHORT,2026-08-10 15:07:00,3982.0,4003.473,3960.527,3947.2567,2026-08-11 04:00:00,4003.473,INITIAL_STOP,-1.093,0.0,True,False,True,2026-08,2026,8,Q3
YDEX,2026-08-17 13:20:00,2026-08-17 13:45:00,SHORT,2026-08-17 14:13:00,3624.75,3635.4371,3614.0629,3607.4582,2026-08-17 14:26:00,3607.4582,GRID_B_FULL_TP,1.139,1.309,False,False,True,2026-08,2026,8,Q3
YDEX,2026-08-18 07:30:00,2026-08-18 07:40:00,SHORT,2026-08-18 07:53:00,3616.25,3633.4244,3599.0756,3588.4619,2026-08-18 08:19:00,3614.4419,BE_STOP,0.395,0.5,True,False,True,2026-08,2026,8,Q3
YDEX,2026-08-19 07:30:00,2026-08-19 07:50:00,LONG,2026-08-19 08:06:00,3692.0,3685.962,3698.038,3701.7695,2026-08-19 08:07:00,3685.962,INITIAL_STOP,-1.306,0.0,True,False,True,2026-08,2026,8,Q3
YDEX,2026-08-21 06:30:00,2026-08-21 07:20:00,SHORT,2026-08-21 08:39:00,3614.5,3629.4217,3599.5783,3590.3566,2026-08-21 08:40:00,3629.4217,INITIAL_STOP,-1.121,0.0,True,False,True,2026-08,2026,8,Q3
YDEX,2026-08-22 03:45:00,2026-08-22 04:00:00,LONG,2026-08-22 04:07:00,3659.0,3626.5115,3691.4885,3711.5664,2026-08-22 05:33:00,3626.5115,INITIAL_STOP,-1.056,0.0,False,False,True,2026-08,2026,8,Q3
YDEX,2026-08-22 11:45:00,2026-08-22 13:00:00,LONG,2026-08-22 14:11:00,3601.0,3592.5985,3609.4015,3614.5936,2026-08-22 16:02:00,3602.8005,BE_STOP,0.286,0.5,True,False,True,2026-08,2026,8,Q3
YDEX,2026-08-22 16:00:00,2026-08-22 16:40:00,LONG,2026-08-22 16:47:00,3605.5,3584.5918,3626.4082,3639.3295,2026-08-23 03:17:00,3584.5918,INITIAL_STOP,-1.086,0.0,True,False,True,2026-08,2026,8,Q3
YDEX,2026-08-23 03:15:00,2026-08-23 03:45:00,LONG,2026-08-23 04:07:00,3592.0,3571.112,3612.888,3625.7968,2026-08-23 07:03:00,3593.796,BE_STOP,0.414,0.5,False,False,True,2026-08,2026,8,Q3
YDEX,2026-08-23 17:40:00,2026-08-23 17:55:00,SHORT,2026-08-23 18:26:00,3603.75,3613.4056,3594.0944,3588.1272,2026-08-24 03:59:00,3588.1272,GRID_B_FULL_TP,1.122,1.309,False,False,True,2026-08,2026,8,Q3
YDEX,2026-08-24 14:55:00,2026-08-24 15:10:00,SHORT,2026-08-24 15:27:00,3484.5,3517.7267,3451.2733,3430.7391,2026-08-25 04:17:00,3517.7267,INITIAL_STOP,-1.052,0.0,True,False,True,2026-08,2026,8,Q3
YDEX,2026-08-25 11:40:00,2026-08-25 11:50:00,SHORT,2026-08-25 12:00:00,3491.0,3506.7365,3475.2635,3465.5383,2026-08-25 12:33:00,3506.7365,INITIAL_STOP,-1.111,0.0,False,False,True,2026-08,2026,8,Q3
YDEX,2026-08-29 23:05:00,2026-08-29 23:45:00,SHORT,2026-08-30 01:10:00,3487.75,3494.2316,3481.2684,3477.2627,2026-08-30 01:23:00,3486.0061,BE_STOP,0.231,0.5,True,False,True,2026-08,2026,8,Q3
YDEX,2026-09-01 04:30:00,2026-09-01 04:55:00,LONG,2026-09-01 05:08:00,3542.25,3515.1866,3569.3134,3586.0385,2026-09-01 07:23:00,3586.0385,GRID_B_FULL_TP,1.244,1.309,False,False,True,2026-09,2026,9,Q3
YDEX,2026-09-01 16:35:00,2026-09-01 16:50:00,LONG,2026-09-01 17:09:00,3589.5,3575.6157,3603.3843,3611.9647,2026-09-01 17:17:00,3611.9647,GRID_B_FULL_TP,1.18,1.309,True,False,True,2026-09,2026,9,Q3
YDEX,2026-09-06 16:00:00,2026-09-06 16:25:00,SHORT,2026-09-06 16:42:00,3726.0,3788.089,3663.911,3625.54,2026-09-07 09:25:00,3788.089,INITIAL_STOP,-1.03,0.0,True,False,True,2026-09,2026,9,Q3
YDEX,2026-09-08 07:00:00,2026-09-08 08:10:00,LONG,2026-09-08 08:25:00,3826.0,3818.761,3833.239,3837.7127,2026-09-08 08:27:00,3818.761,INITIAL_STOP,-1.264,0.0,True,False,True,2026-09,2026,9,Q3
